id,name
c77631ca4f0e08419b70726a447333ab6,This
cad1ec60c9e1f10f6a9f5d9f2c5254bc6,Technical
c4b1b4dc8cf38b3c64b1d657da8f5ac8c,Report
c2806259c227f694c678ec9444aec2042,College
cce7898536dd0e928d1640ee2ad531cc8,Multi
c6ac2c127cbb7707592bcaf9933ec7560,Key Words: Parallel systems
ca164e3a28eaaf9323117f0e3ba10971a,performance metrics
c05a24c5bf51549bede9ad4505e1cb41f,performance evaluation
c79690bb5e3d28dba2158c96525905bbf,experimentation
c026a75fe322349db0ce07e368ee97a22,theoretical/analytical models
c9e083ec666c9f3db044bb7c381640227,simulation
cb5cd6d93104fbee24b556a3998163c80,Abstracting
ccddff03c33e8452baacd762e4c6d26e0,current and future generation DSM systems
cdaab5589b939c1384b9c367775d6bce8,Multiprocessor Systems
c7f504aed78b58af4c778342c89acb956,Scalable Systems
cd2091ba3a246a466a754a7e8d3bcfd96,Clustered Architectures
c343c918d0780e3980996b722026bcfdb,Hierarchical Organization
c286efc868b65de8a4f3be985bed00336,k-ary n-cube Interconnection
cd24003e86eb9dbd1471fdb6398184d0a,Packaging Constraints
cf286606c1500b7d801907263afbd90fc,Parallel Architectures
cfbb725b92cd9f96718d58346b4cc0df1,Interconnection Networks
c8242b65442bb32c3eb7cf13536aac810,Mohammad
cb72e9d82e12d410ff126a553860407e6,Banikazemi
c03f8e154b1ff9a18c1a238a42e558f1a,Vijay
ce5d284b6015067eaa11e06b809fe6f13,Ram
c32bba56f5753fec52f0dc3fa334e6a51,Kesavan
c7092783cd3b67372ff88fa3d2744f685,Dhabaleswar
cfae737cad0ab4e95a2de29b283ff08b1,Debashis
c55cf92a75dee32bf7dc3f645f7e67bc1,Basak
c88a1972f21fea5cf8a1b3a77f681a47f,Donglai
c2c27f527571abefdf54480d3f2e4295d,Dai
c679310a95d28d9a928a0eb6960d3ea27,EEG
c5b5de8fb97c533030e2a75189f94271f,power spectrum
cb1bfdef67652915cea5f7079ea74f029,alertness
c7c19187658a47ad3a75437e4ef5a62f6,neural networks
c41c24e5d6f47dd118f9357797eb47539,vigilance
c9700af39b59f0c84b11b49ff5945c8b2,neural human-system interfaces
c4d3d769b812b6faa6b76e1a8abaece2d,Active
c41de6d6cfb8953c021bbe4ba0701c8a1,Messages
c8f4a3a739447ed91f180767d3b63749d,Categories and Subject Descriptors: E
c4b7a2b2884f41c9f1806e5d5f6f370e8,Categories and Subject Descriptors: E.5 [Data]: files
c0868818ce8ef52a4e3d1a30398e1a608,retrieval
c9cf0fad66f27ca22b7ee721d5413ea62,searching
c8b4939bcf8f2d06f72b94cc1bd204569,sorting
cc1d9f50f86825a1a2302ec2449c17196,H
c810633c6cb5b721a84d666a06f9ac9fe,H.2
c0b0dae5d13438370a10972d4486283fa,H.2.4 [Database Management]: query processing
ca115626031f948d915fa05879129a39b,query evaluation algorithms
cecfbc67e60dbb7b56721dc8e546b2a9a,parallelism
c510050a4b4f0428913506ce624d11fc3,systems architecture
ce9e9ff522cae2cb6bf601cf6bb421417,systems architecture.General Terms: Software
cefe79c321127e9bcc1ad7f6956d52ca6,architecture
c66270707424a729c3e557fceb03f45c9,algorithms
cc05f6c233521207f6fe311afef550c3c,performance
ceeabb1563a66e513135facdcfbc9d1a7,performance.Additional Keywords and Phrases: Relational
ccb9e3624404af6e2ec52e3a39d5358a7,Extensible
c36d17f2291ddbf6cb71693d0d0ac9a3c,and Object-Oriented Database Systems
c523a8681903bcf53bace35316c86fe33,Iterators
cf58b558dab5437b170ae3c49cabfd93d,Complex Query Evaluation Plans
c60f6cbf7707bdf06149ca3eecd6da5bf,Set Matching Algorithms
cd86bae57ea5ec23788b730b29ce7e722,Sort-Hash Duality
c027921bc15a48f3e3a2c38adb5663742,Dynamic Query Evaluation Plans
c7161273ab565dbe388c0dec010bd6c43,Operator Model of Parallelization
c1c501f65a338df42b5f259b7d0903373,Parallel Algorithms
c5ebca6d9027184378aa95cd13a3b9626,Emerging Database Application Domains
ccc5d90569e1c8313c2b1c2aab1401174,September
c92e639d3d5951901965d62b0075096c6,Wolfie
c8af0f5c3edad8d8e158ff27b9f03afac,Learning
ca4704fd35f0308287f2937ba3eccf5fe,The
c1de0cc94f381baa599628e43cbf815e0,Several
c1d17cb9923b99f823da9f5a16dc460e5,Department
c181900dad960beccb34f53c4e0ff4647,Computer
ced048ecb34024ea59fc19f53a6e55372,Sciences
cac579bdd709aac10eef3672da2151064,Comparative
c66c153dffffacb388f200aadb1dba1fd,Traditionally
c3897b7e19d693c2555dc02e33c3f72de,expert system
c0e23b00f4cf250343b932db6c147d5e7,operations system
cbd6aac0607722eefb1b9c79b034b35a9,real-time monitoring
c75501ebe47909929fcc2b6fe8541595c,causal models
c24f5e1353558af5555203395ccee1175,Qualitative
c6719658521aa3b81bf4fbbb4b085998d,Commonsense
c4f76a9a57d76ee277a3334513e0c92da,Could
cc8a787feee668f698f47e3dad6e88abd,The Spatial Semantic Hierarchy
cadbea8abd2b9d7e42e912318c9962e24,Qportrait
cfd69c5cf902969e6fb71d043085ddee6,Results
c05aeba473f4906b85c7627ba045e890a,Experiment
ceae639a70006feff484a39363c977e24,Domain
c6e0d8d1239cb1f2a2d1c495c6b2fbf61,Prism
c74575b23d5305310e904f87eb02ff980,Benchmark
c39e61d57e9209611edd4f884e9e47c11,For
caada29daee1d64ed0fe907043855cb7e,Two
cc21f94bde3dcc2354b4d64b92d82b5c9,Monte
c2a5a93caf31cbc3e2b9073d7e7c7dd70,Carlo
c3d6237b7105f7861804038f71dd6a550,Independence
ced5dea09095f671b801bee34ea28a319,Permission
c4b74ce8aa6f3f2a4b7661e5386727ed8,Key words: Bias
cf70cf526b32d5c73a944d9850b898355,generalization
c75e4d7d5ed80f2bb4c31b6b5a8dfc04b,inductive learning
c4ec11f77959aa210715c570615c2c517,conservation law of generalization
cc6d1054297d790309069f1eaad03290e,Neural Network Machine Learning Laboratory World-Wide Web: http://axon
c23e1bef1e2fd14b812974507b2862dad,Neural Network Machine Learning Laboratory World-Wide Web: http://axon.cs
c6cccbbddbd8bc0654b0ae2b61fa2c946,Neural Network Machine Learning Laboratory World-Wide Web: http://axon.cs.byu
c014f2d79a668b9a3f8fe6ec8acda6722,Neural Network Machine Learning Laboratory World-Wide Web: http://axon.cs.byu.edu  Key words: exemplar
c0517409e7f284918978d3b4715a24077,nearest neighbor
c0416ec83c462b4cf701f238a232e92fd,instance-based learning
c6e4e50e38fdf94b800891c532bf2f5e7,pruning
c63f69c7f958795918b41fbcd71a8c811,classification
cdbd1d39db6a02c12d8934123bb2153e9,Alewife
cf447ac856e7e72435904956e3b15f433,Region
c4d70254b3a8e2bc38b6147fa6ee813be,Library
cc076e4fd1559721e171432e66b70a487,Motivation
c6070c50fbf0860ece540ba003386b27b,Boosting
c00b18c913b33fadf282636d1005e6725,Ensemble Averaging
c0312d03745ebb81310750702d5dea1eb,Mixture of Experts
c17ffd0ef72f7221866283fdda8cb13f7,PAC Learning
ca7b261cffcb91a7b49b72db93b2d0b5b,Regression Estimators
c82cc40e511dff1d8762a2bad249848ac,Time series
c489ce18e2a9d9c96cc68cf2283ab5fbc,Runing head: Biasing Neural Networks Keywords: Imposing Bias on NN
c988f62c7de623c3c3118a4b03d575cef,Multiple Task Training
ca49caba389480a6444ca610bc95b6b9e,Transfer in NN
cd4c1a1d866413440ecbd3cba7da8548c,Key words: Face recognition
c87a926fa02814f839f65d546ba199187,Interest points
ced9f98665dc9109ece82c491b6613c54,Symmetry operator
c8ddf793655a47d1de2721e32313ebf36,Artificial
cbc83e5040eb0fecf47cfacaa19297b4b,Neural
ceec89088ee408b80387155272b113256,Network
c99442e94b8aedfaff00e0752719ee7b9,Based
cff369645ae48b998d76f05eafc6c9778,Noise Injection
cf733feceb99d9efb4e1dee5e0f2deea5,Combining Estimators
cd43e4f06a56ce0918ace437dc42ec644,Pattern Classification
c82f6be9d6372dc22a316074cf5f9fe25,Two Spiral Problem Clinical Data Analysis
c93b35952d0f7a6db338dc3cbc4e43df7,Bayesian
c3410e876b1d9070072a6d868c2ea1b08,I/O costs
c627087bd7b87bf459235e616782e864a,Editor: Keywords: data warehouse
c9c4cf325b83d8c0f6f2f0e73ad839457,data consistency
cf114e9e554a7a4345bbefd386435ad18,view maintenance
cffeb4fc5dd5990de8a7996682c739337,data warehouses
c73ee52721c776e368c6f151a598f68c2,materialized views
c90d6d53a98e35cf1f82204ae3ec905b7,index selection
cbe5d5d37542d75f93a87094459f76678,and
c4475404a8e17049853e83d014a833ca1,Rising
c2d5910513ffd90ae13abc145b0806bf5,Derivational
c0819eb30cc2cd18cf6b02042458c5da1,Case
c0dfcf23e6610dd9ef6092e4cfedd7c07,Given
cdb5eb84117d06047c97c9a0191b5fffe,Support
c57dea6f5039281b7fee517fc43bf3110,Vector
c47c954121886a5e5aaca7eece461b56f,Machine
cba19a4e1fc95c073bcc3e70a27bc2e6d,Communication networks
cf152a41501b4203be12acfe6ecbb498e,concurrent computing
c23e76c64b88a2be945bd9e38aac2e009,message-passing multiprocessors
c19fc833ffe525d768089c7327a6e73d5,parallel processing
cf891cf28b7b7f694c2fc13900cc097c3,VLSI
c4c2a8fe7eaf24721cc7a9f0175115bd4,Message
cda9a282bb73782e65519341e726bed9e,Driven
cd41142bc02387f74ecbd1b7ac93ad012,Semantic
c21021ea0e52be8e9c599f4dff41e5be0,Feature
c2fb9d2117d6859403f0c0006311570e6,decision trees
c22fc4f79e25284f0112eb399bdb020a4,Fossil
c8f7ba58961e0fe40cfda61b412537fba,Intelligence
c1e984dbe12c8a779526c498701b8bc73,Knowledge
ca1c4eb450799cb3f30c400d0201414e7,Discovery
ced057d620862f47fc733e5924d89a5d8,Bagging
c1d07814d12178c958e4233501cb0bdc7,Sampling
cc531c613b81400870871e60c6de75e2b,Diversity
cc200c21241fa58ddb8d0804c48e960f8,THE LEARNING PARADIGM
c5ae7fb3197b6fd8c723c7766a5680e2e,Many
c9afc92486c373ac35f7be39094316a36,scalable network
cdcc59d8b549b3c2b072aaab3560b7519,off-line routing
c7ff705aaf4000b2bc64cce359c29d228,Harnessing
c5eef2922bee262fba019bc051ab7de8c,Processors
c089691cab1488b0feaa57d0fd151210c,Advances
c49b9284d2cf6a3f2300eac3e7802d351,Compilers
ce6bec5bc048c16f28ba341f878ce654e,Grant
c1309ae30201ba18bb0fdc17fb203c7e6,sign and learning environment presently under development
ced36a1ef76a59ee3f15180e0441188ad,Any
c8c16cbebef45d87fd2b36ce69f46c526,Distributed
cc7c29966cedca22d62bc4815410b8f69,Consensus
c0407c27180c9b019e644e8ad4c6a9324,Acknowledgements
ce997164d28e898ea31623bb42fc343e8,Transaction-time
ce13223a79bb5368bfed002e1dbaa2869,data models
c695633290d050f31cec0c9d4bd4a57fe,snapshots
c5c9c665908e970ad218c01c19e328216,timeslice
ce1faba7ac7607fae397536ecbb04ab7f,indexing
cec92338454e01e5879d531c66fa83bbb,incremental computation
c9c218a4b61726a7e94f2c627d7ff5ab9,Error Recovery Protocols
c60692ac4b29f7f181feb908005f8ad38,ARQ
c043f6b48c2e0a2a5192e3c5a4d3f2b26,Go-back-N
c815bdfea0fd40befbbf000419b10c799,Window Flow Control
c30665d312a8cbf99c3b6ee5c53dc3aca,Key Words: Shared memory multiprocessors
c93f3ba614b97c37560d023849d8cfea0,Execution-driven simulation
c7cbcfdcf87d8f0574f5da2f08f881e2c,Communication overheads
cc67ad715f61c55552c7b3eae1bccf050,latency tol erating techniques
c26580239d43f65ab9e44760226fd2306,synchronization
cf90dd47c7faf9c90fdfcb084b94fc5bb,Cache coherence protocols
cf5b329d5f0cbdf7bcb584193b8613fa0,Performance measurements
ced5eace1bd098cdced7685864b09c291,Clay
cc8205c7636e728d448c2774e6a4a944b,Internet
cf5a7924e621e84c9280a9a27e1bcb7f6,World
ca0ce26efd4738b4a8699a1db82c50d2a,Speculative
cf5798b58cdb67cc9370cbbea667c2425,formal specification
cd8c6f18b21e2a586a7dd1ca30ad572bf,interactive system design
ca8dce6630ef552d588e0fbe509545b2b,multi-user systems
c43961a39820251b0619d726915bfb0ad,mixed control interaction
ce7c770a61dbdf81ca922ae0260e327c1,Wide
ce48cc1d6de3fcc1aa091284ed706b2fb,Information Visualization
c47324bb669e33ff18ed02e4361ad9c99,World Wide Web
c266a9140df315e9ce427ce42960c8f8c,Hypertext
cae94f80b3ce82062a5dd7815daa04f9d,Complete
c497031794414a552435f90151ac3b54b,Object
c5a35edab0f2bf86dfa3901baa8c235dc,Oriented
c0106b620687d71bcc1981f2737f7fdb8,Model-based user-interface generation
c03c2e7e41ffc181a4e84080b4710e81e,New
c20b64398de39c78c1a1e91fbff9c5b2c,mobile robotics
c55c1920476cbf4c9e621d560535318fe,teleautonomy
caa7f53fc1d857b6e6aafd01e63e8d4d6,feedback control
cd4cc096d148f61230f67c6a72db9398c,GOMS
c16d1034d74164e0d782a4f32f3af3698,Usability
c80bfd26d45327aedb6d9d049a5b151fd,User Interface Design Environment
ca3bc910ac9ad599a5dd6eab32483f077,Interface Evaluation
cb802a6607c7c7fcea0d253ee3b99b2ed,Formal Models of the User
cdd14f9c54fcb95efab4364a1bfe0cd48,UIMS
c799723f39baf497704a3d39e7c03555f,Laplacian
c7679a031a6d06cd7cb185549d365bd8d,Computing Reviews Category C
c554a3a6c599712c7c85457af69ede552,Computing Reviews Category C.2 (Computer-Communication Networks)
c4296eefb440b8ecd06f3672034c05577,Computing Reviews Category C.2 (Computer-Communication Networks).Keywords: distributed computing
c66098970e4357dd62009bc7d2bde9335,distributed databases
c0bfa6cc2d893ad94ba66511282242557,network management
cf5ef7e94c38f27211d8a0a1f1f4fad20,topology update
cef3b209be94f84a3e38cd571d52d4568,routing
c832b64944eab4d40bd15c304d8d52efa,Relaxation
c50c60ac437e4d4ef19c77bdca5bbcf3b,University
c9ac31dfb3a2f5b994f4009eb0a3c0949,Pennsylvania
c16788ee9867e5a2089d3f0ec9cd36216,Physics-based modeling
cf24fb69a34c5f2ca122d6ea6d88847e7,Volumetric de-formable models
cb335048db15be4579eaf89653bdf92ae,Left ventricle (LV)
cd02aa9719af1cb82daa8b514347d5315,Intuitive parameters
c20f3eb767828dd57ff10a1c5dac37b45,Quantitative shape and motion analysis
c68f7f833d4c4c4240816b14045e1f145,Key words: facial animation
c7b5c057fdbccf8ff09a6b9df763ace87,emotion
cb43cf1a9d0a3ef7b2b5e058aebd8354c,intonation
c8ef662aa291f367dd1cfa391b71d1330,coarticulation
c35b2f2c4a5ac9e032358b41503cc6192,conversational signals
c8964278e046e158df9acd830f2da144b,Durbin
c2fc995481e9d6bf427319cb2da009445,Willshaw
c4ec7d9a604a44d67f48d8251edbfb28f,Facial
c004bf6c9a40003140292e97330236c53,Action
c7f4e2480164840822b2ee2bbffe8eaff,Humans
c509820290d57f333403f490dde7316f4,Local
cbfd6faa2dbb028e05c435f23b26528b0,Subjective probability
c70f677a21b03c6b02f78fa6b88bd4f60,normative and descriptive mod els
cb9ed7af5e5f4359075da3c9d090fbec5,heuristics and bias
cdbf184fb8fd5950bc8c25c8151cf7f34,insufficient knowledge and resources
ca6c924647397456ab7006477393ec2ed,non-axiomatic reasoning system
c51f2b7b14433aa22c67d1f4fc18943cd,Sprite
c6d122ee3449a0ef3270d7fc17414301a,Zebra
cc8eb9b484bdb326f9efd74418dd9b1ca,That
c6b53df02056bdf393c74a5c008a6ad3b,PF NP PF NP [kdlog ne 1]
c5c63e983aba43af485fdb759bcb84bd1,then P NP
c782f86dab3644181f614dc64b9708b07,Preference
c35ba1271dff4019593d3034c929e1bbc,Logic
ce6f43c40ab1c07cd29e4e83e4ef6bf85,Programming
cc78bca49a1aa7d0da54cc8e253c59b38,Key Words: Dec
cb08f169fd08c089e3bebacc370696c61,arative semantics
ca61815f6fe8955c9d235d4082e30896b,interpretations
cac5552fd6a3c08ad22387efbe42d137d,models
c59f2da35bcc39525b87932b4cc1f3d68,debugging
c154cde15e236cd0c8374b16617605fb7,incorrectness
c8bb514ba942e8f65c6e6d77f049d0705,incompleteness
c5a1f464f32c4ab9d275fcae2f6d956ef,extensional semantics
cb53bff6b3ef14f90626e0133e42f2e7b,intensional semantics
ccc1ffa7e444f6be1c12716a819bff7e7,Key Words
c2732a90d01770225a43236dac88d8552,Key Words.Computational complexity
c3d1aaca06707cf086774052db4939f05,theory of computation
c482845aaedc8dd588643a7b42acc9cf1,machine models
ccd7240b2bedd82f5cb1683b702709687,Turing machines
c181c968a2d2235ad39bba6fe6fc3e866,random-access machines
c2faa33f84dabf8dc0a86124b26e97d2e,memory hierarchies
cbaac8207650b1095ad00f58097adef01,finite automata
c6392cf301ec9d5ae40116ec2f2843cf7,linear time
c429f8e6e19e3887fdb9b70d9195bb3fd,caching
c4d5cdaeb09f26557fe22b6ff12289344,Preliminary
c9ab545a5ce943f50e5d2f1223ddaf254,Proceedings
c6e599f7a2a9186d391be4537f105be98,Fourth
cbc366f2d0ba3d681e7a3899917c5d3de,Runtime
c482be0da5798aaaecbf7416714e6607f,Incremental
c98402eecfbcefc336954458a01752131,Parallel
c24f47cdbe9ddba774a7cc53e51d9032e,Workflow
cf2481eaec0f0951d6d9bf1f6f10c1833,Approximation Algorithms
c29f96f95c1bdcc7a7bcffd70c98ba25f,Combinatorial Optimization
ccce728dee69a65baf4e6aa6e347620d4,Fractional Set Cover
c3f857d4456c88b1732ce6fd901f7ee38,Greedy Algorithm
c075c0f39db02c85cc897c5684bfb7041,Partial Set Cover
c9c4c4252e83cc8d30ff632712ee6ac94,Set Cover
c971fd8cc345d8bd9f92e9f7d88fdf20c,Dynamic
c10847402c206e5b7f781ca96d9be132c,Cai
c9a595f97916a370f33e9899e1f361983,Selman
c52bfb302990cbb35359e0104a619ce5a,Levin
c4e97aeeaa8b15ca1180fcd1f3ac478d1,When
c1a6c44c3f2d584067dc47c52dcbaba6c,Viewlogic
cd685640410801eb03bb5dcb58186458f,Systems
cb86e128821512e7575cb4fb4a038c971,Inc
ce3be7ec98a36d10bb03caa5f9434de89,Topsy
cef087651eb482bae4624478696f4ad4f,Over
c93c4a933d869a27243edaff79379ca32,Archie
c84fcf5d37086f2a93953734ce8f385b6,Reliable
cbe55b6387170df0ca68f41225268e842,Broadcast
cf4d9eedde330952a2668ec5455700b9e,Transportable
c0ba7583639a274c434bbe6ef797115a4,Register
cc7bc717648ffa408133fa6dd65915ed9,Adding
cc5376d00573c5858adf7ed894d0491b9,Indiana
cd13bc5b68b2bd9e18f29777db17cc563,Common
c36b517451b1e50a8ef9c10c51c31c86c,Paulo
cc3d16f4bc3fabf7a155be67b96c38b83,Interaction of Formal Design Systems
c1a3d9fb18886ff88dc05b15904819db2,Diagrams
c2a2b49f6f3402dc2af87bc1e13ff0905,Ants
cd52387880e1ea22817a72d3759213819,Java
ca3fe35e80df2406043f7dfc5c69d7ba7,CR Categories: I
c32e1943cdc8ac4fa41749e2a9814f082,CR Categories: I.3
c89ff7b3eac6c616e64207194d92860a0,CR Categories: I.3.6 [Computer Graphics]: Methodology and Techniques|Interaction Techniques
c63123c8a6fee6512005163c2d37aebcc,CR Categories: I.3.6 [Computer Graphics]: Methodology and Techniques|Interaction Techniques.I
c591cb05eb03a7792d8c46484395fa269,CR Categories: I.3.6 [Computer Graphics]: Methodology and Techniques|Interaction Techniques.I.3
c0df13c12eda8d09b2939d9577ff3c30e,CR Categories: I.3.6 [Computer Graphics]: Methodology and Techniques|Interaction Techniques.I.3.7 [Computer Graphics]: Three-Dimensional Graphics and Realism
cffaba45da78c2b5e9958abbd24250885,CR Categories: I.3.6 [Computer Graphics]: Methodology and Techniques|Interaction Techniques.I.3.7 [Computer Graphics]: Three-Dimensional Graphics and Realism.I
c7a6b49b5c424cb4092e9a16323829c78,CR Categories: I.3.6 [Computer Graphics]: Methodology and Techniques|Interaction Techniques.I.3.7 [Computer Graphics]: Three-Dimensional Graphics and Realism.I.3
c285d148a1abbf09a7e8dc6257e9edbc1,CR Categories: I.3.6 [Computer Graphics]: Methodology and Techniques|Interaction Techniques.I.3.7 [Computer Graphics]: Three-Dimensional Graphics and Realism.I.3.8 [Computer Graphics]: Applications
c886c938d8828498dc0f25db504627469,CR Categories: I.3.6 [Computer Graphics]: Methodology and Techniques|Interaction Techniques.I.3.7 [Computer Graphics]: Three-Dimensional Graphics and Realism.I.3.8 [Computer Graphics]: Applications.Keywords: Navigation
cef231d9ccb6856fb9d1006a8d1618b4f,Constrained Navigation
c817255a31f28589663eb4d8142e83301,Viewing Control
c696175166c2282e895f36030bd25568f,Camera Control
ce498749f3c42246d50b15c81c101d988,Application
cd9eff229c47c9c5880c552c1fdd6c866,procedure inlining
ccad43da07ef4d5c2d5e64cac2e6de2aa,procedure integration
c0e073ec27733f82e0e1fa3bf4479620f,compiler optimization
c4e62334d06c45a19974aa9bf656bb8bf,Conceptual Data Modelling
cbb74453723eeefe6161bbb514975c3fc,Category Theory
cd146b42d2f7101a2f2776db412c90de0,Meta Modelling
c6872f0ff045b6afb4019c8c580b5432a,Nijmegen
c9b9d8a976b42e0bd66381797644943d5,Published
cf8508f576cd3f742dfc268258dcdf0dd,Remote
cb1fb5b32986b048c09594a9abfdcca86,Index Terms: Image Representation
cca1b12f70c0a8471440324a11e4590af,Matching
c56b9951f7d788c259eb62479835f3342,Multimedia Databases
cefdc99a7a56ceb70a5aa700fdac296f8,Spatial Similarity
c467a1bb27013f10649a7db439f332881,Retrieval Algorithms
c220f17cf2abf05802b7b523c17657f04,Partitioned
caee29a47b41e6ec5d352b1a515c37e82,Optical
cf80bc338b6146b566004a046f8137c85,Passive
c1936a7ff274321e2a8c8a86aa08f3c09,Benes
c510a8cb711495bfdd04c792d2fc4b0fe,Participants
c1dd8cd8af5f736dcbb82c583a35bd0bc,Lexicon
c3a0e2c30acc6afbef30fbc5f77702473,Temporal reasoning systems
c8d01845120bec2a7dfead96446adb9c2,Point algebra
cbd5a7bfbc908fd4774cf9c931165b11f,Interval Algebra
cb6aa2ba4d5da750d50907a06f31e74fc,Ramesh
c3f05d6f38862a5b18b2eb4e867a61fb1,Using
c3a69b34ce86dacb205936a8094f6c743,Large
c29ecfc45c7bd93061222062f86d4161d,Butterfly
cd8a942ef2b04672adfafef0ad817a407,Busy
cf8320b26d30ab433c5a54546d21f414c,False
c28cb2468ce3a85b4d10668ec48f5e4d6,Scalable
cec173c24e78bb0af0d7874dc0d207afb,Loop transformations  Keywords: Parallel programming
c1cfc7123fec9b558e7ed6af7b246d5b2,parallelizing compilers
c866a929bb899963508c56fab39b3307e,loop transformations
c7f1149576833207c0c634624a5ed0b30,linear transformations
c2a19e71f83db7d0ae4b3ac961c9311b9,nonsingular transformations
ce31f19c819ed70be6d1ca067c40ab53d,Robot control
c6b3746942490632c4b8946bc3c258db8,Adaptive control
ce15470ebcc242092e448756607d0c3d4,Real time computer vision
c74d2c8a5d062ee2efc0201d67e4dc07b,Intuitionistic
c5cf73e808193af68b60d465bf312e789,Horn
c1b0ffaae3973401f71cd000ab9f7856e,Transaction
c08781b29d5ac13d64089d3da1902d0cd,Most
cacd313a04f33a05536420ccd1a68be32,Golog
ca655b6059fe48a7079fc6f575151ad84,Abbreviated title: Proving Properties of States
cd8abff400b38e5451b7a5e78d2d13309,software process modelling
c77bb92ac8bda64cc2ca572c3ec8d040c,requirements engineering
c70ba24036ea7ea8dfc4c3ab5c4b23065,organization modelling
c1935f5670eecd3c8e121b0e260292d98,actor dependency
cf0e326dae36ed16172f424f9860a2ad6,Category: Image representation
c06d850b06f4dc8370590fbd420a21419,Category: Image representation.Keywords: Grey-level image models
c1f99c0f374beed353fa5855301e0ef5e,probabilistic mixture models
c679fe1db8dc7308e44404587d0348c5e,segmentation
c95feb062d9ff9a43b1cbf6626d19aa4e,Category: Motion analysis
c7e403a98b99606b4a914f814be9933fb,Category: Motion analysis.Keywords: Optical flow
cb394056c99153e507ce4f74a9aff87c2,motion boundaries
c7f7c462d2acd5a42bebaae321fa040f3,Learning control systems
cd4764c7506ffff3b62d5530b7da0d69a,case-based reasoning
c9059130561ee2dacf45d5dcf13db1aee,flexible manufacturing
c335f3de9335dae6251252c085b5a302c,inverse kinematic task
c7ad69619bb0e78706439fcf19d78afd2,Collective
c42186b9568e986064665689944c4a1e3,Computation
cb8204a3486c8c171a6cf735fa2c521b6,Decomposition
ca63706eecfa33f67b315f978392ad7ae,Alignment
c46bcc7c4291bedb6e57fd2274442d753,Vision Agents Over Internet
cddb85a60bb6bbd122968d2a1f7136137,Key words.random-self-reductions
ca2f48de853c017b22d22cc9c97d44d7a,complexity classes
c4f17fc7e251f1435395b8dac7b5b6eb5,interactive proof systems
c296888ed36759476efb1bd7a49b1f334,program checkers
c092f2ba9f39fbc2876e64d12cd662f72,Ben
ce3dfe015076aeec6951e3dfd7c86cb54,Goldwasser
cb3cb1eefd33bb04b2a4197dffc445da3,Kilian
c68f5990bc906fecbb278798a9aa9dff7,Object recognition
cd14c3a6a95dae6b73855ca83b8eff1b9,color indexing
c7d7eef969634f97fded2530daf461f2b,image signature
c3b638399699356105f376c05a45e1f5f,boundary length estimates
c49f34c755408a89228f78967771c175f,Shen
ca9519e588ac67681d006ef28722a04ad,Theorem
c718179b3bcff69a9d3f010aca0e9901a,Hamming
cb1c94ca2fbc3e78fc30069c8d0f01680,All
cbbe51039d025b265f9790490781cb201,Turing
c10ac0270a522e137e8810cb6b782fb66,Machines
c491a4fe1e80ce62cd2b9f06b472e14aa,distributed shared memory
c013cbe5f00a9bf4ae5e296ec673159bd,memory consistency
c2c637271ff5f7c804b822a227e5f0a03,parallel programming
cd0368a8f4b4fb94213d056376ca0424a,weak memories
c06cd0a86f34cad505557e34d49939f84,Semi
c25d72fc2c168b79ae5327878e134e6cc,Markov
c5d30f54fc5f12894fd1afbf4d41c5969,Decision
c7446050b848d839fe9847073ff94cfd6,Agent
c35bf1210e6727959a7a88a00462db959,Science
c92d909e2ae45ed6c55a55088f1d46394,Integrated
c643562a9ae7099c8aabfdc93478db117,Processing
c86f5978d9b80124f509bdb71786e929e,January
c41ba70891fb6f39327d8ccb9b1dafb84,August
cee8966bcaa6a61ff54a1427fa9cbc46a,Shared Memory
caab338915e32b60e92c8de3a23aa5c5d,Operating Systems
cd443ebc4cdda647738b1712e95ee81f5,Cache Coherency
c0a2aaef32dd87de08dbd36020d3a9a23,Crash Recovery
c5243ac1adf6624534e8943a10ab04980,Volatile Logging
ce593276964d46c43e5b707325fb12b6b,Conventional
cf6203f7016db0a9944f267927356fd73,Othello
c00e6c77594614c63f1a543c7056159f9,Information Retrieval
cc86bb4c6f5c26b4c6d7b350157cbfec2,Query Pro- cessing
c7971813474da107714e72f8fd7b40a67,Complexity
c71dac3f0f562eb0fbbfdf1e456dfad3e,Empirical
c699a4e5edebb84b4e2184ab4f0ceb4b5,Petri
cf6068daa29dbb05a7ead1e3b5a48bbee,Data
c1b539f6f34e8503c97f6d3421346b63c,July
ca09a6c9ddbb0a4c473d6f0476787ad05,Significant
c5434ab49a581254ba25426f757fa054b,software process
c0b023ddd2b5acba8a5664e1e8dd6e404,software quality
c0c3e5c7f3c7561c0a7ad8589ee124102,process improvement
cda9e70f9f0a42158c1cfe2801b953d30,integrated software testing and analysis
cbc4a7da15fd5b7f9918eefd7e733ea18,Process-centered SDEs
c5f62483a188d1c0fef6b7be151751e10,wireless
c58366dcbf49cdf50d5434be8ce1b84b2,detachment
c0886b7fc9a6ba12ee91d010073b0df99,relocation
c934106eac6667c2a9c8b60ef83bbe0fc,Distributed object management
cd1bbf3a911ad61e0bceefea335d53d32,experimental evaluation
c409ac3d4c1bc0daea43e1243a0f8d72a,Finite
c975826920e100645fa7b60f265742446,Effective
c7ae22c629b256a7e845d97b98758feca,Knowledge Interchange Format
cc6c6f067a3ead9ce67a1c67a790fa26b,American
c60cb02cb6abf784e39de55af19d6a670,Providing
cd6b6b668dbca9d4fe774bb654226ebe3,Animation
c1d78dc8ed51214e518b5114fe24490ae,map
ca912a94d79b5124d876951f96ebb256f,statistics
cb99da6afb822d9160a302091df4a7629,graphic
c1b1cc7f086b3f074da452bc3129981eb,query
c4a9b6fe1ddc2671881c9aa3d6cc07e8e,correlations
c5c59736b84cbdb1eb0e43a8d0f124a12,atlas
c0afd3b98078cce62f2ad29edc4679fba,time trend
c555bf8344ca0caf09b42f55e185526d8,health
cc513a6e185ce3a27bfc8910db633aa41,health.BACKGROUND
c96d8ac035792e45b2139a7279e4df2b3,Browsing
c8dcab8e5e926a6d9b45af9032306babe,Keyword Codes: C
ccd42557d12c158ba48ff8ae9356360a5,Keyword Codes: C.2
c3207c846934a49c5f03da36abaca307e,Keyword Codes: C.2.2 Keywords: Computer-Communication Networks
cfe9bf79396cb093675bcd87ba6ffe56d,Network Protocols
c5320550175ad6f79ad658943b9c013a7,Chain
c8e0339418601b3c8529602af1017e182,Categories and Subject Descriptors: H
cbb72d20beee19c69a39d2773f20888dd,Categories and Subject Descriptors: H.2
cde8caa64440a23325729589acc6e7dea,Categories and Subject Descriptors: H.2.2 [Database Management]: Physical Design-access methods
cd9a619a2695b5f0a499347bfd1779528,H.3
c04130ab7aaaacb23ea71cbd81266002e,H.3.1 [Information Storage and Retrieval]: Content Analysis and Indexing-indexing methods General Terms: Algorithms
c1afa74da05ca145d3418aad9af510109,Design
cb34079d6cd63f37de1a3fb202be8b770,Performance Additional Keywords: distance preserving mappings
c33d34a1016b8cf3c5e834e696756ece6,geometric data
cef7df521deff51e4d85bac251c6ee2e2,Stub generation
c702cae459602dbe661188479da03ef73,heterogeneous systems
c79ce85b3b24abbabb3f10a50a6bbc9b0,configuration management
ca279d74d97b03726a280e6112aec00ae,module interconnection language
cac057d0351b9822f415c0bfe8368c60a,interface extraction
cc1e19c09f700938f0ff7f1fd4722a3ac,Exponential
ccae6404c4aecf46684930fe2a86676a6,Let
c60e46aeaed758964902dd7ae99858f03,There
c39a54dee1ce6dce187ae556e7b199779,Bellman
cc4913dea25bf1f15e1717405a5ab7d93,Gibbs Sampler
c8195dfbe31873632f2e6bdf5be0bc867,Gaussian Markov Random Fields
c2c271d464e37e9050198520140c51f13,Image Processing
cf29fe139dd3a16c6e7f8a489ad44aa15,Texture Synthesis
cdcabe0dca89861f1a51eb815d92b7f80,Texture Compression
cc684e524b34f9059bc2fb086ac0b4295,Scalable Parallel Processing
cee1c6b990df73707bcecd7724f13fcfe,Data Parallel Algorithms
c31fdefa042d4d2e2df026ccf7fbd1e25,Alphaslider
c9d2b1ad5bbc16c44d49116dc213c53f2,widget
c8c02f60ccf04c37faf47a8129518f44b,selection technology
c81ca0b7c951be89184c130d2860a5b00,menus
c7e015473ab5b3dde5d06527cb84c1c8a,dynamic queries
c8eea62084ca7e541d918e823422bd82e,Result
ca3f25f500ef0e1373e67a4116ad88abe,automatic target recognition
cfb12fc8829a776c2f651bb88629a0c60,systems and applications
cec20b4ad54a65864fff94717413855c1,pattern analysis
cb7e164b34ff76b1cda93a058604190da,resolution
cd928374faf9708212ffbca2391bdb950,fully polarimetric SAR images acquired
c1e58fa41670a96a3ee2aa8007ce54dc6,Recurrent
caf7b52f7caa718d2548e22e24fa5bd34,Key words dynamic data structures
cb190a1811ed0dff56bb07bd9d97b07f2,range search
c09395dbee0cc7110e801bdf1d2dc0664,multidimensional data
c0c23e74369880d58518df52da74f72da,skip lists
c688937ccaf2a2b0c45a1c9bbba09698d,June
ce353dbe42c8654f33588d4da0b517469,Abstract
c24b9b8c0634a40138e76b2fb86894698,Interactive
c99a6d922103cf73b1516ade5c70d16ba,Key words.Rounding error analysis
c8bc9c4b7bc2b60c64724fa9c37e95ebe,linear systems
cfd1c4be8dd3dc7840bf513084daa9135,block Hes senberg matrices
c3bbc076dd2e215a4325adc7752baa2bb,diagonally dominant matrices
cf276305911ebf2ae569185f539bbb88d,M-matrices
c4410ec34d9e6c1a68100ca0ce033fb17,Array
cba7232c7dd8a21aaa0b961b9356cdebc,Distributed Computing
c42a9d18f99cea047ec20c18e01529265,Feature-Based Modeling
cb0b9408fb392880d59c56f150eba3409,Feature Recognition
c81c04bdb584596f661e3c5ab6838734c,Multiprocessor Solid Modeling
caa6d6127f7c3c3c8721d6a357fef12f2,High Performance Computing
cd56f035187acc77415dc569d2f8f9b45,Atmospheric Correction
c7ab7a776ec36c635f88dadcc9df7dba8,Parallel I/O
c68681ff002c1dcff000c493792f0994e,Remote Sensing
c7a2f7b42c7425d9051f50d42348adc53,Recurrent Neural Networks
c9a1529765fac5099ed958331efaacd8b,Grammatical Inference
c64286e6013589c392d6a0379e2d40157,Regular Languages
c747fab70f76e38efcbf2f967b699e81e,Deterministic Finite-State Automata
cfa331c2977de493849ff7178e4db6428,Rule Extraction
c6db6d079059d863c6dc10c7f33ac6872,Generalization Performance
c2e948be4202c8cea8f3f6885c4c65af5,Model Selection
caf7d7d259680731aa92b0be3103bf52d,Occam's Razor
c11ea71f253acf02a2d126a0901e765a7,Maryland
ca3ef71201abb72daae5382f78ffcdaf5,Key words.rank-revealing factorization
c0615d42af0ee77a6b1abd45f4aa88b61,downdating
c352b439afcd686f029de60f48b5241aa,URV decomposition
c1cc8609760ead5d8406b5a85e294c88c,Chang
c138fcee012ea250e86a4e736fb7e9a41,Paige
cc84ce85b6bfbfa4ad1983fe305494ab0,Cholesky
c8a1471ba462dc5dd810d0943fcb071fc,deg T (v)2 deg T (v) &gt
cc81e728d9d4c2f636f067f89cc14862c,2
c1708884aa9c2dcfa5f1df31b6c30270d,Sparks
cff5e6f97378347f797c8fc9237d8b031,Intelligent Information Systems
cea2ef9b0d095bf991f4973633b485340,Databases
c34435a0ee363dabf3dd03593a70a0dd0,Semantic Query Optimization
c220eba9b41845919af69abef19cba517,English-Chinese Translation
cc2ca16d048ec66e04bca283eab048ec2,Host
c6ec1bd1ea6a5d67a63b20c8f6172bddd,Unix
c06c2cea18679d64399783748fa367bdd,One
c288aae25bc408055f50c21c991903a44,Asynchronous
c6950810f0d2bba97a6f710c7b965b84e,Transfer
ce16dccbe550416630fa3366f42fb331c,Generalized Sorting
c18ca87f3d4cc1f9062f4bb747ad061d9,Integer Sorting
c2a7b01a37b69d788a9124d9e1eff753b,Sample Sort
c84d2c5a6c77e680752cc0f06ce679c15,Parallel Per formance
c16140e10b280e83184d12a45129aed8e,Brachman
c56bcb4052973efa31dab1a576b133eb6,Delgrande
ca52a2b4f2219a19dd23d1593548cb478,Poole
c159c8169498235ffe2e65e4821ba84fe,tapped-delay lines
c17988936c38be00fb9dd889e91b7a02f,long-term dependencies
c43ba2b35daf55958d2fa6d4e9131def6,automata
ccd69b4957f06cd818d7bf3d61980e291,memory
c176f33ea21eb1b83e87b3d5676e0f92c,temporal sequences
c75b01be9643d9e206f10a3fe308dcb9f,gradient descent training
c2b71831177828e5f2b28e5aca264d966,latching
cf0ea1f81160daf648f83495d9ae85212,NARX networks
ce7df5d02b55ade67014f782ac1ddd0cd,auto-regressive
c9d8e3810f1c6cc56ec2b845896b6016f,embedding theory
c33e5c6a7d7668d40e04a0d38de4105b3,Helmholtz
ce226710d16f039ef02ab4b3ec3a63ed1,Data Structure
c4afa80e77a07f7488ce4d1bdd8c4977a,Algorithm
ce307db07b3975fef922a80d07455ee5e,Database
c93f513d52499bc3d21ffbcaa1dfa29d5,User Interface
c3e2ab7b52b5094a0fe98dab74f5b4dfe,Direct Manipulation
c08424cbfdf3f0f12da5cd04a5f9ee353,Dynamic Query
c642a7c2e4f5d20816844b9f4e4eff0da,Whenever
c35af9706b8e0a55e73480b6d6bdc8a67,Assessing
c719d067b229178f03bcfa1da4ac4dede,Software
c457dd55184faedb7885afd4009d70163,Review
cce756d4164773bca4d75988609380653,Researchers
cc6e190b284633c48e39e55049da3cce8,Web
c4621cc025e86106cffb5ee7b7d7f5337,Bidirectional Re flectance Distribution Function (BRDF)
c01e48022a4092b4568fa6f3da52f6724,Advanced Very High Resolution Radiometer (AVHRR)
c90a470cb5ef8dcb8e232e08d0141c66f,Pathfinder AVHRR Land data set (PAL)
cb1aa4f5b598418e56d45cb273ea265f0,Key words.total least squares
c50d928c4db07b7dcee42b50a4f70e63a,discrete ill-posed problems
c04ef847b5e35b165c190ced9d91f65da,regularization
c934a4958a1dc35aa7e77432dedff5f28,bidiagonalization
c53a3ca788b4d0099c8e3cf2c14658618,Vehicle routing
c114faf5b225341a00f29d93d30ca0028,Traveling salesman problem
cb1f975d5e57f73d265bd450020825183,Graphs
ca559b87068921eec05086ce5485e9784,Model
c195917574edc9b6bbeb5be9785b6a479,Checking
c3aee746018287558354fbcd7dd8bb904,Concurrent
c6909beea5b50605780e3411f879fe916,Updating
cfa3a3b83563c04ff418feebf10a76b07,heterogeneous databases
c91d115a8ee26d7a0fe07c2b928eaf2c4,mediators
c7aa3db0debe8531ed81adad35ece41b0,software integration
cff8b7e334af763763675af4192a2445c,computational logic
c827452688eed02a12178e96f924ac529,Scheme
cd4f5a33e45ed97b36b1cf36ef196a57f,Lisp
c7e823b37564da492ca1629b4732289a8,November
c4e68c9ab3af73f1f52db99b282481fc1,Computational
c7bba5d01d3778f550d69f87dca50fc3f,Pointers
c0e505710cec86b9b2952434d343401eb,concept induction
c138ca6e84679ff1a874cef1e6755c132,experimental comparison
ca866cdf76516d781a2875351b4f2ef24,CNF
cc7b4cead11512ded46091df0eb6d21b0,DNF
c94e8a499539d1a472f3b5dbbb85508c0,Wall
cd61ebdd8a0c0cd57c22455e9f0918c65,Street
c6b2b5614a23abed4834b7cb7b91c6887,Journal
cc39b56d4489fb2507289e7ae19567b80,Building
c54482114bc2eb51176ab72cf0ff253e9,Generators
c5da618e8e4b89c66fe86e32cdafde142,From
c1724529909565537523a32e123e88e3a,concurrency
c5bdaad625bfefd4d66ea4d96d10ecb49,metric semantics
c71db414d7be518581df919233ff694f5,distributed logic programming
c80f4431999ba9f07cab188224ec69e09,continuations
c3c665ae272822cb886eb6c1479575b6a,and phrases semantics of programming languages
c06048b48614ae3e2c80c220d1299e2e5,Structured Operational Semantics
ce8c555c2ea2debc9f6a61939fecbf217,transition system specifications
cd7f5b5c4832602970c9a674e200aa0c4,bisimulation equivalence
c8fb732ce30f7aa92ca780b84b69138f2,and Phrases: predicate transformers
ce97bb6b9d5bf5c78e565370da918db4f,state transformers
c21bf830757509d8341a3cddf214e867f,multifunctions
c79f43a49b9a213cc57ffa3075330b3bc,lower topology
cc3ce0dfba3016a16bd922fd24a7292df,upper topology
cb9d1e48d62e8cd3ff7a1e26f6e33ab66,Vietoris topology
c00c63e3b477fab8f5a3436f015a6849b,closure operators
ce56de3014fe16119d183cb03fb35dac3,weakest (liberal) preconditions
c12587baa49485b7c32df44f674a22d0b,power set
ce3be1b20c91aeddd17319f122305687c,power domains
c0750645d13a15b294fc591fe13c97935,metric power domains
cbbef13bb388943df41a23302b6f385fe,Bisimulation
c4d41fc87abc3cd5f4dc530b43f6d6299,probabilistic transition systems
c5e76272ad80d4fa7bcca578741dcf2bd,coalgebras
cc18d8c42236d9a7672120a4e29ffec4d,ultrametric spaces
ca4172b42f731cd7ac6e14b38a34630c2,Borel measures
cf1c5ae66386a151575cf6d609d41b5df,final coalgebra
c19af319f8521538176aad840e5727dca,Optimizing
c35537fbc25d87ffe59e4f35fefcd34b7,Even
cc007bc528903a0f0a28e840f88cf8148,Occam
ca5d083fbfc0611e061663c6b1a8ba698,Constraints
ca78be2caee7de8d362331c9016c44018,user interface toolkits
c8a496e4dcb443b1c529e75d7ec2888df,conversion
c288f40d580c15ec2a78914fa03f84d12,HotDraw
cd592302a9f9cd99cbabaee247b975119,CoolDraw
cfffcb4d1e12c96b2f571f77ad25878b8,Reason
c4f926a3ab91943cda655a137b34ba61a,Brooks
c6d69689d0056a27bce65398abc70297a,Washington
c843e353f7a5a6842b926bf213dfefe86,Fortran
c290612199861c31d1036b185b4e69b75,Summary
c444d0af4f3d786e11f0518167b8ec9c0,Chung
c7e170de074e1630348aec1364ac26c3d,Yao
cf9c75e6a532ddc38b9941d95890c4776,Key Words: wavelets
ca3402e05f1c659d60c7ed6571e958822,affine systems
ca6ee68cefc73b933ed963df59ca8e87b,analysis operator
cb9a3b9f13bfbb313d6516c82b9d770af,synthesis operator
cbe733d5bfa9507e9cdc50cc708f840a8,shift-invariant systems
ca3e835bb98f50c0454edbdb092330049,Riesz bases
cdcdc1ac079a91d513a5a759b0fb9c1dc,frames
cdd03c4657019b211cfc7f14a7774c05e,Bessel systems
cf811fff3303f6796901cd6fab5d742c5,Key Words and phrases: dimension of nullspaces
c700a6c0080823999eb432ee45018480b,solvability
cdd65ed7aa20d4bd24a5e7100c73d00a5,matroidal structure
c357cfc475a9888fe5425205b97569654,placeable
c332dd7568fe5fad125a52b193f3e7300,Key Words: exponentials
cf9e4fb8f657beb324e827064a4d511a4,polynomials
c2d1e24095b9e00e71a232e5e18820d70,multivariate
ccc801bd8b3e2970a29e5346ff2068dc8,interpolation
c2ccd8261175cb0158ce983261c7cac77,Newton form
cb49764548906102d0a1cee487baed1b8,Birkhoff interpolation
ce313902e9bcce0aa0a86739493ef7049,Key Words and phrases: polynomial ideals
cdb2231c22e233d0c43b8d7b55f877c4f,box splines
c20d939bb4c8f18ca9fe83ca16305e166,multivariate splines
c584787974004bafc8a87ae1aa2f73c4a,spectral synthesis
ccd3f1ea6f2e2011c3608d478fa6195fe,Key Words: affine systems
c90b613befa0638171d64e6278fe09520,four-direction mesh
c84cfc9cc16e7cfa585595da4b775bdab,tight frames
c4b9cb0b1376a023c8322dc6bfb735495,mul- tiresolution analysis
cc770d6389fd628be4eab54c85bdf9556,wavelets
c56d4cc1eb721e11d70434c0aef71b818,mul-tiresolution analysis
c7c5c247cff16b86e83d2cf3b6508edff,Key Words and phrases: wavelets
c05f7fc4da1b67e195cea49c59b26fe1b,multiresolution
c1386cc1617353c18e223d363ef5c0c9d,shift-invariant spaces
c39ed26f336ae538df4d2dc8a75a01282,Currently
c5e764a7475bc21c4766dc2baeefbe176,Photographs
c3022c77834378957adbabf86af48d0c0,Index terms: Purposive and qualitative vision
ca9e07ee7f44676e2711378767cd04cd2,autonomous exploration
cc37ad25f6094d5cccc247dfc9027a38f,moving point of observation
c713c547b27f58b1fc84e61237292662a,surface visibility
cd2608989e0920ccc0c3a5ad8388c29db,provably-correct algorithms
c9a1de90c763688a5b4d581100e29a65b,generic smooth object surfaces
c4fa1af17b17ef60265e0b9cb9c707f30,global surface geometry
c77044f1a8e95ca2639c331c651545136,occluding contour
cd5fb83d686177009200a97fc97532076,visual events
cd503cc532ca2394614e75777a8a36efd,Plannett
c0bdc508a17811a3a860d32749ad44e4b,Venus
ce0626222614bdee31951d84c64e5e9ff,Select
ce04d1bcee667afb8622501b9a4b4654d,machine learning
c41bcb80ee4396e32cbdf51faa5ea5eb4,connectionism
c950f4b6481ae3e652516c23437ee0a33,explanation-based learning
c45de357e1e98dc363f2ae3e646e6a4cd,hybrid algorithms
ca4fd8bfadaf85e97a213b3515e319cf6,theory refinement
c053ad9bd62b61d132aee8892781be483,computational biology
c1e9acc262d169d49ba67701811b4f59f,hardware cache coherence
c698bf1e8a8f8ed52854fe64b7bf29d26,software cache coherence
c148588c455ee3901dfdd14a01bfe9cbc,mean value analysis
c3dbfa7031d714aac92c96afdf06f515e,workload model
c49a488e01fb14a3a653a57209d529300,Index Terms Cache memory
c8c5b5e6c27b8a5a1faaef3da6d005b66,cold-start behavior
c94353004ff930369d4d5a405cdcfd991,trace-driven simulation
cdac97f4a316e85a4e176240c440fee58,sampling techniques
cef86e267b980b91b251ee64ad343d70f,Computable
c08e72bf9d3246f35a5c9ab17f2a79bd2,KEY WORDS.Monotone variational inequalities
c990c8b5d318a66e0f3e6d9768da4a060,projection-type methods
cbc24c41c1f2474d5489198cbf474610d,error bound
cd8d0f77466d568486a55166f7abbfb6e,linear convergence
c699b4f79215d191584653efebf156e52,Mixed
c4923294b4d8c50e3b394d64c843c2d47,Complementarity
c4d9c3e3a889034766cd62d6c71c78f67,Mathematical
cc054e2e4ad6cf568a31becd6dc467c72,Key Words.Transportation
cc06acccad5916b782f6a8964d57831fe,multicommodity flows
c8135b139958f275bcecedb571b86d300,complementarity problems
cf301dd0b154fed2dcd29d777925a1bf6,function approximation
ce0dc51504e7c374ced39c462000d8f6d,generalization Running head: Tolerant Training
cb3cffe220ce6dae8c5d5bcd38f0414cd,Key Words: Nonlinear complementarity problem
c7180f0de2c531806b91e0ebe710c6438,nonsmooth Newton method
cc9d8f307390b30f805d2502b54813048,smoothing method
c1f606484f89bd41cd83e68457a949c3d,global convergence
c99b102d95ca89d2deb5c0cdd11180531,quadratic convergence
c864d8597c9ded79049830d622ab7f5c3,Key words: Variational inequality problem
cb3bbb9b16cc32c7eb196c2044ec0f208,box constraints
c60b35b2193ed918b7cdbb01de15b1a56,D-gap function
c99d0267d4bfb181a9ad72883e09afe80,Newton's method
cb2f6dbd7b0bf0b157317f0b6fcef4095,unconstrained optimization
c06bc4f7d2ae2dfffe22621a6ea143949,Key Words.Mixed complementarity problems
c68eb20794688e980536cdcc21c180a09,superlinear convergence
ca3229a467581b0eb9e2a9c64deb50b57,feasible descent methods
c86c81491efce02a139304eb9896a5ca5,Categories and Subject Descriptors: C
cda2e4de55a8cad537676b1e2ae502f1b,Categories and Subject Descriptors: C.1
ca6fffbc3fdda3bd2ccfcb90974f0cc32,Categories and Subject Descriptors: C.1.2 [Processor Architectures]: Multiprocessors Parallel Processors
c0d61f8370cad1d412f80b84d143e1257,C
cb9ce796ef57d48d928c130fb29aa3244,C.4 [Computer Systems Organization]: Performance of Systems Modeling Techniques
cf623e75af30e62bbd73d6df5b50bb7b5,D
c43a9dbef834779dd53e702de55014d64,D.4
c7859abc990d134ec3616a63e82a54ae4,D.4.1 [Operating Systems]: Process Management Multiprocessing/Multiprogramming
cddfdc2a2b4c277158589a9f95fa2fbd8,Scheduling
c81491c6c1b8d9260b661b2c4353800e9,D.4.8 [Operating Systems]: Performance Queueing Theory
c6fa80683d560e2a5d4880ab06749303f,Stochastic Analysis General Terms: Performance Additional Keywords and Phrases: Parallel System Performance
cb14fa21ad78e7474f8eff6ad25f4dc1d,Uniprocessor Performance
c35ea566496d2a03af88cf0d867f8d291,Response Time Bounds
cd2bc7119a99f82ff34879099faff5418,Optimal Scheduling Policies
cfd236aa193099871fe79cc37078182c1,Sample Path Analysis
c66340f530aa1b5cd29c000ea4a7eb10a,Key Words: Smoothing
cc58af5424a9c02899676b58d53f99949,convex inequalities
c1a28cc3105733cea0da236f8766965df,linear complementarity
c5438d53021fd468e46f42f0d0e6bc9d2,linear complementarity.Abbreviated Title: Smoothing Methods in Mathematical Programming
cd030eeeb593b8cd94e564bc42e01d146,Higher
c001abd542d5d22925a267d91ba920a00,Shared-memory multiprocessors
cbe6fde42645ffe0582ee4c088674345b,memory systems
ce20429d0e2fd67771ca2f1405ea22da0,cache coherence
c8242cca78dbb6895a4ef408c8a4152e2,directory protocols
c76f50fa76bd9cf17e46b8e692b5acbd7,and hardware mechanisms
c38c50b731f70abc42c8baa3e7399b413,Since
c859b469ac7276b3b93deede831888dc3,Cost function derivation
c3445ab2c0ce61338c83af17e9c818127,Query optimisation
c1ac7af4ca6cf6bc5928d4a4cd5f9906d,Multidatabase systems
cc0062863e3e99f67607ad1ae9a4299a7,Ripple
c0b84df4e0b66e9d55b22eefb55ca928f,Expert
cf22794f69ce5910cb4be68ff9026570d,Various
c08a38277b0309070706f6652eeae9a53,Down
c1f4da964f8eab62e96e8cfe406e44364,Rules
cbce28b12b73c1c02980632d7f24108c3,nested hypertext networks
cfd9160bbd656f75ab74e8935e4330d9e,navigation
c340831fda6d2e1e987ecb54147b6b036,overviews
ca1ff5b85ebcdd67194159bf8398ec9a7,fisheye views
c2091523979dbedcad728958414922c72,Classical
cbd287902a5fab6250f112d5312368348,Breathing
ca76d4ef5f3f6a672bbfab2865563e530,Time
c62254758dcfe975098fab22609c8aa79,Buckets
cfbf5f0db8c29549a9d3a7aaae24b580d,parallel programming environment
c19425feda2b309aa465cfd46362f52cb,program monitoring
cac49efac239789f543be8474c9c1a44a,monitoring intrusiveness
c6a4fa194e4ad74ba561c2a7f3991d43d,transputer scheduling
cf77589cee897bf10a17d6aef39428088,Chinoy
cf027f27d0d548351e4d362e9b90678a9,Research
c368fe771261fcb18f7988833c9294a20,Tutorial
c8eadc5d3e1f1919c527b6d865e226a88,Michigan
c6aec1991f208e2948db5e4eee6e1ccff,Autonomous
c06933067aafd48425d67bcb01bba5cb6,Update
c13348442cc6a27032d2b4aa28b75a5d3,Search
cc64518704ce0c0d5501a45763f464276,Usage
c4c59589a491298ffd205ccc4961bc213,software visualization
c3a5535c69ead3ea03946a0d617984873,data visualization
c3369863c0a18871f1b14edc25af07072,focus+context
cb559db93c279b7e4886705cb45f7ca9c,browsers
c557c6481538b93bfe0a10a1cbc11aa07,Formal
cd3db499ff6d5f0f895e919b18e3013e5,collaborative filtering
cd07182257bce13d49a5c183864e4a277,evaluation
c740032cddca4231c35f691047507232d,usenet
cdb4a18b5b83049178efa295264d134ad,adaptive interfaces
cfb1d6d5303c61f840a5ce2f2ce1bdc70,large databases
c8f69c4477c1e7c7e61b1ca0cc11ac45c,Conference
c197761053cdf60ed75142d3006d5e8a5,ous descriptions
c5336f920c9124538b80f65649f37e7fb,Multiuser
c0df7df3f3f13395866c929dae7ea417e,concurrency analysis
cb01a47fef9b535f13954dec86df22c14,empirical evaluation
cf14e3a297cd0ec7deb4eeace09d9d687,state space reduction
c874cf1ea4f1766f66eb9b33d88e2828e,symbolic model checking
c7c110d27896ab9d3a323605661ea30bc,inequality necessary conditions
cfc6aa56f93b2382d75d7ed8f305a4fa2,Ada tasking
c28f407da8442d4100e6d7505a2890bdb,Genetic algorithms
c3f77a1fe1e9c85fd5b9a6fe9ab39a25f,adaptivity
c60f6e8d9d753a98ccbc2ba93f8b16cd1,autonomous mobile robots
c3add9baee4398f7eab45fbb9ea8bbb6b,path planning
cfe00bc7b107f332ba185ef11bea753ee,trajectory planning
c6ff9f4444ac481652f4412b5e1623846,Kernel
c68746a7280b143cfc01f967610d3e86d,Andorra
ca97ea56b0e00b2379736ae60869ff66a,Question
c4e49349ac2b6c87de21a79eb04a0dbba,Answering
c61ee5a22cd5f14ed4e48eb5611031e74,Interaction
c7fa9dcece8439d0b20fb2f8fe0ef47db,Tactile senses
c70e6b351a5a85da6c0d21cd68663cd31,artificial neural networks
c76da3d5210fa1dcc491e1a11a8a7f90e,literature survey
c66c1b4232ff79679fb474f891210edac,Lotosphere
cbcda16f481d41f93665d8c4766f824f7,user-oriented evaluation
c6be1de8be34b2a53a6f6937684a38f4a,information seeking strategies
ceea8f7c33dc2f64e72b4f4f9d2b96e1d,cognition
ce6a33aa227bbb51c55a285440bf7366c,interaction processes
c5299064276e3dcd4da6409f7ed87b15b,user interface design
c04a83927cfa1af6ae14f94e90aab9ebb,Speech
c41171a0fcd362ce98b5f0f11398713b6,Swedish
c78463a384a5aa4fad5fa73e2f506ecfc,English
c550eadb88a230018bf043d1b6ad15863,Leo
c7020647d6ae9501163537884fa89b4ad,Breiman
c97329209778fec9e3d27dc37747c3255,parameter-based MT
c66312fab784c6910aa4c9620187b557a,message passing
ccbe04761110d9dc0ec79c329c87a7565,cross-linguistic divergences
c02608a40a77716ec475898b2d1abea8c,parallel GA
c479628082c301a5dc7fc4f707cd2e89f,parallel implementation
cd5ec40428438d98781c304059e0e3262,parallel computer
c28e2d0d6bae48399f05d1550d0cee48b,tree shape architecture
c7befbb90a3756d0425a13a4777575122,ATM networks
c1e759e9af8386a8de2e3b62c66dc8158,flow control
cce7f0ea2a17bb40d9f52fe4b4d1852b0,leaky bucket
cacf4604aa27a29372c7ca087b7299e8a,token bank
c8d071d4bd0e5ec426830415d934c564f,departure process
c0df1c4616b74f4dc6849f468eb2014f9,majorization
c9e1d2ac65c1854c0467de10c630fd535,convex ordering
cec47388b272f906a796414eaf6ea8563,Silicon
cd334dfcea59127bedfcdbe0a3ee7f494,Graphics
cdae52b80711ee1029c7006f95018d300,Recent
c571094bb27864b600d8e6b561a137a55,Quality
cc2ba7e785c49050f48da9aacc45c2b85,Service
c184daff620aca4ad23fd2bf70d0b76af,Personal
c07a3dd247ad6bec7fe401aa11619959f,Communication
c992a0f0542384f1ee5ef51b7cf4ae6c4,Services
c195fbb57ffe7449796d23466085ce6d8,May
c1bfbcce75c3c9a52a464d4cb0984488a,Traditional
c3f078e2078e846653d53f53553a76587,quality of service
c266a9339882a417f8fe9733c781e58c6,call admission
c972ba94a25272ba17f92e46e712b22ef,real-time services
cbfedd9b0c7b346d3b9a6ec6c2b482316,link scheduling
c8aace3ec18d83874d22850b7eee93c7d,Sender
c28e7ba64d30df722a77036dc19635264,Laboratory Workflow Management
c615e89ef014a44e8bb2b53f015c49375,Laboratory Process Management
c0ff9644f14add08624ae72d5f9a043e1,Index Terms: locality-preserving linear mapping
c26f32917b027528d6efce5c5f591e346,range queries
c788972f8c12b189ea1ce4f863ed37513,multi-attribute access methods
c4d98f40ab9e99c69dd636a96ff5c7a21,data clustering
cc9b268e4be311d8a343683d952b426e8,Hilbert curve
cd32b708ce36fbbaf0dcf4f3b2536c007,space-filling curves
ca10e4b66469eb699c2b5bfa943c806b0,fractals
c0ce02dbeaece33a45f3ed260b3363197,support static and dynamic distributed array partitioning
ca05c713dedc5f0eeeb68f3b981f8a6c5,partition loop iterations and indirection arrays
cb4b93abd73114cc87eec4c97fa9a2af6,remap arrays from one distribution to another
ccb62a7e21b4a896c5cbf3004bb630bde,and carry out index translation
c1ed5072bd2f8d34de9cb124ed0338268,buffer allocation and communication schedule generation
c655d20c1ca69519ca647684edbb2db35,High
c689202409e48743b914713f96d93947c,Value
c8c88565cb04f9c9f8cb8c9cb9309d1f2,Distributions
cc1277123570e7d399d8021afb48f0b1c,Techniques
cc7feb1ce1dce8dd2da59208e69e83dcf,NCP
ca9d2534e7355c3065e78c1bcd0986eb2,Mach
cfa3e5edac607a88d8fd7ecb9d6d67424,March
cac70412e939d72a9234cdebb1af5867b,Path
cc172d0b7b7d4c61a931d50369d37b11f,Deterministic
c47c14840d8e15331fa420b9b2f757cd9,Variable
ced98fd4f2d1aeadad43670b2d07d5b40,Bit
c72cc70aac8720ea030bf1a412422537e,Boltzmann
c2770fb7b80f3c459d058bd4ca341a42b,Unconstrained
cd70cf7dc4f97545c95520fe97b6bd350,Variational methods
c9139ec6f0890e320c49fb778a7a2e3b5,Networks
cb133ad579435cfc931fc4843bcf0256d,Women
c4f11950e3e2628f6c5afd38f3e692203,Expectation
cdd47febfc66f3919761d0eedf7eeb80e,Maximization
cfedf7ba6075fb5526a7ace0b9385528d,Gaussian
c7acea768faa38ac5ca6798c85785a5a8,Dylan
c5ef1fee24721e732203e36ba2ba9c5d0,morphophonology
cbf2f9a21db2f8ae24e4cd56133c50971,sparse representation
cee9a01d8d817e67242c8566698462e6d,fast learning
c0c60b3967cd3d75d624a2c1bca757cde,rule induction
cb18cd1b5751de4814f9d8e187139f78c,language learning
c01122a97dca927210827560cb7d76af8,Patient
c423e555c5ec3885f2bb5d9d2d6627f63,Monitoring
c84a8921b25f505d0d2077aeb5db4bc16,Static
cd6ee70e770c59e3596d9ed94a010bd6f,Compositional
ca840409441ca0fdaa1f999e884d0c3ec,Singh
c0359d8eb3142b3ff7f3e39fc075105d7,Multilayer
c08af5a3dd894d145eeb8d838145a811b,Demands
c6cec4a985ab55185529e417f7fe091af,ASOCS
cd4980617892420cc149c6ac4b7b6a06d,Self-organization
ccf33608f1dd7f447ab3914d226c10202,Connectionist Computing
c5b57d08a00c94ba2fef1c739c690f364,Rule-based
cf8c62474c5dd99164f4db29496a111d9,Competitive Learning
c8e741fcb38041e4493936ad48af358fd,Counterpropagation
ce179cd8b54895a1ba725d04c6e436013,Localist Networks
c74b9a4b5806b5fb097a3548daa57fdc7,Dynamic Topologies
c0e9d88a4af4feeb0592737101eae1d1e,Reconfigurable Architectures
c31ca059a99f12e9db38e90984ec31c42,Implementation Design
c32970f54c315ab41c0582e2ed8eb4a7c,Lanczos
c86c1e32c05338b57578313d8a6fa892d,Iteration
c4c3880bb027f159e801041b1021e88e8,Method
cda009f2198c5a6e44656c91ddcecf341,Hessenberg
c92d3a56e45f42d8178a4d201b14d6a1c,Workstation
c87bfc8a76da7497bec96c0895ce458a1,High Performance Computing and Communications
ccbf44511d041dc6d1dd73cc0c033122c,IBM
cc2cc7082a89c1ad6631a2f66af5f00c0,Connection
c52b8ffce119fe77b28034f2fdd35eb5f,Verification
c7481c057222d9cd6533531c266b5ca39,automata and languages
c99ffe63a11891e9f275013e9dfc28552,Leonid
c82c157eeaf8ddca2825cde531b58f0ee,Towards
c43938d60fdd1fcab218c1cc0b0033ecd,Tight
c1145080a0de16b4599ae68c1da4fc50b,Foundations
c64ef07ce3e4b420c334227eecb3b3f4c,Cryptography
cf159e3b5b75d56b92e5123cc548f8e96,BPP
ca7c7ef364971e753c5010b9b84b64c2d,The Polynomial-Time Hierarchy
c0c81162e3cf6019e2134562e5103093d,Interactive Proof Systems (AM and MA)
c675f2f2cf27b7d3454312f5a5e590aaf,Randomness-Efficient Error Reduction (Amplification)
ce47c11bbcdb83cf25ee17e4b91b6b2dd,Publicly
c2f5650e484fa195949ac6c8d11dca4fd,Known
cd71e9d8cba9b7a7690de1f98094c3dfb,Graph Algorithms
c986b20cc359e0bd03e82c78f04dff241,p Keywords: Approximation Algorithms
ce8b6e1ed98606407b326ff7585ebd8b3,Property Testing
c2a0dca4b25279f5c41574ddf08d87ba4,Random Walks on Graphs
c9042fe54794e77c58da95cde5f5f9310,Expansion of Graphs
cc6947910bd3303a6d627d66788a16e6a,Randomness and Computation
c8090e23ec0204e88859389f09ca04b04,Randomness Extractors
c51f2731256f1a43578c97cf18d4c5802,Sampling Algorithms
cf649ead40a9d923936731706224f4d7d,Random-Looking Functions
cb7e9c6f7a17a63ddd8eeb999ec10ca96,Expander Graphs
cbff1d075efd58787eac4490b3dc63c18,Ramanujan Graphs
ce29d3271fc0ee41bcd9d68a53bb5a685,Universal Hashing
cf958abeb8dbec60d93138d4f1990c1ad,Small-Biased Probability Spaces
c65ad407df47c6025e31308966dfe1382,Lindsey's Lemma
c2e1b9b8bc1c0ecf35b60283449157929,Generating Functions
c48f9bc699f289618e6dfabbab4d055a6,isomorphism
ce45d1505dc5d2f46315ec63ddb40524b,perfect graph
ca38a712a46e7d9d82c2426c764ecea54,output-restricted deque
c70ca9b8693723b699a626930ef4ca623,permutation graph
c29d36a18abfe64d8c99df41dfa174d78,cograph
cad6667653b5e48cf3d837ff444060011,Young tableaux
c4beeae69572a9b60df62fe529e244393,Polya's enumeration theory
ca1f2999e30039ae234c0831d7a24ace6,Quorum systems
cf29fabe637a472bf5222b12a0bc5df77,replication
ce91e6348157868de9dd8b25c81aebfb9,security
cc4c696d78d97d24ce69ebe19fd7f8483,Annual
c2bf8e985d63ece95d849a7485afd4691,Symposium
cf434668d1da82d4c2d1690f1df7b35bc,Authentication protocols
c0b27de4a97ba5e8c69c5d5896a713132,break ins
c6ccf929934691710135f3f0df7cc43c5,recovery
c8ca30add586790e257d7a5d9e60616b3,distributed signatures
caadc2e16d30e8efcce590db78d8abb3d,proactive proto cols
ccaa20be848e6976ca02673607319eb51,Key words and phrases: bootstrap
cdf2c63c042a67aaede4818716d2d7a48,stochastic search
c57d6e3e7d340939ba67f2bd486219e14,resistant fitting
c782f5c05f3ab30bb99a1f84b0804d1ca,confidence sets
cadb52c752fff890a7a2b3be07cc9c0d9,breast cancer
cf109af57b1121cbae96cd774d40ed7bd,mammography
cc70a904daa782dd468095c92363dc079,diagnosis
c222a267cc5778206b253be35ee3ddab5,Current
ca82be0f551b8708bc08eb33cd9ded0cf,Information
c452653085babc8e959485a9fada702c6,knowledge representation
c952859ec92e9f3da8b57750eee777afa,ontology
c95d0b5426259be3b618e67b123003f0c,knowledge-sharing
c5c18ef72771564b7f43c497dc507aeab,context
c0833e1b03cf6a27bbb5febc738dd2e57,model-based easoning
c820b8f74ad843d1574106ec4cadfc07e,Reliability
c7407fb7e6a4df6392aaabd2368157312,Sparse
cfb1b6e23a3767d2a31ef7899e6dd3f1e,Hybrid
c086247a9b57fde6eefee2a0c4752242d,Automatic
c34e2d1989a1dbf75cd631596133ee5ee,Video
cc4d73b22e1efa7b4cf555a4268c99720,Demand
cb0a6bba4af2ae76641fdd8e8c87cb3ca,Key Words: Locality of Reference
c93d1ba74926cab0c0ce27908d9da0197,Markov Chains
c3964d4f40b6166aa9d370855bd20f662,Prediction
c771f60e7436ebcf06fd6cbb02cf4be4a,Memory Replacement
c30995bc861a2c6740f4c6a613a92f2f8,Dynamic Memory Management
cf38211b1ebfd380abfcbdee70f1c0b40,Trace compaction
c90d4a71888d8ca05fb28b53e09b8283f,Trace Driven Simulation
cfb152dffd38213996eaf3fa6fc7f9377,Nonnegative Matrices
cb83de8f0ae45748289ffc9328aa57c94,Matrix Balancing
cb98470db6511b986fab725359793910c,Line-Sum-Symmetric Scal ing
ccc9856b5bbbc79a0211fe16df6fd6324,Polynomial-time Solvability
c0d5b6d2408281d2e60ffb91cfe72de51,Matrix Pre-Conditioning
cc721c194868aa8085632d3cb0bff10c3,Eigenvalue Problems
c77a07e249971e00ce42d5d47fb579618,Cayley graphs
cb79f0fe59e235fd09d44bdb3c79bfae0,graph genus
c44c94e79dd60b8dcfdd20d4e32467718,star graph
c2c4817abf85cc7dfaaadf127e3d8e244,Reynolds
cf788561db599c30ee4958498e8501d09,Navier
c23f7245fccee2e4f5261bcca160d3093,mechanical engineering
c4d7d53f587343ea37821b2c325350ba5,scientific visualization
cdf41a0689fbca1dcfe8387c21523230c,decision tree induction
c8b18d9845744f050df7223e98dda8694,Automated
c104b8923629f6502329186b7770707bb,Content Areas: Knowledge Compilation
cfd27f01aaa6e98426267a1d710ded14a,Analytic Learning
c96a6cd008a8e4c0c65f2f26a56f32149,Speedup Learning
cf489a0a983fc552f005937b042ca269b,Constraint based reasoning
cef432a595b8399bb5a99bb7be17ca191,Partition and Minimum Flow Cut problems
ca6c976387577732f9631166ed818f591,long term process
c33c565eeccc5e304396910614acb8af7,law-governed architecture
cf8c04101b1d66ea892ecab5338b38bcc,on-line audit of financial systems
c3267b2920be6cfeeb7682af4ba5da598,evolving systems
c66e037fa20cbaaca6954345dad3b0fb2,invariants of evolution
c639af8384f00ccbe2e95856f17bf26a4,C Interprocedural static analysis
c2d63188a3e737fb3d3cba84a90b07475,Type determination
cae8e8d23c8793a5a0240d2f0ae32a7e7,Aliasing
cc322b70484b3308cfe57e204e1ddb240,Virtual functions
c2deb9002fa0e0f57cdd9cbcd82dca1b7,Cardinality Matching
c38f5be489f79b392a328cb050b3e9c3e,Approximation Schemes
ceadff9c63b3efd4f7269fb2dd6476fde,Eulerian Graphs
cb8da6df14bf06283cbf588df6998722e,Panel
ccf270e40d273f9e7fd7c3061729060c3,Training
c1cc6e91785bf1a950ca3424ff3ccbcb0,Inductive
c271aa2fdaeb524af30faf88584424763,Heuristic
c1f2c282c0a3cd84869027e5ea2f5bf80,data engineering
c8a7bdba9c932f268ef73922c0dab071c,clustering
cf6db6e62bd4eb32c1c211436b01cf418,unsupervised learning
c027a5217b659e8bedb70978dea494d6b,Irrelevant
cfebd2e6375ba37e2e17d3bf29f70e5ec,Polycultural
cadbf4737160e10be825f4fbb5309fc0a,Key Words: Nonparametric jump regression model
caecd275691f97066ce8726b7468a336c,Jump detection algorithm
cae8eda36e1283e303e8a611b6fc5d19e,Least squares line
c9af3f60fec051a4b4ccfe07f156e1396,Threshold value
c38daa44207b62c3a8706fe9fa16348cd,Modification procedure
c57a683506d5b23e99241fa1ea2ef73e1,Edge detection
c15800a60d4e7b6e48da83d7b95a9c066,Typical
cb4c2b550635fe54fd29f2b64dfaca55d,Special
c3e43207685247008d9e1ae53ecf8cab3,Euclidean
c03937134cedab9078be39a77ee3a48a0,Group
c101222f5de28a8ada8477a7dd32d01ac,Jade
c45ebe6bd838f67040a398bf6fd40841d,Stanford
c447d51b0407a8a0976fab11b8c379623,Categories and Subject Descriptors: H.3
c6bb86e2aac8536645e3e68888ceb00cd,Categories and Subject Descriptors: H.3.1
c8ceff07c3d48bff84bff102c6677e711,Categories and Subject Descriptors: H.3.1.[Information Storage and Retrieval]: Content Analysis and Indexing
c0ef7f773443d5ae30aab0e4ccc8523c2,H.3.3
cabda25a99881ca1d76539e3a709332b6,H.3.3.[Information Storage and Retrieval]: Information Search and Retrieval
cdd7536794b63bf90eccfd37f9b147d7f,I
c08defeb533f8f4051a1214596281ab8f,I.2
cf6ba12c41a831c701112c77755a69df6,I.2.7 [Artificial Intelligence]: Natural Language Processing
ca143f1aeb36a38d1814609f13027e12a,Morphology
c4c72d232d1a1406e6c26251bbf6c3b25,Dots
c185ec3ece71e6873edf517d5401192a5,Boxes
c2ed1afe3c9215523e4272f46e6186b31,Motorola
ce16b5b7f26f54214445cbe38d72c2828,Fast
cf39181116a0042e3b50710c2a1e70f74,Packet
c91e475593218d6580d3aca41253abc01,Switching
c929f47df8202b445a47ebd49d74555b0,Much
c08bbaaef7ba3ba833dd326255d137f11,Multi-agent Systems
c35f35fe579c03a9a6a217efff2494bb4,Coordination
cc178ab306d687db75c3a654ace13e81d,TITLE: Simulation Studies of CDV Tolerance Single Node Configuration
cc7ee61e0be3ab2116d455ef1e3200c99,Brayton
c080804b915884e91a0fdcaef05eef549,Moser
cc4ca4238a0b923820dcc509a6f75849b,1
c7241cd05e181f32e761da80b20e5ce68,1.1 Dependency Detection
c63f52c44034c82dffccc84344a124db6,Aide
c9d0996a44c6d51cf223e833dceecb286,Artificial intelligence
c98ded198ba3a0a30e7cc64e4a6a93f45,planning
cc5823899096e70d9cdffe66169cddb9d,data exploration
c93a3dac9f6f376ab6f967314ec375687,Opponent model
c0fce192be1061d52c0fba32a9468b09d,game playing
c3ca9bde214c4daa3abc45af4d9d61a76,learning models
cbe38c0ad5dfd34ba4f67c5fbf4a7769d,information agents
cc8dfd3addfd3ff5cd7206f24dbb7b113,distributed scheduling
c7aede49e48ba5f87e021f30abec36791,adaptive commitment
c6132295fcf5570fb8b0a944ef322a598,Alpha
c246d155780b0827ede6772955f1854b3,Meyer
c05dc4afe009464372a1191713caece68,Wand
c03bfaee27b3b5cfb28deef84a0f416e5,Threads
ceb6d8ae6f20283755b339c0dc273988b,Standard
c9b6545e4cea9b4ad4979d41bb9170e2b,Advanced
c827ebdf1a7bb5a5085da7c8e516180b7,motion estimation
c2dfee1c718e9ae657d4f74d2e3a8b7da,matching pursuit
c8337107bdc8203958177f55a772628e4,Larch
c8ad3ac3b37da9462c65a4ed9d3c6a86b,LCLint
c9d6d664209abe738390af710abed6017,lint
cf3453ce44685398a83b7fe3902d2b90c,specifications
c4cca2d031018977241ff72c723b3d93b,static checking
c8b78001ac999625de3787acfc3b5b2c5,Todays
caea23489ce3aa9b6406ebb28e0cda430,Windows
c60806a484aa67dd4b1f9835cf1de9551,Figure 1
c415937f73524fc3a3409bd7b5c7288f3,Figure 1.Heterogeneous System-on-a-Chip
cc1b1b8e1c17594d9ffcec85e34d39c8f,Optimization and Visualization of Acoustics
c1983e50ac17f616255100282439f8ecf,Funner
c03652605b04b8493af507e5b73eed7c6,Bobble
c2b1b78c96448cca5d0d1d3a9e2b1caed,Puzzle
cf2a547f20bb917c78fd87bdd8215e611,Team Members:
cced119c85ed58cffc529bea9406c4da0,CR Descriptors: I
cc993af01b81c9685d4da67e3fd1aeb4f,CR Descriptors: I.3
cf7f4264e04f5892876019901c2bb0286,CR Descriptors: I.3.3 [Computer Graphics]: Picture/Image Generation display algorithms
c60b41232a7afccdd335ecd96fee59bd3,viewing algorithms
ce73e21352b33cdda85df80bf6a0b1c9a,I.3
cd098c79b35e811d0d88db17f183ca85d,I.3.7 [Computer Graphics]: Three-Dimensional Graphics and Realism hidden line/ surface removal
c4cf74ecf5f4eb3344d8a34bd44b3883c,I.4
cbd0ddc3412094f6cc43a30e755e9aa6b,I.4.3 [Image Processing]: Enhancement registration
c20c39e81fa85fc0d909d84d686bdaed5,I.4.7 [Image Processing]: Feature Measurement projections
c4b3f24573ab6216e3cd5ba5620a532d0,I.4.8 [Image Processing]: Scene Analysis
ca7cf005bb511b203df0e377eb953dda6,Mechanisms
c07e01d7a96d9fd76cf08aa5916f7c788,Implicit
c87d17f4624a514e81dc7c8e016a7405c,Mobile
c3027001e66d3a1e4b1adcb042972f0ea,In TICL [MK90] type analysis of Common LISP programs relies on costly repeated analysis and program mer type declarations
c78f7ae96bb4ed51c106b4e448ba71ba4,time multicast connection establishment
c87374a5ff147c456329ff21ccaa0c205,Netscape
cce5dcee0dbc496743f68d2911b7cd05b,Mathematica
c90bf0fbd91f7fd49c297bd0944d74707,Physics based vision
c41178642cae095a6bdb909119b4d16e8,Diffuse
c82d9ed2cb89069c6ba60b27c812979fc,Generalizing
c4bac8b29a785f62220607ed2d9aa85c0,Berkeley
c1b531ab76343253f9e0f23228acaee0a,Environmental
c8218dede85f620da6a8330c4df3fb52f,code optimization
cae0c5409f299115335a46e161a574501,program transformation
c9a85244cfb1838062f00a1f3d1a89018,comparison checking
cf9a2859df1f2546ec9ecb272e28da6f5,network RAM
c34fff350fd88809513ceb81a2bbc8b2b,remote memory paging
cbb85f66cb13869db28ed2cfbb4f71924,user-level implementation
c862ec3485ba32605ae7175efac3f19b1,protein docking
c7f950dd398e97a32855a7413b4d918c8,model-based perception
cff8ddfaa92d134447705879bdb2f5276,ring closure
c118cc552d2fe08a6321f2a724a166611,robot kinematics
cb5acf002de883922105154b4c520a3c6,protein folding
c1096d23285109ee57caef5f64cb9327f,dynamics simulation
c3cddbb8f43a4e074e2c2ce3e8622f43e,While
cf13eba9049cc11b79c21e5d686437239,Terminological
ce501816c98cf69ae0554cdb306a57828,Pac-learning Recursive Logic Programs:
c365a7eac12c19a4ea716d4bac73473bf,Programmability
c8e8f80f69b775a56aad51f74c3ffa73a,SIMD
cb702b2f14ef07b630836c2bc716d7541,smart memory
cb4973248c9abf51a25ef754b0f50a793,CRAM
cebae17841ce69e653df838d8c20ace8d,DRAM
c40db945ac8a9a1ec8bbf8f3c3c4e003d,PIM
c8c754a8b160d16c1303fffb3428af16c,IRAM
cda27787f68c18d9fd8c1d3b9e9fb3f6e,logic in memory
cffc76680cc670c734ff4d0aeed7558f6,Portable
c26dcda5742ab454c1d64434b2ec4d9a7,Prover
c81791c4202479dbd6b13bd216ac86fac,concept formation
cc1f458d128be89ecb3b6bb24894c5091,pattern recognition
c9b53e999d77dab568559dd6e19bcd2ee,spatially-oriented reasoning
cdc6867b53718f6ea313b31ff524a725e,decision making
c12683409ab697004a8b24eb6d363f5aa,Hoyle
c68c483c5490b7ebf26271a9ea598e8b6,morris games
c4854e5d3d3de8be066a2a863b1886709,Pattern Learning in Game Playing
c8189ecf686157db0c0274c1f49373318,International
cd7a84a9fb236df685f29540da550488c,Recently
ca10a9bcd450087de1ce1f80b35f44883,Legal
caf29aa178ae43211319e28f627e96590,Sensors
c2f11bced07af78b88fe03a5894e86382,Lightweight
cad1c9cd3e7b07e2c364c985f73188054,Modern
cc5b7460e9b0485d062c85e1feeadba33,Myri
caa9d1edf15750600cbc92f1361943599,Networks of Workstations
c9b99bf7d2bfd4b09363304c166832734,Clusters
ce39862e7418e344c1e1f7a920c62ad65,Parallel Computing
c5a8d9c1382bb71230ac5a323c40cd71c,Coscheduling
c127c926781d058ccca7d7f445b3010c0,Fairness
ce83d3fe72413a16d0036dc1965b81a70,Proportional-Share
c2dd4472245a696bc0b4b944db2a8b519,Individual
c350e2f043da24af421369ca4d0178371,Deconvolution
c88fac409baf592beb25e285d8663edcb,Neutron
c675056ad1441b6375b2c5abd48c27ef1,Depth
cde8504b73ea228d0ea9bbce69752092e,Bridge
cf23ffd3d324c32d55df7d89d469c8777,Key words: preliminary design
c967bd1625f6818e792329c2c2e14ab30,cable-stayed bridges
c140d2aef853f44d5318888de6fd9308b,decision-support system
c359a142e7b2469af938f600db00d3cc7,knowledge ac quisition
c82c92855160867376ed0610fb163d2e4,synthesis
cd4f8a6c3fbcdc30ca91f161a85c5070c,computational models
cd874f6e071f3f3f1ecf32d5586ac36f2,design practice
ca76299e3fcc8eeb550db1320176ac000,flexible mod eling
c81861c829fa095b479dbcbbfb24ecd65,natural language processing
c34f5faa82b6c5585daf0c574720ad299,multistrategy learning
c521276b333f2672d37b853f7e76dec27,Key Words|quality function deployment
c549533baa6d9771620d7caf24031693b,knowledge acquisition
c874f2667a4e02fceaaa2383583b5cdce,quality control
cd0130cda0ec55f9bfb02721f212f13ea,design rationale
c212e01643498b989c358e9e29ac838c9,repertory grids
c579b30b40dd856232fc20eec6fcf697c,conceptual structure
ccf11b3eb116468c4ee58fe69943d1471,enterprise knowledge integration
cf4fb2aff0c8257f5a460af8a8cd1b15d,Modula
c7e1321b3c8423b30c1cb077a2e3ac4f0,Here
c0162bce636a63c3ae499224203e06ed0,Approval
cfe94bf938933aa622a23766e6bacb8fb,Comprehensive
cd12eb053dbb7c2fa4c8b5b605eef5fd2,Ptolemy
c36d284d95f5fbf45ee537b8d5cf22d95,Sequence learning
c6269bd2616757900daa02a4c9440d5c3,Partial matching
ca0da8eddc9c03e62c94b2bb371f982da,Recognition
c53a9e37a219703369d7e7b43621166dd,Computer se curity
c3cb419a6c2fe5ee9b38f7630c73ca83b,Anomaly detection
c97d6a31dbc29ef73eb7b8048b2976b50,Behavioral modeling
c58e4d1d0d300cddbb2aba74ccceb3934,DUV photoresist
c1d1630790f0c688cddf5d9d24357fc23,wavelet de-noising
c1e6ac6583f4bcc089feb8dfe17a4d3a5,thin-film
cdcf70b7f7f5e17a067ea101af98c84c9,simulated-annealing
c11d8198a37a230e6917b50e5c38f26ef,Kramers-Kronig
c57391192dfa1f247ad015a0fe2eca48e,Pattern
c1c2eaa5d56340808f2a94368501e5496,Differential
c827b1b3da582cd562ee87a9bfa227d5b,Motivated
c45d2f19d9c6c350dc616268f2ee45e0e,Automated Highway System Design
c94063d3fbbd3ad3cbc4578a486481585,Fault Tolerant Control
c6472ce41c26babff27b4c28028093d77,Safety
c5e674fc22a3566c3836d071a6b9395e2,Input saturation
c5cac04d76aee8b7d9b2444fb3549a445,trajectory tracking
c945f08fc7e023094eb687f476a4ab0ef,feedback linearization
c5873d47cc0d35f2f419238bcd859befb,hybrid systems
c6d06fb0ce7b886a537d4895f9996af9e,air traffic management
c7a497bc864085e8b19295463177d2f54,flight control
c9b62305de14f24a0111b59ac6e687b80,Intelligent
cd6af9c1eaff2a89ebd3f8d0c542be12b,Vehicle
cb72a19a47c3aa6017104cde8789b36ef,Highway
c700172587c791cceb2ca5c6744e211db,Theory
cd0e6bc9b7a0b99d3c99c6a6f7db9e9d6,Situated
cf2a543f6af0227d70b90992db94c01f1,Belief
c60494f02d440f316319dd0fad40ad007,Nearest
c512d6102506da4ae0c35312fafcf7376,Naive
c3654bc6af3040c02652952f1fb3c5f43,Mariposa
c7034d72178527959767784e9faadfca7,Stochastic
c27adb0b3f92d9b8f7fa4cb55b60114cc,Lawrence
c443a58b358f4982d4cd55f8222be13ae,Musical information retrieval
cb8ddc45987ef5c3f7ace5d4b42e8ffef,pitch tracking
c5b275acdeb8fc301e8a22e4d15b10f67,color segmentation
cfa9a2a83439199e8a7fcf6acee7bff95,reflectance ratio
c4069408fff143a94bc2f24e5dd060652,sequential labeling
c7b63287afccd7c7daff497d834a46733,motion segmentation
c6e81c80d752aa5b3fdb3f7621b54572f,census transform
c99522acd8b269ce9d84e2bb9d2ed4b29,morphological filter
cf056f570a2a780ad8e2e8c9cb28bbbdb,snake algorithm
c89d7b10cb4238977d2b523dfd9ea7745,Loop
ca3e8ae43188ae76d38f414b2bdb0077b,Texture
c8226588f03da49b857e5ddf8c508dd2d,Motion
cf41378dc2401a066a07547accdc467d0,Our
c275dfccfece442bef6586d62ab24d475,Latent
cad2ee48af836d71513e02e3b82b34e48,Statistical
c4994a8ffeba4ac3140beb89e8d41f174,Language
c370964eec07cba8c52acb1ce1b35ab6a,With
c05f3ffc654665a471bb908da391d2e0b,I/O automata models
c6bdb7dbddcd02a417438b5bbfe421548,formal verification
c18110fbaed819451ae7ee84f27964b91,distributed con sensus
c82f30903e278ee397416f3792bdbbd8f,partially synchronous systems
c2ce2dfbc027b2ccf3f83eed3d82e5def,fault-tolerance
c316f4ff7c9875e5f6084acc357705350,atomic replicated read/write objects
cde710e92e2b5f71c4705421cdb896b70,atomic replicated read/write objects.Keywords Distributed algorithms
c0541ac1db87b205c93e0dfb5f23c1e28,atomic registers
c2a30bb44d8369f150a8ca8a90c895815,message-passing
c77dbed08f2e551b745ef325280f592c5,quorums
cc36e53d92ce8bad41ec437f9995b8c48,Privacy Amplification
c952f625491d3deee916e06094c09fdc4,Guessing
c8fe5161d085e6588565498bf166fd5f8,Inaccuracy
c46b32c6db4cdca78732a2d71eea0cd82,Renyi Entropy
ce807e20026b449069c06fa40c8f5b219,Key Words and Phrases: Derandomization
cd23c5976e63fa74abd91d2395d0355a1,Imperfect Sources of Randomness
c5e1b316ae7795cadd4d72ffdb97eda8c,Hitting Sets
c01c92b87f042a8773daa9bce93f31ed0,Randomized Computations
c775af972bcb8b2454fab5649b32e09a5,Expander Graphs.Abbreviated Title: BPP Simulations using Weak Random Sources
ca62a6f38f8937034752e7a1547a2b35b,O(log n n) area
ceee4ee5b8e11e22d2855a1291e1e1c7d,O(log n n) area.Keywords: computational geometry
c978cf1f908ebc4113219721565fb4a69,graph drawing
c3732267a3c9833c1d85fc6cfe21f9977,Creignou
c1c864549d87029c25641463368074c20,Khanna
ce17310830c72d17857bf7df1ddf80dfe,Improved
c6679e65c932b2c5ad98080ee21a4f0d4,Non
c5f04cfaf269fa89ee3bf0a84383ee9cf,Reed
c161a5ffcff82faef2df0328cfde05523,Solomon
c374adb5709d000ab0d6fb1532aef9692,Applying
ca517747c3d12f99244ae598910d979c5,Author
c8d2e2a9aa15c335bb293e36ee949f493,concept learning
cd29649a4215e6b797e78e9c6bd2b82e1,imperfect teachers
cc1dcf9c0743ab2a858378d624cc3b821,monotone DNF formulas
c39ec3d8b22c19a86248c2a733b2e6f82,equivalence queries
cfaf1b4a99f60f9c345ab00a424e5487a,membership queries with missing information
cc51059240a32a45cc4e399943d398659,persistent errors in queries
c62bc8725a2c124f9e9526e929a913121,protein modeling
cc1090365127e149060ecd33e52f167d8,efficient algorithms
c0de7d2ef58b855ee00677bca08585a70,protein vol umes
c79a72b1492aeb0907c4c4337aa5200f7,measuring unions of spheres
cfb8b6699a07305ead3c946d099c4ebc8,computational geometry
cc735ca28f98e533a5534dab7927509d8,regression
c55939ea3e3d8fb18af20c3ec65497d4f,subset selection
cebd0ab7b9c2dd9f9af853f688c426171,shrinkage
cea024b152cde976b59029a8c6b155e80,quadratic programming
c704b5561562b054400f33f22cf61c5f5,Experimental
c06b185256c71c1aec263c6e22bf8ef6b,Sensor
cd78f25cba2eaa3ff49f3ccfbacf1445c,Voronoi
cdf8e371b799b2cf7fc3a7efe68a66de7,Key words: job scheduling
c333aba968c38d95e63061cddc3924d56,optimization
c3eb7e866b13172df016428663010aab9,Constraint Logic Programming
cbd544a1c58305927057b5e6a8a79f6d6,Electroplated
c44cc246b0c3bc5602ca81ab19e6a364f,Flexibility
c27226c864bac7454a8504f8edb15d95b,Boolean
c28c02808d035abd3371299d909f5e0ad,Computing
caddee1396a3e20ceea8071ed6da54866,Symbolic
cbb4c4b555a0eecbc815ffc53f0f49362,Alternating
c2360b62e3759f9711062795c82d0b5ae,computable local criterion for proving linear-time abstraction hierarchies
c9e727fdd3aec8274f46685441900280d,Project
c5c835c22429f25992b4371691ecde1a4,Submitted
c83caede80f1dc1c223ee74adf661844f,Workflow Management
cd656c1d4eec9e1413dfb1ff18cf91d48,Correctness
c02f128b67fc2113ce07dd45267085b9f,Failure Handling
c6fbc58e7f7ead6d68424b252c58052d2,Coordinated Execution
cd1fba8439c2b8b001bf8d5fcb2980161,Transactional Workflows
c2e5bc8831f7ae6a29530e7f1bbf2de9c,multimedia
c21c0deceda8fcd848728fa545cf4c3d0,networked
c455f7fd6efa816bd660e78d3c04d315a,individualized courseware
c793b899a4f8fdf8109b9b0e71aa0f28e,WWW
c178f0c890b24366d05501851156f4e55,student model
c4c203b76e2847e3b6e1bdf7bf2ad63a2,prefetch
ceeed8f7e4151fa6466df5b3d152f1754,multiprocessor
c12be761f63274cb369924661d364e7cd,preemptive scheduling policies
c21c05cbc80a40ee7ad203ff6af809a71,adaptive scheduling policies
cf6642d11ed61616567df0fc860695bad,message passing architecture
cc4ff3f301ad8e7ee3e8c2533e7a3099d,Intel Paragon
cfe4dbcab9b910577e5035e97ac068dae,Management
cc7ee8a08509745b00fb81c3521b3bc10,Join Processing
c50708853f21ddc8571c044591ecc810b,Merge Join
cb10823a7051ecd711f7fb245f5d1c2b2,Query Optimization
c98645315dd4836ab401e587b712d63ba,Digital Libraries
c055592e262cd8a0a72ca75caf4bf3c40,Decision Support Systems
ce9ef48a7c8104721d7c1a8e767232597,Data Warehousing
cfb1bb2ec89f997993fa5e851a60267f5,Polylith
c65ccf0f205fb154d14c470767026d75e,National
c256fc422c39806403615d76c9074764f,Spoken
c0945359809dad1fbf3dea1c95a0da951,Document
cd8f0e941067f8cd4a9b807eec3705a8f,video browsing
cbe9af22f2c9daa9f570849535c4159c0,information retrieval interfaces
c32707275e50c0b0e8dcc15b91df14252,speech recognition
c3f5e0c8798b9fc074974547bb0845ecb,News-On-Demand
ccdcfcb7f3e58cf3e44a9c95ba0df5d06,multimedia indexing and search
cf96aa1eb2728ab394b3aa09c09bb11e6,Informedia
ce42e9093617f1f463dad815ccbc918c4,automatic text summarization
cf7d7ac9d83944f4e1d1e375bf890740d,video summarization
c6385ac3e72c5d55a0646cf09737c0f78,digital library
cd6ca854caf350ca51dd759127bcf24c6,bias 60 decibel (1000-to-1) amplifier with good frequency generalization
c1ddf333c6654f7f89c739dddfb4cc429,Applications
c62a57b5e72e50a748797f61e3e945988,Plaut
c5d63bc7f7edb868ae9eb11e26867778c,Plutowski
c25a81701fbfa4a1efdf660a950c1d006,White
cfa9218f2927bf28f67029569c2c86b58,Envelopes
c2822afdd3678922f1227a54c39d96624,reactive planning
c256c97244a73abd667ef78c2a1a4a02d,partial hierarchical planning
cb0c3695dbca51684ba456c26078b3bd3,exploratory data analysis
cdea0a476bf5226975bf9ae2076aa5c4a,data mining
cfe335d097afc2b2893fdfd6e401b01d2,parallel and distributed algorithms
cce8145c067f7c8d114b253d6597928ad,systematic search
c38d5bddb7f714a1ebaffdf97910f164f,multivariate time series
c8045a0a6c688b0635e3caccc408a1446,Generic
c5573c74299e0af37fd558445022c4b15,Constraint
cf23cd42b70f45268022bd5d3cff5a05b,Constraint Satisfaction
ce379992567cb339d5f0d42c113e08a74,Finite Domain Propagation
c90e170c2665025f60111c8faacbadad8,Constraint Repair
c9ac5c0e58ab27523b4ba00d19925fe8f,Fleet Assignment
c0b06d2faded8981fc5de026b448e2e87,Content Areas: Scheduling
c3503de58e4b2975f2956b370c86b0477,Constraint-Based Reasoning
c8d0b59b5eb0418053193fe299b739eb9,Causal Reasoning
cefaf22936da527455c75d397aab80ada,Graph Theory
c63fd528b6578a6b38d2648f353487e91,AHS
cfcdb76644228e946ce4cbed84d141a38,ITS
c825a3d98017bab11815ad2817201324c,Shift
c130c13ff689d8496c91dc5f90b424530,Automated Vehicle/Highway System
c9b45575cb2708dca1073e80318b62259,2.0 CM System Architecture
ce3b704cb82dc5c6c878c845263290461,Key words: Case Based Reasoning
c10429a8986fff96788c748c4b6851016,Assembly Sequence Generation
cd9344ca4c706423a2d74255886e06101,Monads
c86ef321bfd381498f31a6e17c9fa3cd6,skew caused both by differing buffer delays and wire lengths
c392257c4628a5b47dfef533b8a6877d8,Efficient
cce5bf551379459c1c61d2a204061c455,Location
c7641e5f4e7e8517bd0477fd81e3de1b8,Universal
c7f80fcc452c2f1ed2bb51b39d0864df1,Real
c60312e2a383d64ff5c14e895949f1b7f,MSE reduction obtained with a nonlinear (consistent) reconstruction algorithm
cb49e26a7c427a576d0ac339e33306f55,and generally competitive performance at low bit rates
c2e9b580ec0b1fe078e6c5dc653cc34f4,and generally competitive performance at low bit rates.Keywords| quantization
c3cc1b3c11f6fd44ac95321bdce11e3e4,source coding
cbfc4da3020d2f8980fef4c2b55866975,consistent reconstruction
c40bc1f3d307487830d8ccd04e8fae579,optimal reconstruction
c6f44bd6950e3b42a1da6852de74f184e,overcomplete representations
ca0b19b38c17e68255b96e89422d2db07,MSE bounds
cdea5251e486aed942e1bc06e1d5c116c,Life
c91f270f732e617a41dbff73680c57af5,Apollonian
cf777b8eed64d0536e38ca3d4ef066a8a,Dionysian
c800efb76c88ed758854b775e2a554cd3,Suppose
c45888a4da062f16a099a7f7c6cc15ee0,Computers
c0368238ce31694270e3f5d51452eaff4,Thought
c2ec085309df8955287266f8aa8764f48,Vision-based navigation
c8d72db86a54b23f0cd6062a1c276540f,space exploration
cc88209a1bc5e2a2d728a6c52f37529a8,modular design
cbe372d7a6c66257528eaf27a6bc2b91f,reactive control
c3cf6346ebec084ca3ec3ae0162960db0,unstructured terrain
cb39a035a995fc6597c8eb942210d1527,Behavior
c960b44c579bc2f6818d2daaf9e4c16f0,Normal
ccdd7676ebf74f8af7f2e88715f627f4a,Multivariate Approximation
c89dbf18c82322dabc4ef0ded5b5c3ce8,Radial Basis Function Networks lear
c60579bb8e65f31b5d6a675e90c2b7e73,Implementing
c52432cbd9f9df2483189ce2cb45f8bad,Magnetic
c685328de133c45adec07a1effcd3fa88,Resonance
c2097a23edbedd03bc20d405a8610c4ae,Robotic User Interfaces
c85931609e0ece151e1bdcf006a1b002e,Natural Language in Embedded Systems
c59771db1b680dcaf85f1971aec2de5e1,Genetic
c130c5b3473c57faa76e2a1c54e26f88e,Both
cae160b4691f9e79ba0f78369237218d0,Eye
cd052704ebf0f76c9ece790b34fe49b11,MIMD computer
c80de36cadcb7e968c5c866826e8a44f7,Psychophysical
c71e2ce9b9fdf9f422f74f3ed7b9b94d0,object representation
c786b9eda06ddef1f8fa82bbbf085c232,regularization networks
c7e9e6b18d471161980276c095bc892cc,computer graphics psychophysics
c13b303a6c0d90897b5375ce901acc445,Flexible
cd2c89919e8340ab31e35ce34848d4812,Vetter
c2cac666fc8f27560f6fab0a1917e3e81,Poggio
c59830e37ce261d31ad0da0d5d270d0e1,Jones
c69fcd1a3ce177f8c4fa52fa52e35fe6f,Histograms
c294387ed996ae8b600218ced96e27ef9,data compression
cc81dd2b06d799ade5ace83fd06f4c406,cumulative distribution functions
cffc59436e37fc716e4a33872e97e556c,approximation
c51db4d1fe5e2c7808d0266be968eaf0c,monotone functions
ca09ae787d5e8a72b3e2634d0392cc6c9,dynamic programming
c10e32d257a4ba1014b8c40818e78284a,Monge's quadrangle inequality
c1e6b940834702a4e2eeaaf7a4767a8bd,concave cost theorem
c31840a66a8d6d223e5b0540138768838,Market
c654a9672469401ce8348a194f7c5e329,Einstein
c303ce8462e15f976fbb728ac984eee23,Podolsky
ca448ffa969e691cd387eb7deac4f453b,Rosen
c5225763efc97aebd39e5a303fceb57ac,Numerical
c9c0f8130a55afd76fb735f5168b39a87,Tailoring
ca854057827c42526efc64123bf69fe7d,Although
c1dddba7d449f7cb1aa7608f4c6288f05,world-wide web
c4d283a190adb01596c76c7c2b8172982,uncertainty community
c22928cc371557001ab3cf6bc5907ffea,encyclopaedia
c376711da457ef7aad37d0cab3bf212ce,annotated bibliography
c2863bc264d070388a94111bc05f77f0f,Fundamental
cfac632b55af23eb31e9bfd1311ca0ac5,machine-learning community
c6cb018049b694bb133264c739bbe59be,Motivation  Cloud Classification Task
cb9855217adbf06c2069fa36959f7d291,Conservation
c81588d326cebe6416d3904db93603af1,Law
ca29e995d8432cb3e0c8b5ee9d5cff613,coevolution
c4ae35cd73aaab213ddab7bdf5b949790,reinforcement learning
c5b217abfcc4d73983f9fbc8ce4f3cab4,perceptual aliasing
cd4635edd8a35e8720fdecff3b75f803e,lazy learning
c22eabc742bd26f2ef4b1a75260e74943,k-nearest neighbor
c9462d52fc61b02b6bfdf22fcc190ac61,feature weights
cca4e6cd83ecf72552a1537e1052c97d7,empirical comparison
c843abc968f70b347d7e5bde9e599c259,decision tree
c2fa7b041eea9ee875e012bac495a639c,survey
cd5a80c526e92ed9dba8de8d35c81f392,simplification
c9db61da6417bc27c2ed76b088ccf3d44,case retrieval
c292b2a47cb8a54678be1574cbd38b405,Conversational
c6200674dbd4d978bbbf98bf013a58894,Case-based learning
c34d9459a28246e26e76240fb40900b85,Conversational Case-Based Reasoning
c13ad5ac690e735fa48cf982532174e79,Navy
c4f1f6016fc9f3f2353c0cc7c67b292bd,Center
ceb92718ed6af8ad7884b54abc066a2d7,Bayanihan
c7acdf85c69cc3c5305456a293524386e,Hidden
c0ba29c6a1afacf586b03a26162c72274,Environment
c90d2ecfcda21862da62fc77527bbc9d4,Keyword Codes: F
c66420cc2de14716d9134e1f29536a4d0,Keyword Codes: F.4
ce007936645ee34346b36c5d135c6e46a,Keyword Codes: F.4.1
c9d5ed678fe57bcca610140957afab571,B
c859b107ac43d70b918cd9783eb9f7164,B.1
ca287e3cf8f643280c9a702c192de2b67,B.1.4
c9656ce5c95bf9c2606bafc79daddf2cc,I.2.3 Keywords: Mathematical Logic
c0672a0a27b1493126ec1ee35189fa4db,Control Structures and Microprogramming
c6b066703823b6e21eabc53287fb8b144,Microprogram Design Aids
c8b29471a8cbd9d74abf15de590dc517c,Deduction and Theorem Proving
c984c52a196b00be4b98ba32c5ca70bfc,Timed
cafedf9afee367f51f98d7cf030c976a6,Transition
c603dd2e9a51b26cc1ff9b614570643c8,ATIS data
cf397b7fccd4702bb9324e0e6c5fa351e,adaptive communication
c63c3852f49d7d24afce5a13dd414ec74,variable reliability
cd1ba642eeb719c054071d87264befc52,sliding window protocol
cb403abb409eca78b78f827e850c5fa33,data partitioning
c973969af72d3b5094d5b1598949375e4,Operating
ca45da96d0bf6575970f2d27af22be28a,System
c26fccddf2f94b1685b184267996e10f8,Reading
ceada819634d0164c6a7547bdcc405033,Georgia
c575e0dc3e4b24d90d2a216d4dc5d0f09,Tech
cdf814135652a5a308fea15bff37ea284,Office
c375d0a1607dc1c165590ca7db8f0e326,Acrobot
c7848a22d65a63ea5290a7c4a2f3ffa73,havior in case-based design
c12d5ec3626fe7777cfcdf95d0f55e3b3,2D painting and drawing
c02ff34718b4ce6a13f74b2f628dd309a,image manipulation
c33d7f1ec5fe18e7ba799474138e71504,Spatial
ce6fc8ca876d0d45d74d881f9ce9c974b,Qualitative reasoning
c6103f3cc99700c0c1f6ab8efd88756fd,scientific computing
c3a7622c57f47464a4fb9935d83d6c09e,numeric/ symbolic processing
c1c3be160b34b34a359cce1969450a0d0,control system design
c7f6c02d96265dd1d37b1101de1101541,Unicode
c6016a2b341113bf496b719905398ecd2,Copyright
ca876441e5617c00df92cac5bd24d5730,Figure 2
cb3e69fc305deb4c9a98c9eca7d1a7746,Figure 2.Flow Diagram of Automated ROI Extraction Method
c30a61870b0726430151d669fd3459ac1,Consistent
c8a5b357a1dbe7aaa6be4842b9f90a85f,Speaker Identification
ce62d9a0bb29e53adf6aab5982f308218,Input/Output HMM
c05c2181f1c0bca06ab7d23e01946c01a,EM algorithm
c7a61eadb9dab5da3ccb5a4c0ee246e21,temporal processing
cdd339507f8d1fd6487e492cec7398942,Functional
c5b977909710855427ac2d915b3b7c38c,Representation
cfdc32a55217f1ca054f1f2b51ef4f6ec,Radial
c9bc05d0fdf5b16984c37b23709d0e7b4,Basis
c86408593c34af77fdd90df932f8b5261,Function
cf03ab16cd58372c77ba45a3d9a5a1cb9,Draft
c210a2592d5931ebaafe8d0b8380cfccf,Brief
c0b79795d3efc95b9976c7c5b933afce2,Introduction
cb2917325dd1af610df915e0b878fda31,ADVs (Abstract Design Views)
c781f2a30a78c7de9e38d4597d32791a9,viewpoints
c4295e8065f2f640103f566df3329e17f,roles
c9074d4992d118978696669561f06dfcc,aspects
c0f217972ba4782e962e2a3eaeefffe9c,modes
cad63a35ea2ac8a42233e5ac6cb325d34,interfaces
c9dea51b41ad380aa83f2a25a7cecc5eb,patterns
c66c3370bf227f8b017a619de7f5897fa,design patterns
c928a87628e50136bb51b192950a945e9,object-orientation
cd522b7276a4e7a8010992057a36479b3,component-based software
c96c5bb989692a6446449072b68a251c9,case tools
cc1428964e049774467e62644b7769268,code generation
c8f89d6b5a2580a8376ed5e4f879a457f,formal methods
cadf9f772a73f364e4ce6c52b9fae740d,Geometric
c207341225027004efe5420dc7813c160,Minsky
c9a166e7dc472ebc5217977d7f3cabd05,Papert
c00af9c51e8c7cc7b22e107b938d91fbe,Bundy
cf96e345fdc19cbd4cf15256c251a39a0,Silver
c014f4ffd86811495a8e5c971bbb6c7ef,Plummer
c0f9263536b9fc61ada745644735bfd8f,Work
cfba65176871949c9cecf94c22b08f6fd,Baldwin Effect
cda90adfe79373575be38489e34103d1a,Genetic assimilation
cf1a29e0a17bdffd071ee50c7ab4c6daf,Learning cost
c43db3a754a9bd3f34a184e5350df85cb,Neighbourhood correlation
c7eec7b334c1248deb5c17712cd749a19,Key words: inductive inference
ca1bc68e995c44d1f9fbfe3a7d60be32e,exact identification
c052a369206e4fe3ef59d3d8d843c2cc4,interleaving
c2d1c23c9932879d320cc12e86895ad0b,shu*e
c17596e73c6859a5ad525d3045837949f,process algebra
cd7a0beace0b949199a1af11cdce1f5a8,acyclic digraphs
c7d7b41f7ccbb0f21672eb5465fbe0e2e,Key words: process algebra
cdd7f99debe7ffde2824996f6cbb86670,computer music
ca052bdabfc2457b295bd819d25173a9a,stochastic composition
c981b8fcee42e1e726a67a2b9a98ea6e9,Four
cdd739212c2fa7eeeb733ee670e5f8e17,Dependence
c0aa6f4210bf373c95eda00232e93cd98,Distance
c8e5d9dbc85b2f11b4b8bed57cadf53e5,Workshop
c3b302da76db58328de4f87af0085a24f,Static analysis
c022bf62ac54f913f2bf4850782247637,abstract interpretation
cced37c528b0510dc778000176ea5b45e,type and effect systems
c6bf29ee9d0d90da04ff77c3d3879f4e4,foundations of program semantics
c012d211b4ec576a35106dc4b9bff44e8,time complexity
cd7778d0c64b6ba21494c97f77a66885a,Filter
ca1df235f31ab488efb8dad38948844e1,garbage collection
c4261be6f824fccea87170cf7c6b4b364,dynamic memory allocation
c8a9e64d86ed12ad40de129bc7f4683b2,Split
c6b435e72eab069c64ea6231dc94af030,In TICL [MK90] type analysis of Common LISP pro grams relies on costly repeated analysis and programmer type declarations
c5d5b78699e57104f2fa03bbdf7b9197b,Set
cf3d6d6f14fba9154c43c28a051ca3c40,Backus
c5b400cb25bf8d47b71485a3c85c73c85,sage Passing
c3f75663a007317ea12dda45dbeaa75ee,File Systems
c00fc3594abed94b9442768a87748ecaa,Network Virtual Memory
c8d3cad9754a9e9838bb1c4467ce545f0,Global Resource Manage ment
cfaeaec9eda6bc4c8cb6e1a9156a858be,Availability
cd0bf1810982e9728fcf3ac444a015373,Put
cc55582518cba2c464f29f5bae1c68def,Get
cb94d0798945de998a51091134381f174,GAMMA approach
c615e6f9baca5553d44683a098d342b70,Virtual
c5d1cf40864fe85e4760aa1d227945b32,Myrinet
c28d0edd045e05cf5af64e35ae0c4c6ef,Low
cb765297a41edb35cfd130400b04f76cb,active messages
c42aceba8494eb9083153e40571592b08,massively parallel systems
c47df6dde6cfeda4405ec4d3bfd360828,Junctions
cbe53a0541a6d36f6ecb879fa2c584b08,Image
c4d9ba0c70be930cc598307b366390e84,Institute
c0c7d6cf19426e01dcfa32434828ed266,Secondary
c540b21ecdb276f5087ee585cedd6d5d0,Mathematics
c80d032dea264773aaef868f6b970f82b,CR Categories and Subject Descriptors: D
c4a27443af3186b6fb2e4e4d91045543d,CR Categories and Subject Descriptors: D.4
cdb3c1c216f4094bebf69078b1136c069,CR Categories and Subject Descriptors: D.4.3 [Operating Systems]: File Systems Management file organization
c115ceb5d2368a351085417fd15db55a9,directory structures
c022bf411396d2bef893d7ab1abce15e1,access methods
cb5f4b1ab6536efcf05f785145ab9b91c,D.4.2 [Operating Systems]: Storage Management -allocation/deallocation strategies
cc6b6562c8fa2ded6315ce26983a20ea0,secondary storage devices
c09ffa1dd5c3af686d5965243e73b3eda,D.4.8 [Operating Systems]: Performance -measurements
c6a43f5115d27f415dad8d16a0f9812e7,operational analysis
c3205641de1cf8fb3a4eebd42d8af3216,H.3.2 [Information Systems]: Information Storage file organization Additional Keywords and Phrases: UNIX
cb47560a8c940a34323cdbcdb8aa30ea4,file system organization
cf5d4ae6a7c98fa391d256fc880da4ff0,file system performance
c692ec4c6b010c98cc025bb7aa055786d,file system design
cceb74a9387f63b428a6755bf33195300,application program interface
c9da290dd5127433e2d89e32715705b26,application program interface.General Terms: file system
cdf64854ca2f188c03d38fc4c2a7478ff,measurement
c464e07afc9e46359fb480839150595c5,David
c2686774f6e077bec0436a190954a87d5,crete security
caf6e9bb02286a0af61a3a3e72dadfb3b,block ciphers
ce564ca27bf34839c510238115698786b,cipher feedback mode
c1d664bb4fa1dd8440600b66fc4e8d1ef,Twofish
c29e8eee8080186f2ad6e56e3c0aa56f6,cryptanalysis
ca5c7917c0cbd82c20304b1a0c304f571,block cipher
c76b7593457e2ab50befe2dcd63cf388f,AES
c36ca8b27f92026a233b4a2f81dc92397,Modeling
c944cf0b91745f3f0c9e112c3b2c83583,Sorts
cbba95533b6f582e295b52fffd93cbb7c,Practical
c2ceea82aab3ac5bc623e79186b389481,Rewrite
c14ecfbc5403b00fa4432000ad75d6e92,Relational
c8f49c956f4f16c420457855918b61b24,formance in dynamic situations
c250ea11a17851b86345df7854da92e01,User interfaces
c2df579f3d044331e74dce85d6a365dd7,sketching
c8b8b52febc937f9aa0194a03aff80913,gesture recognition
cfcf8219012d1d848bb13d41c75c0ba3f,interaction techniques
c655c18297a39d562dbbae3d9a7485338,programming-by-demonstration
cca06cf0518967c0166a3d97a7bbef4a3,pen-based computing
c9a1d4889c6f94364db18eafe67a48edb,Garnet
c8c3f6c149d169565a790298e26fb81f1,SILK
cf98714815862cc6a2f47e6a3e6f045a5,Multicast
c653ac32c6b9de96c55a6fcac6480ec00,Backbone
c33b2e2f1c263935b02a4f3d6556ac894,Adleman
cdd8049e7614c1a990198eba4d354fa1b,Hamil
c2d9d499f457f866cd4e692bee7369005,Problems
c00bd658f08e144a20fa99d011cd0b9a6,PDA
c0b7db9103c2d1351f2a3006f13afa574,pen-based user interface
ccc543c64c104746355106cdb676f75bd,CSCW
c7a4ba4adc20bf4c0087ff71ad9aecc63,informal user interfaces
c0fa57570a53b9fa1fc2e94f2c8f1a72a,digital ink
cc05fefb8e23f737b175a03597a551518,mobile computing
c430e23dfa8a1005a5eec889f0e7426ef,Emulation
c7fa7d28f823f91a33439076d82032b27,Proof of NP-Completeness
cd5dab32b2a7e51b7744e488a9228b028,Additional programs providing formula recognition and parsing  Keywords: optical character recognition
cc2625a0aa7c47ebb8cda539a6589b372,typeset mathematics
cfa5875048fcbbeed08e1c132c508cde4,utility programs
c71c5d31a1cfd64f10465081dc2c9d158,Mobile aware application design
ce378791f8d0d473592c985a88cf9526a,network of info-stations
cdad7b48b50633a803b3fbdbb7e997458,prefetching
c178695b760a42b080f53e77092701c2f,location dependency
c475b62099bbf816e5a92df29364b210e,Topological
c4984667940802dedc139aa7a430a6553,Discrete
c8ae856a9f7befcb8ced7fb84160211af,Quasi
ca1595abbb4c3a326636dd178757cd6c1,Control
ceca60ae8611369fe28a02e2ab8c5d12e,October
c5bef12bd90c791166893bf2b7e96d47b,Image databases
c2a5d6fcf31c507c4584dead2a78aed2d,query by image content
ce19c0855187b9483009570e59e8b2079,content-based retrieval
c07c715b91bfb2dbe489afc1f460b812d,world wide web search engines
c09cc1306955a7d5b2ed367969d4e9d57,TCP/IP
cd0049d3b3a1ec2034915bf0782c6cfef,TCP Routers
c597287a4abdf489eb654d5c2397d1838,Round Robin DNS
c72ee368e4d91e4af67e722e31aa02673,Scalable Web servers
ce573b78adde60fc4562bfeadfff29e0d,IP Masquerading
c5f2bb13f26cf295c5e09ffa641a2c8a9,semantics for v
c87b3695bfd6f672e2c7c4da7ca2b46a8,Kerberos
c69f61539de3ecb8f598a0ad9c44dfdf0,Software Architecture
ce2113ff08d313a13c1f12eae087a64b9,HLA
cf2b0c941386d021c0b41e97811517411,Wright
cd608eb0673e49b6c76c0eac10c65ba89,User Interface Software
cd8d03160bde0a40339d63e7330ac5b78,User Interface Management Systems
cdcf60e282a820c6d8a0eb4fe4f9338f2,Toolkits
cba352145f3a2766a9891873fd0ef9efb,User Inter-face Development Environments
c8ab7b3f922dcbea814209decbc6571ed,Amulet
c0139c29ede5430437868e80474ff6a41,Benchmarks
ce73e164452558dc63e883315cac20abd,Teaching User Interfaces
c45d9e571a29aa7b2fbce208102750fae,HCI Education
c83ba600edb06010cc46772294c10d614,User Interface Development Environments
c87557f11575c0ad78e4e28abedc13b6e,End
ce358240490ab8ea95a93577a5bfed218,Push communications
c557cab77a87d7098085b9bc53082fc35,Pull communications
cf56ec2ab97d604832d90f6394e3f341f,Proxy
cbc967dc2d57e6eff184a821bf7577a80,Scaling
cde9bf85c1611c88a23a340148d424cf6,Middleware service
c8f2db90dd4a6fbd95ba8f0bc54fd6b27,QoS
cb0b84ffdb292477094e46e640994966e,Liskov
ca42dc0468329263ee316a61b754bda09,Wing
cdd5f6a25ad0c5c0896f9780d016c0f11,Among
c78efdb81c606abecf5203fbf8337b531,HPF standard library
c7a2df5ac764bc2ee72a11ce57c49851c,Marko
cef974c0440396ad81f6e2b5de1b5dc01,Abstraction
c9c0ca0cabbd78a5a02bf8447347eced5,Allen
caa52110dbfce51cc1ec8a163264151e2,Existing
c3930f7be7967f063fec609a4004067e1,Coriolis
cc98c19727b6a8b8fcf6b4bf5ded39488,Robotics
cb2788e1ab6be65f1c38bf7d23cd081f1,Commercial
c490305d4e07887649c2393e9cd38d700,Key words: generalized convexity
ca61c2ff266c60a41ac6c29c86ce504e8,restricted orientations
c358f38c4a3b7525d92fa7caf93612e31,higher dimensions
c1649aed298f99d587e2eb30c1db5946b,Exact
cfb2fef94c00a0db48c6130676ae4cccb,binocular imaging
c7a7437382b504c2fa7943e701b4fb05a,double buffer
cb4bb120cd24dda73c172c24b93b6daf1,time-division multiplexing
c59ac425045102e3eeab03948166eecd5,display windows
ca840421fa2bc5ae09b8e0acdb92c1848,human factors
c488834d8aad5f9fe7e96bcf7fa88fc7a,stereoscopic image compression
c90a5bcd5dfa7252e33322d16930e7301,disparity estimation
c02d37c225b177c03abb8981e971a5603,quadtree decomposition
ce684d8eeee72ed2583865b78e8d3f57a,Laboratory
c970eed35cee1a20ccae4e529b5683276,Candide
cad225f707802ba118c22987186dd38e8,French
cb3c5b21d2cb47cc950fd4667edaf404c,Where
c41f50950c0be3fc32b1309250ac7ad78,Carnegie
c9414f9301cdb492b4dcd83f8c711d8bb,Mellon
c0daa797f165f322a7b565284e630a112,Also
cc1bb19b27818343c1926119b958741b5,Human
c61d458d8946b919c7c2590e9d6cc0a57,Association
c86f5baf708c6c250204451eb89736947,Sets
c2bcc11a20e7a1576acb8ec37696ed74c,n=i) times the shortest s-t path length
cc8b287075ce4f11c834d2a0ada967ddc,Virginia
c841ff1e59495fda6024d6df556abdaf0,factory automation
c4857b81b9ef8b55be91e34c3181d7e97,precision assembly
ca412c5672abe906562f5668b3b1c2f39,product life cycle
c63a006202a70bd7f6565d914fd41150e,modular factory
ca41871020174558e89b5b1174ccd6cce,automated manufacturing
c4bf73c93e7ede9961acceb3476ffd86c,minifactory
c841d806fd1f9758dbbed5b4dbfcccfe3,agility
c93a097009b6443e711996c50b5354adf,Planar
c54e304df3f5a482298e835c60836c519,Tofte
cbb9ee5151746072a0e7c359d49345f1b,Translingual
c30693bc33782bc5a7a91233f452c1fac,Syntactic
c8fbf82a3ccb8e331c075caa529e8ef7c,Numerous
c992ca1b0695c9656532e0b2aee8fcecf,Component integration frameworks
ccf65cd2fa6e35b5d85227e57695723e9,protocol families
cca42cd2cb8a6daa0e460f69f8020c47e,Dynamic Topology
c739e6d2a73723ec7b1919fa5a51f9b07,Analysis
ccbc6e9792f97c17c170caeb83895c44e,CSP
ca462c8874b0b12c7c598d2083e0f0c6c,Coda
c0b27918290ff5323bea1e3b78a9cf04e,File
c955cd8691ca89a6baa6ea10c7787e604,School
cdee8549464c0203e2684f071f41bfbcf,Categories and Subject Descriptors: D
c9bdeb33a6ddc5e3b5f3123b705fd8459,Categories and Subject Descriptors: D.2
c0d64a205a1b6a15c578087f7d303bfbb,Categories and Subject Descriptors: D.2.2 [Software Engineering]: Tools and TechniquesUser Interfaces
cd620370ea49d069ec1e4b3c5820e8d42,D.2
c721296c5ac6d86d1da41b09879e37861,D.2.3 [Software Engineering]: CodingProgram editors
cfbae3b1930e98d4d34257f75f33d1b42,D.2.6 [Software Engineering]: Programming Environments
cd493f0296f5f8a3640b9e7667f0e6bd5,I.1
c7b46f454bd7438e4073a007078c10121,I.1.2 [Computing Methodologies]: AlgorithmsNonalgebraic Algorithms
c1c3d19b09fd9005623bf201b936bfde7,I.1.3 [Computing Methodologies]: Languages and SystemsEvaluation Strategies General Terms: Algorithms
ce4bef3e67caa0e8a791a968d8768b7ec,Languages Additional Keywords and Phrases: Constraints
ce85a5d05a6018a4d5bc832fef0ab5c3a,development tools
c42ae466cda7f3803707abe0046067b63,incremental algorithms
c8afda3fff34bead96d87f0a2d21c2f56,Demonstrational
c9768feb3fdb1f267b06093bc572952dd,Gold
c053f42c6bae3432cae270ea978f7e638,Fujitsu
c48fd454f9865cd6ba8590cbe6ee54fb3,Laboratories
c2db29feca78ba722efc29c4a0944cf8f,Locally
c4b088aaa68446b6ec08cdc385d03516d,Defense
c7a5259af76484b5a33dadefb4cd7caba,surface design
c8a6b65480e1687f03650d2b8a65e2811,constrained optimization
cdd1f775e443ff3b9a89270713580a51b,Previous
c5dd09b5059f55625a861719183fceaf0,Mattikalli
cf6b2976d4003034fa24e4beac6fb9f79,KeywordsInteractive techniques
c038a93b8fdbf00a6e5eab9a18f7c95de,physically-based modeling
ce055ef65cf32f3405d5795c72637616c,grammars
cc3bbd504b804bebf52a3973123ecd5f6,Odyssey
c2bb387c51f0ebdab53cc485d53694d37,effects
c2dec941cb61f961815664d1a77550a56,program restructuring
c4340fd73e75df7a9d9e45902a59ba3a4,headers
cd12e8be720c72ead05adbf52a42a123b,implementation flexibility
cbe15f528687efa83a0d7b8e4ecfc88d2,limited references
c20f5d52abf984339cd55cd14b90e6254,effect regions
c76dd0128a8e117090123248ec7947a93,separate compilation
ccc7b88dbb06695edd827ef232e4c4dc4,unique references
c97975c78a6188e1bfd0a11bb931d845e,Frequentist
c1c6448d124d22fd466f1c2d410cb53bd,Designs
c3aab368c3fde73e33b09540aa86082cc,Key words.Random matrices
cb5bc503a79fa921cf8426394008d44df,spacing distribution
c79d166e8536a0d870d3fb7c851ff8069,Gaussian ensemble
cbde05b3b363af5a8d1b77e03d9254bc7,Wigner surmise
cd9b34f6b58ef19ff55b0b372967ecee1,Function: Learning Domain: Natural Language Text
ceb2d9ac048f63b514bd26677c6142d1f,Transmission
c58e2e434a50c68c27db93585479e7890,integrated services networks
c767ae4575f235465c0318145d85cd947,Canon
c695c6ae413c00446733d926ccadefd8b,Some
c601560b94fbb188919dd1d36c8ab70a4,North
cd6e6cb19e3b9c02f89d6cd54cfa7c613,Business
cca0dbad92a874b2f69b549293387925e,Code
ca78e86052038afe466ea22f414b32973,Microarchitecture
ce0193c7e33486e88d18411e271f2cfd9,bilateral symmetry
cac0dc003370862c417c6d5ff8eef0f81,midsagittal plane
c66a5ae5e1c1543e5387df9846b2406af,cross-correlation
c53c861c8d7f7cd4f3c693d244b4df928,Probabilistic
cf4d34c46909092e5be2db314abd71076,Informed
c0285d5f3b493e36c3aa3d4ffa18df40c,Cooperative mobile robots
c0baec1a005a096f917c2fd231e2c523a,Social behavior
cf08a0c5ed12bbe6830815cd6005da5ce,Distributed Applications
c3c258c73048c417474253ab865555b0f,Category: Reinforcement Learning and Control (TD-learning)
c756d97bb256b8580d4d71ee0c547804e,Production
cd78fd51582123eb64abe7c3299caa7ec,Breg
cba25d7102b6e9672eb8a2d6843fc089f,prototyping
ca3ef73935ededb612d856859c7cad041,Vibratory
c3b8b51872ff9b3b1ccaca1cfd05dc5a8,Delaunay
ca05b0441bccdd08f885769d25d616e41,Conditional models
c5c6f5c90bde84e0d8ec341a478be73e2,Equation-based environment
c046391c4f14059fa55baaf199b4d238c,Redundant
c02201850c318483fb086b523c7ff26cc,feedforward neural networks
c628f5f92e65d2bb2c403d994831fba9a,electroencephalogram
cb7226e3c9adb30e33755097a512cd59d,mental state
cef78fa19c1023d454e2e93d0d604a657,k-means
c3e7b2a52c2c3c97ee6db1e133d27b8b3,autoregressive models
ca62d22910732d5343689f5117999abfa,Effect
c6139ad1a1a89a915abbcf0f6f8f400c8,Correlated
c3eab9b97def0e8619ab357f4f455b401,Garza
cb846a837002a8dac156bd1134140f5e0,Wim
ce17a874deabea771963a5209f96f01ff,Near-optimal Path-based Wormhole
ce4a297a0f76119a442c2595ac040673e,Edge
cca822027ef9802957e598ddcb2326beb,Recombination
cc2f493254b06a46832e043f236296ad3,Maximal
cd759d7253b388de175d925a37faf6fbb,Benbrahim
cc1a04e13af0e7b2a460b25d0f8dd21cf,Natural language summarization
c793f9f5df08c7405270b13fda0383033,Natural language generation
cc58ef9f75b82bc7c8a79f5d229a30af5,Summarization of multiple texts
cca72879fc0444740b103fe205eff88ab,metalearning
ccbf91b9ef9669d67a59ee6d12fd21148,fraud detection
c571d4400d6dd88ba24a89d5c3bcd3396,skewed distribution
c1156cc104e8bf8600e65a39e6cae344d,accuracy evaluation
cc1099f3799bcf9e2af53901a777bf3d3,Analytical metrics
cd272a3508cba427907f5c6ab8bc8f68c,integration of multiple learned models
c2aaa3e8ae5da0cb963cd62087faf5566,Maestro
c8625e1de7be14c39b1d14dc03d822497,Tools
c5b0b997bbdd002b2f024ac6f2db6a449,Search Algorithms
c020f2224c1643ec2b47f84f78cd4ad01,Proofs-as-programs
c28d2266a62feced900cc2f18fd73a2d9,Conflict-directed Backjump Search
c59a477392f93acf71f7180adf777a4c6,Nonlocal Control (call/cc)
c22f7c16313d62d8e6f49faa58f1ba8b4,Nuprl
cc2f9d4b5db688514768e7c2cdc369b3d,Hamiltonian Circuit
c43b3693f3f59f85858db3d8167786494,Typed
cd75c45e11c8aeb13494dba59a388a164,Assembly
c7b2970d4873d39e47447102079af953b,Stability
c49b50ec86446c8f3d71cc753b322eed1,Davenport
c92be50a24502e7df3f51f2cf08f45ba4,Schinzel
cf9860fabb236fb56badb954fb12d98bc,analysis of algorithms
c194160d7ca0266fce14a00aee5a7121f,on-line algorithms
cd845b75a5acf2b4483cc4b953d4a60c9,Key Words: CASE
cde7a22a0c94aa64ba2449e520aa20c99,Education
c1cd086a05ccba59a4d7f9196f7a43ffc,Interface Viewer
c79244ad7544342da679e8a642812d08a,Object-Oriented Turing
ca2ff7654ee96106efe9909a21608556d,Program Understanding
c5af30630bea350d7615b2cb39d26b32f,Programming Environment
ce5c303d82e8b702ccaba9f2b4bbe4c80,Reuse
cf110e95a586db736f0dc6c9137b21622,Soft ware Engineering
cf5a28814c503a3d5eeb4c26ac791f791,Software Landscape
c51df8486702d9dc74aed15e033ea1fc4,Star System
c4fd58d4bcfaf59f3dd466465d60bf9d7,Tool Integration
c636b1fec0eda8536fe7d967f955ac60e,Spectur
c875b0e30e76428bc0706b781b36b31aa,Specification
c39e25ac3d737c46452305eefe324372c,Omega
c22a9d9f466ec36b69d5c79ec5b5c088e,fault tolerance
cad68b8c53f4d2f113a16ede3486109d9,byzantine failures
cec4d1eb36b22d19728e9d1d23ca84d1c,load
cd768e9e2025eace55ea3cb8edd839009,distributed systems
cbda7cc061d7a1576f1dcad33dd505cd4,Meiko
c43a9616a147c80fbefdfe2dbc988896c,Cornell
c24a8557b4f4160706941ad95a9893602,Hessian matrix
c9d6334613b7e7c76c3c312c894e93923,automatic differentiation
c52af6853318d22edb4fbc8d5aa4e735c,structured computation
c51986451b496f06be822354e45d90ed8,sparsity
c2e5c3e8b106dbce75e6ae0decdafb320,chordal graph
ce1ca32a5905fab967409f3d6d97b898e,clique tree
cc7bdfc736bd847d6313c4e55494c5f96,compact clique tree
cbdf9d0502cad5ce319ca18a63b04ceaa,skeleton matrix
cef57c49f1378dce533c25bb700fa0a12,skeleton clique tree
c40f140370ff363d02a3d2d4a23a8fc74,sparse Cholesky factorization
c856dc615015cb057a13c430fd993423b,sparse matrix
cf358302b6db38c9fe83f38b3485cc842,Key words.program correctness
c2c9a32e66ca4c4684ea4c4cd5832dfc8,self-testing
ce24412df6a1cc5a0379625c4275ef505,generator bottleneck
cad6e7652b1bdfb38783486c2c3d5e806,Self
c6f4402d6ad62cafca8ecfaa58cc6a2a0,Labor
c03727ac48595a24daed975559c944a44,Day
c4718c6d81f3a33c62ac04908cc7d9b71,Weekend
ce57cdfbc09f4e0f7445c279d9f580bdd,Bloom
ccdb6d8a17ad1eff86c5c8468cdd0db33,Wallen
c9f6dc7ca4824a0bb1e5bdc8e3b7d64fe,Bibel
cfba34c3f715f51e4d9a4ab3b56b07992,vertex cut with amortized insertion time O(n(log
c9eadb6006cacea590f00cfa1117f5e67,Ocaml
cc8f1806cfed6c118edb79514b7c20547,dataflow
c7d16d5f74fcafb1de1680fe3e95caee9,multiprocessing
c6ee4de3a75334f756a6202e69770ac0c,multithreading
cdc75b1f7666987ab8223b4d661002a95,latency tolerance
cdec86847f4f005893718a1bbb19bc277,storage hierarchy
ca9b72758dff7676e8777bf7e5d166fdb,scheduling hierarchy
c8fbdf452cbd35828785081cec42e0dca,Cache Memories
ce075936725c68d5309041ced68c0b533,Cache Profile
c2884a0a728dc0a59da4b565e137e6cb2,Program Behavior
cbffe7898e0faada14e4fb09bd6717314,Performance Tuning
c829eadc8e29caab50cc26bc6a451a1f1,Working
cb77554d30d28b9e2f0d6b3640ff9175a,Matrices
cf3f06508d94ea4e2ae80e83fdf4c9254,Geor
c3fcf026bbfffb63fb24b8de9d0446949,April
ccf948ca3c9fa8aa0d50b7af90489dbab,Communications
cf88d81f30cb0a78eb20ff11c4d0034c9,Converting
c08941bfa04b656cd60ab0c798ec0130f,Rapid prototyping
c574fd6ba70655d9fa5053f56281f417b,human-computer dialog
c4cfd3520a480815d4deefd5fcbb3f4ea,Programming by Demonstration
c8ce4b16b22b58894aa86c421e8759df3,k
c9d57fd0ff3756fb9cdb630078690f3c6,Workstations
c720f84c3d4dcb9a556ac6adfd1e75b8c,Terminating
c10b4eb76294b70d7fd6df997ff06edb1,Complex
c63c692191aa084ce3b9a5b29ce2e12a1,Disciple
ccdf63afb9abc75b2b0f42937665ed97d,Mixture
c7e6d11dd9dbeef53c1cb3cb896bce476,Density
cd3e2e10b7c31f0ff4c14475c4fed5a22,Key word: Nonlinear modeling
cb5fe5be2aae4f1cdd99ada6866d869aa,RBF network
c8b9f4390e6083936d40b4c446dd09096,System identification
cf828c040cc4f5e4b3dedd773b1526557,Experimental design
cadac628145e212ae990726b36f1aca94,Parameterized
cb30409b72131c049f87156c6ac836905,Backpropagation
c1d5b12153a4d4fd24ec9174051003a27,Psychology
ca597130351814dc3161cdf3bda6241b6,Investigations
cb69f8e31ddcfd0e72883a5e5694a1417,comparative studies
cf8e39ed822aa8d1830a98b8cc0811da9,statistical methods
c57a811c06197955dc74cbb358db20ed8,Error-Driven Learning Eric Brill Spoken Language Systems Group
cc3bf447eabe632720a3aa1a7ce401274,Open
cf8c232b50b4e5b40d9d79333c9f7be1a,Molecular
c405d9a69e5139b9df0df6b66e18fc9e2,Dynamics
c6f5c8925ae3ee09130488bad4c0b859a,application-level QoS
ce3c85fdcc9309ccb3ed83e4dc179860c,deterministic traffic model
c1938557789c9f923d8afa00fd02c59df,burst scheduling
c588df405bd9f48c9b1e7b9d5f067323e,admission control
c9c0a2694f237cc0a61345c778e90daf0,selective early ADU discard
cb72ac10807b29c77f5b7e4b80ea40414,Explanation
c42a854b6da854e79a90cc0d8438cf559,Reinforcement
c301acc9847f5c6ea34402c17ff8cfec7,Almost
cb1897515d548a960afe49ecf66a29021,Average
c67ed1b563f9543eae3deaa78d9f182e5,Speedup
c1244cba6ca79bfda45de46141d32ea7b,Adaptive
c0619afcc4c719e93dd65b393d861debb,ing function approximation to ARL
c6f36775edba5bb99a569151efeada37f,Keyword Codes: D
c67100ed501b66e8db0c4e3cf28f0ef2c,Keyword Codes: D.1
c09ebff1175d61ae651c221bb23068d78,Keyword Codes: D.1.3
cf95a4b44347ba75d44a58eda168ef8eb,C.1
c94b3f6ec070d43ba220fc34ed964ed37,C.1.3 Keywords: Instruction-level parallelism
caba85163c9c925e642021a3fcc44b0d9,Speculative code motion
cc87560487d3a21d4de65fa2343fcfd79,VLIW
c4f6851e1a819d9d7de3eb5eec34514aa,Superscalar
ccf1665640f3efa2affb1599263aa4091,partial dead code elimination
c9627157f4e1445b94d7eb13bc9cc026a,program slicing
c62745bf107f71ae16241691a95b4d7be,path-sensitive optimization
c69ce6fbc6d6ed323bdf44fba7a3680e6,Wireless networks
c7a06b05bac99d8e557ba37608c0ff857,Multimedia networks
c51a01ce6cb588ef3ec06063c29f098f0,Service guarantees
cd9e63392a406594d70027496d57fef12,lower bound of log log log m
c44c29edb103a2872f519ad0c9a0fdaaa,P
cb83bcfd079a8e68019925d4571d5d89f,lock-free
cb6d19933a3b56a41d8f740180b53d0cc,non-blocking synchronization
c93d89ad1b3ad1a8c5ebd78835cce1392,shared objects
c162dc08c1e1fc2f72bf5ce2dd7d2bee3,wait-free
cb04ab3fefe35077f4227a3a42d18af46,Herlihy
c51734b7021a436e4d57894eefea06c5c,Intl
c95c50c7cc68e399ac5540898dfd06820,Program
cd6460d863cc7403c4d48eb8682d87784,Donald
c92c0d04faca572533efaf20c0f6a6d90,Dixon
c981ca3b89b485c4ddcdf0deba8fd95f3,Resultants
cd9f1524272c76123ad880eea7e209c0a,Resultant
c78ba2fafe33787c4f2c57e43427b01d1,Sylvester
ce9672453b87ce3f2bb6c9af0f4ace264,Accompanying Transformation Matrices
c11a7a5d55a91adb201e113967eff93fe,collaboration
c13d60b1925f413337824ed6278bcc93c,Memento
c90b44a908c390e361ad8ab10d91dca28,metaphor
cf549cd73f694aa6f5541b4ae30894eea,assistant
c3f9614618259af51b102c33a7f5af821,Interprocedural
cbc7546519a0f02925ae3de821f702c89,Kishore
c27616fc4aa0a449b4195c5ac348cc74b,Bubna
c7172f17ae21babc12e0d2b80f0a9927e,Index Terms Integer division
c3262bfd7e123867c896e19eb33ea17b9,reciprocal
ce8a80a47d8e5665e26d2a3ccbefb65b6,Newton iteration
c94dae0db9c3e60e3d682f6213dc1f408,extended residue number system
c6f6df76f81b4dfe11c0d0155a60221cd,mixed radix conversion
cbde98082126e1c9eb43a85b050ce5029,base extension
c7b46953d2c83eaa76ff4aa7afd0aa8be,Key words.Adaptive methods
c511ca32209b103027b0c541ef5c154e6,hyperbolic systems of conservation laws
c60b185ad16ecc9942437ea41855e88b5,massively parallel computation
c27920ddcaed74a008d12aff27df6f975,Galerkin finite element method
c62691ae8d54861c544f75fe154170d2b,h-refinement
ccabf3ab8c01083d893221aeaca55fca6,p-refinement
c628f2179aaf2e6a613f0b947a1485e6e,load balancing
c3d685a9395eb4bb6654330dce0924124,tiling
c3c20c7cafb95ac209bfc03b462e9a3de,domain decomposition
c4a0f9734300b17e9bed6869fac3b3b95,octree-derived meshes
cd5c0d98b77686a9f3bc157389080d5db,Key words.runs test
cb361d44c761ae2ad7143c7e01f74f5ba,maximum of t test
cad8b56ff2376d5481ab40c01972a9057,random number testing
cf996b197bdcc7db9a49da0b613fd241c,random number generation
cc6d05ce7c212aafcb4e2cc937df98037,chi-square test
cf661527190f15b4b5e9050d2d3508bb9,empirical testing
c278c491bdd8a53618c149c4ac790da34,Template
c3d07fcca0a7a47df8f85629c753f246c,multi-interface environments
ca5870141305325f67ea6de1c5bef155f,ubiquitous access
cdd597955100af10d553670bb28862a4a,collaborative learning
c54d09cb392eca33c9a790bfcb42cbbdd,synchronous groupware
c1dd5c1647025550544cdf1bc8e3aa1f0,assigned roles
c38c8082ac5430d4bec30dd7bdafd79a4,classroom-in-the-round
cfbd3554ec6c31ddfe4183763eb585e5c,Prolog
c0557fa923dcee4d0f86b1409f5c2167f,Back
c272f916f2e30cb40cb794caa6dbdac02,Selective
ca15adae4bec50f3317d666972d3b9aeb,Precise
cb336c4bf5b854f89062dce8674bb45be,Datalog
c3710e7296a613cac7c3b35db6f1658aa,constraint class
c58b62f7238f04beb975c3fc61eddba16,top-down evaluation
cc1d67eb4a4687ee6e2c902880fe398d5,memoing evaluation of logic programs
ce5d843536e117db006a4348df3dcc442,SLG
c52c5c05c1b6798f1948808908f508617,Index Terms source coding
c17cf22ee4def6cacdf2d03d802c39ab5,bits-back
c4bee709362a9fa7bba3439f07d6232f4,free energy
ce22ed76fd97649537739bfbbdd75cc42,expecta tion maximization
c11481ed55fe28be606436dec78936e1e,Boltzmann distribution
cf89b743f135cae28cb7125a5dad87977,networks with cycles
c6e49f3355a5580b63869548e9dae7504,Brendan
c88885e969090a50a4acf5b14fa6a32b7,Runge
c678c139ab780f88c824cf3935f31dae5,Kutta
c986fc8ef8995b8e7d5f621b2b3c5b08f,Key Words: Runge-Kutta methods
ca8b113a589f5511ee1897832c3fb510f,interpolations
c471dacea75a62298f21bd08196e91ef6,iterations
c67215dc318760263d78e7e1ed85c4342,delay differential equations
c1cee4394510d8bc92be7b1d2a7a6dd57,expert systems
c77dcd555f38b965d220a13a3bb080260,Eric
c85ce9fbdac706be2d7d0c1472b752b44,distance matrix
c297920c8b870d0a3e43f269213724b92,evolution
c281858037f7dcf7ed49271bb92c60526,ordinal
cd272d7f15ae4923f97a63328888bec04,phylogeny
ccd3d20b9461987685a810f405a9fcfb2,species
c8dda9c9448066c30bac70b35a6747f66,tree time
cb75fcdd2d72d9e000beab48622402d93,Lower
cd2ae9a8cce4fbd71bcbeb262f5c1020c,Random graphs
c8fea9135f9300abbaa4ab2d566a09148,coloring
c6f2f3868ac18250909648d648f924c66,sharp thresholds
c9bd242ef09ae36a8fcf2a385a5c53cc3,decision theory
c5d4174036e0ff4d939ac4bb1c92db008,heuristics
cffc92c458b8c2fae185c283126663580,execution
cb44d4008ab02a9370629ae43f851babc,Markov decision processes
cb9f06d0c15ebfec15d2939dd5f7d3d3c,Partially
c7372e03727d14171d0e28c22b8cc52bf,Fully
cb30436827c2552cd1ee923f9f418b6db,Despite
c8d09dc9b9ff67177ebb9fc82624fd800,Kolmogorov
cc6da1037345f186bfad13bf4b7cf1051,Lautemann
c90c07032f51c653a5943eb7c30072cff,parallel complexity
cec75a1bd380b0601760624c84918334a,first-order express-ibility
c81399e7fc4944bd20d5ffdff3f11e3a3,polynomial-time hierarchy
c93a6962b5340c4930df9c95d0d97e74d,COUNT 2LO) NL
c13a2f32d27602fcfebc368905a72806f,Design Goals
c8da5a1fb52daec7b7e184bc5356511b5,Litwin
c8b8ce009aa13e3370b53fa14a9eab5e7,Though
c8124579383e90243e4b06323d2b37f8d,Hosts
cbf733d8a933c1601697f364223fc7ecb,Access
c2e54a377e035864c5547eae0e9fd6d69,Unlike
c1a66ab62bfc858b7bcf9e01aa9cd1841,Cell
c1fbb1e3943c2c6c560247ac8f9289780,Simple
c89590a24a356e054a64a9212d49c69d0,Ontological
ca80420eef88d11f77532f1b9cb467fa3,Perspective
c02d27077acec93af7e3a98cd2edd28bb,Commodity
c7af4ea7172f321c741e4cf6bc02bc764,dynamic reconfiguration
c48fda680184a95a3f20e845765ac7d34,virtual environments
c21234a0e100d74037a4da2e53f3200d7,Scientific
c96a2e7258949101b611ca523622c517f,receptive safety properties
c5c954b16b3b6e3e45f793c65f447de94,automated synchronization
c45fe97371af9964268d8d81afcf92252,concurrent software
c9127cb8f91483e6a705f818b2d371bc5,automated code generation
c6c88c36ffaab88d255865aa3111d7686,Cooperative
c1eba226e4a1661315d2b35e3f2187a0b,bandwidth allocation
c9988b1d8a770677b8ba24111dbef6dc6,MPEG
cd0b10402b4afa174df9f883c36678e8a,video scheduling
c80329bf50bdb9fa11f6779f5ea107fcb,multiplexing
c0da0b9f479f691cec1902cf8c5a58d3e,Controlled Experiments
c104c9abb3f25d31b17b74c4bd6f27c7b,Technique and Methodology Evaluation
c0e153021524f4e49a658c2a8b106fb82,Inspections
c3e864f42bab5a68692a18c3e49ee1b6c,Reading Techniques
c34b6cd75171affba6957e308dcbd92be,Version
caf452570c9053f20df58071588b10565,content-based search
c1bcc13873adc70b80da67fb0cb0e0e04,mediated architectures
c61284089c481eff095e7b110af2c4aab,scientific data archives
c4a626b8286ad66efb9a0dc645e84cbcc,data discovery
c743b586056e7834aa02ef3463f906a8a,Replica Control
cb71c55f1628a3d4244dcd5e16fc4c559,Quorum Consensus
c0bafd4c05b487437cb18af0ad9d9391d,Replicated Databases
c31e8016de80762d9b8a9b9c6ec36b3b1,Message Over head
cdc6d3943456a079153e662817c5817f1,Update Synchronization
ca7251aa1781d36333696d515780c8037,Maintaining
c0ff367ec9bade91f95dcddf94a4a761a,int socket_descriptor
c599dcce2998a6b40b1e38e8c6006cb0a,type
c81788ba0d7d02d81c063dbca621ba11b,protocol
cbc2db13501ad5314418ff3ada18d8140,struct sockaddr
cdecad5ef52d2734845f9ab4042f08f6a,Asymptotic Optimality
c4cac2dfcb773da9e522a2718a2c7ac8a,A*
c3abc33fb24ad895eadfac55536f370e8,IDA*
c4e8394a91cf2848e5096809f3dda21a2,Index Terms Real-time systems
c6ccbda3e403f81ddb60173ac5e2f2cc5,guaranteed delay
c6dbfd9e72c6f1df527604461b27241f7,point-to-point networks
c3bb7c24fcd6eb6468ddc51ea1dfdcee5,Compiler
cc48f9cd3351c274490e883860faf2bd3,Index Terms Algorithms
c0e5064e47970a839bc4a2ce2a9cf3563,Concurrent Systems
c93b01555cf03ec13cfc6471f94ad44ce,Pro- gram Verification
c451cb572c05c2132b31c99f4d105c6c0,Key Words: Algorithm Design
ced92207883ed5a9d9f04168c82ba34e2,Embeddings
cc28b120ccf6998b14a88b4b7ad9745d2,Class NC
c87a222577e9c7b7a0739d92337f4fe46,Reasoning
ce1872673c1a0bfc2d06131dfa0eef456,Operational Evaluation
ce0f9771ae9c968d8de36deb908204d09,Avalanche
c3a7343802ec769bcec698dc6258f626e,Self-timed/Asynchronous Circuits
caceef83d76177864b357718ccb8913f0,Micropipelines
c6837b5ae63856417820a7779f0069532,Wavefront array processors
c2ccee2b00233c3f3e3337a28ebc0df24,Arbiters
c17711a0547885183a93caef68d50db70,Lockable C element
c8cc04ad7d7689523eccca17f9038898d,Keyword Codes: B
caabe26671da57c57ed9e5c3c8e38b2ec,Keyword Codes: B.6
c1c196df9ba3a98de13b10d87c11e3632,Keyword Codes: B.6.1
cbc54d2c7356259fa974b159c335496df,B.6
c2614f614291a58ccb27627816af72c21,B.6.3
c7c88f982f982c602c229fbd164495939,B.7
c8434c1c1e4c5ee3223be2e551eff45b8,B.7.2 Keywords: Logic Design
cff8027feca10ee45fd604b903f19fc62,Design Styles
c2bc54b28401f1408f26ab53b2eafe526,Design Aids
c7bf2084fde7f81e2912434fdfffb4148,Integrated Circuits
cbc2a8fc73205c6f69831eda5a26a95fb,module systems
cd2c8746ae6acc28e5ec78ee6bad6cfe5,object-oriented programming
c5fed3411faf832174ef1f040028b2c21,inheritance
cf2a56a895e371662be3728059124bece,modularity
c730cf1b7c7c4d1cb89147f62bfc9844c,module manipulation tools
c3f0bc1b9dd5d41af7f4455a291aa4e9b,Conjugate
c5e59525cb7d1d1cd93be0b9f36e9d09a,Gradient
c0db377921f4ce762c62526131097968f,General
c921c783bfdcee9ae35e5cc86eeab0cef,asynchrony
c3223702c7094fd9dd7619b7db7bd664c,behavioral simulation
c9cc2d7206020a834cb6aef8739cdd74b,hardware description languages
cbeed4ad23697134f8d504e9aedcc2316,formal specification and validation
c69c4676e363ae47afd2530898064816c,Asynchronous/Self-timed Systems
c3e7bdeaf3f2deef1299bcfc75fd574c1,High Level Synthesis
c459f40020966de7bf49ef4b58a214a0d,High level optimizations
c5e701243c006f198571efaec9b9d2e95,Sarcos
ca2bac22b478919aa92e0bb66b7942f27,Formal memory models
cfb8d38694f8959e4286303c0d561eb06,shared memory multiprocessors
c393d57bb85151e72f5cec517a1b527b0,formal testing
c561879d15ea12eeeff46e945c9d33410,model-checking
ccc526db2abfc9e8569d8161a53575227,weaker memory consistency models
c65870527de99c3ed4d1afc9f0bb0b8a0,Dextrous
c551c5c03a1a91f2cf90e0d9a9b6dd378,Arm
c62cd275989e78ee56a81f0265a87562e,power
caca23b12df178db6e72a4644b86be156,self-timed circuits
c63086e47c388325498d995c7cad47caf,asynchronous systems
c7e4ce1356f821a69c661efc5d4d55ff1,Because
c5da536608a5709d7d337ab0b13818583,Defibrillation Interactive Computer Model Finite Element Method
c0936629b543893a1159b6a208ef81cdd,inverse EEG problem
ced72c2fcafd9ce4e6264068ff8277440,computational modeling
c2d386cea6fd0705a20d50ac3a7ed0137,finite element method
ca09e238a40a9d45f1ec6203bf2c2e7d5,inverse EEG
cde3096aa4a1b65f24c84f5a3f2b8a3e8,adaptive refinement
c593ac2498ecdae1c17f5519b2b703c9c,smooth solutions in terms of convergent Taylor series are constructed
c43e79bd61fa47e2cbc202a93f921c406,Sinc
c4802a5ac6005a6ab9c68a2fb29e30a3e,Paint
cca8a196f97a48b2bb489f3e849a68418,Mint
cfd1dd0c603be8170f9eae0be9f2f6afb,Direct
c92f80bd57592af65188ca27786514cca,Deposit
c3aeb25a0fb59a137b25f3eb822a639ac,Key words.Automated reasoning
c32eadea6c023fd3d7ca088f7a4d94a26,Nqthm
cb56bcb209d585631c93cd1564d5dbf02,Boyer-Moore Theorem Prover
c18aa2c31c23122f24f29553cd4814424,formal program verification
c33a89e3569de2cb173a35029eae17c6f,object code
c40b8c7d11468f3d240c8f37b5946d0ab,Gnu
c1a382809b7c03f686e12dd15677c5497,Ada
c750f9249825b7dbdbc14ea8cc32af62e,Boyer
c3f84183918bbcce913eecb6fd74a27d0,Moore
ccbaf68477f67c7a9c076408c871a5b2c,Key words: Random walks
c0862a8dda333cb12709541b3fe31d3cb,cover time
ce1c6d04754724238c4e8df744035fba9,torus
c2d5563ed288ac5396add9b78fbca810b,trees
cc2815afb8849e8d56f0093c8f1a6b2c0,vertex transitive
cfe984a72ee7576e55002bc77460beb99,Mutual Exclusion
c347e853aa3875ff2103eb6bcb5940f37,Randomized Distributed Algorithms
cc18617af6afb1021e885bbdd837050dc,Lower Bounds
cc6dbc4d50c37ea65a73dfe5b6f700eed,Key words.derandomization
cc18b31886dac4900213ab5f37147ffea,hashing lemmas
c783defb7d418f2d9768898644c771435,hardness of approximation
c978ce160e5c17a4b9a6e6d7e21813c85,measures of information
c458b0c70ef9e7ef69e5d02f661d3c8f8,pseudo-randomness
ca9a723294ea2f2fb3209a6e3ef140b52,pseudo-random generators
ccd93e67b26fde24f7d0a626bebc2d650,randomized computation
c6b542fb2b5dab1be029c97ea0046e65e,time-space tradeoffs
c91d178420848564b22295adb66ae8a1b,Multimedia servers
c3a7c20c927d3ebc6f23504a00d34e10e,admission control algorithm
c452745d995fd0257c6fed8ec95d2293d,disk scheduling algorithm
cc7bc3fddddb62d5b656adc30cea77a55,Presentation
c7bfa30721c5e726ff17e3f972237a82c,Engine
c9285794d9f861b95d832d4c5f4982ca2,Realizing
ca6122a65eaa676f700ae68d393054a37,Start
cf7f20cf0671906e9c4f2011283904e99,Fair
c27dba0411df4ca55ad69e5c7149411a6,Queuing
cd0363921c897ec48ae2a05228c825d0d,Due
c8c97626c3bda0721059f5eddbd2d255d,Garbage
c75d46ea53c6cb7155cb18d0a5a31eec6,Key Words: Reliable Stream Transmission
cb136ef5f6a01d816991fe3cf7a6ac763,TCP
cfde6509fa8fc51d8004d86058c733cc9,Packet Loss Rate
c0b21b2dbe0f776ec288fd9b76a45857a,Communication Latency
c8425ca93548d1ec0f42fee64fc8013f2,Data Caching
c826ab1b34100dcbc3358fc66f43b2333,discourse planning
c0ca253e9009e6fbf5ce4c7fbe002fa3f,large-scale knowledge bases
ce3e437dd2d4cd785b83e88628221ca88,Content areas: Natural Language Generation
c4c19f64796c75d8420dca071520d2f36,Index termsformal verification
c501720d106c31673e2ea2be6767f5e24,automatic theorem proving
c6ffaa36aadd75cc39f2ef8d1e1e21405,partial functions
c0aafd08f18a5520056c66f259c3c5b7b,total functions
c07a088d810f26352a4cb3067c2123050,type checking
c9fb600eb7565dadb7686c008e68a24a5,microcode verification
c4520b6e4e4674efe64e6d62e62af683c,floating point division
c46bf7e5b695bd976370e977ba4f156a9,digital signal processing
c8d3e32b08d2579b16064cf3b91318ee1,hardware verification
c4e9d4a715177568b3f41fca91886086e,protocol verification
c81b26e804abe6543d0fe1561cdfecd83,clock synchronization
c4abe93166c4781551d1976355fd67509,Manchester format
c374d9be154bb014b03facfd853862ff5,Boyer-Moore logic
cfde33906ad2f1b6642d018cffbd699fe,ISO protocol level 1
c8f6e289a16ebdd6869fbb536cf30c7f9,performance modeling
cf4e2448a257b0b8adebaf4784dd86d47,Index Terms software reuse
c1bda80f2be4d3658e0baa43fbe7ae8c1,view
cdb077f7f0ec383ac93a108a1827f2d3a,generic algorithm
c5657e8466d3252f27a69dfb92fc2ba86,generic procedure
cabc7f45e08eb77e7e65ed1004961dce0,algorithm specialization
cbc3633740cc21af5cd1506aa1ae38000,partial evaluation
c65558688d827182957446a07654ab3d7,direct-manipulation editor
cf9f517a3d8f8c8be0b5f70a3f06e3489,abstract data type
c1603f79f250bd05d84dcb190bee408bc,bias
c5d7506a1756f945e62819929d18ed5a9,exemplar-based
c4434ee33365b935442d1c20e5c2a8d24,case-based
c47cb06083e87503762f6746725117a3c,concept
c14421216ffc3c0e9aa46adba96a11085,rule learning
c55b558c7ef820e6e00e5993b9e55d93b,resources
ce338b1d0b78ba3be0e9a08223f45116d,CN2
c4e88ad73603d94c76fb19bbda411b2f2,Laplace
caaddc3454ccbefbb2d8d8461f8f7f481,noise
c269e78d1f721be5126be1f09bb4b091b,Dept
c96f39b3b7bb9efe0df92d7bfb8bc480e,hypercube
cef5714e0519bfaa645cdff7d28843b70,selection
c1bcba9b4d521aa830f88baa1702993b6,selection.Resume Mots-cles Algorithmes paralleles
cebbb54867e4de9b24378757d4fe5f8af,Asp
c674fd8de3d33407eaf231f511c727226,lg lg n) lg n-depth hypercubic sorting
c91f722c144ae8ff074f811c2a257a198,Tasks with Distance Relationships  Weighting Actions by Exploration Benefit and Navigation Costs
c9bfb93aa9c186a1ee365e92efd7ccb7b,Consider
c3d4202a72d7700a5f2647ac47c6dc7c6,Pills
c3a08e2e340ab29fd9263af48193cbf8e,Languages
c49e16eecdebb0bec7ef720f2cba4eae3,Gelfond
cd0a0f8a61b6a95a8f9400d41ba6c4ace,Lifschitz
cd2bfae86c0cb781dabb261419a73ae10,Topics: Parallel Algorithms
cae2474e9fb4656bd8a0bc0ec938a494b,Theory of Parallel and Distributed Computing
c7d8b7aa7b7dd28bc7009d16048a645b4,Key words.circuit value problem
c68e227436d51eba02d5bc3f607484aac,planar monotone circuit
c594e12d6791a3c1504d705cd654469be,plane graph
c1df8e6c2c5f6e706a3dc38e322e381af,dual graph
c8190960140713c5ef9a32bf48b34415d,parallel algorithm
cf7569224fc64761bd202debdd772f95e,EREW PRAM
c2aa313d868505310838ca99dd2a4ebda,Hellerstein
c9caf98bfac2f17bade92e370c7fee1f3,Koutsoupias
c8ce062ebcf1baca3f3a55634f891c344,global illumination
cefc45251c8440e538856b93f42352acc,progressive radiosity
c7a6cba7da5b1163cf3a91e0cd16ab8f9,transformed systems
cfe70027628f838f0128e6a2dd5cd393c,Actel
c02f9d1ade7791f9ca18e61808d079f36,Continuous media
c15c5f435fae892652b719279cb924179,CPU scheduling
c8bdd2aac2178dc934308f3331dc0567f,adaptive rate control
c0ede0c406945401a5b2a959dbe24f914,rate reservation
c3980de8a2da94d49ce756e3acfa2672a,QoS guarantee
cb99c6368772946fa7d87c58417c9a693,firewall property
c31cfddfce2299630e55c8f85f01e905c,Semantics of logic programs
c1e0d3cf53b7c607e175036b3f8100154,Semantics of logic programs.Cut
c82152231a31c72cc87ffa006816deb42,Semantics of logic programs.Cut.The situation calculus
c076d3c4debcf29df47c985ff1cd17a3b,Semantics of logic programs.Cut.The situation calculus.Control strategies
ca8c2f8aa5faf0c849cbea219b38d51f0,Semantics of logic programs.Cut.The situation calculus.Control strategies.Negation as failure
ce8d9fefc6d56954248e5bebf8c55a5ae,Situation
c0349a55a6a70f89e604c28892ce24d82,Calculus
c8713caa870753792d3f1968b1ebb949b,Egyptian
ce1ae344962c27889bceda0e458b4792e,Senet
c2e768a9e3370f4f3dc13869f71c7c456,Certified
c1129c0e4d43f2d121652a7302712cff6,Write
c6dcd38a179fce5a150ae588919fb9ad8,knowledge base verification
c7d713b4c92966b454cc1efdb39ce6d6e,description logics
ce405b38e70f05230d33cd77d70527016,Horn rules
ca5b7ac8ce6459206ce7fb0c6d1ef872c,database theory
c7565f2c349eb0fddbda9ad32fcdf9377,query containment
ca1c137fafe26e0414a3d120cd0a1d191,hybrid languages
cc98cbfb539a3891d9db35c17c7c184b3,Hilbert
c3c899707471103f6a68b05b245559486,Nullstellensatz
cf7589e3ec2b901562077afcedc51613e,interactive 2D image segmentation
c897fdfe9de00aa1c1f271ac04de0353c,probabilistic models
c2cbd1c17042a625ec16723086a56803a,constraint-based models
c849919978f45426c77c15eb64725e89e,knowledge-based medical imaging
cbed4c9529831f80c5c47b11497f3cc52,2D shape analysis
c009f316baaf1caf01157b08684d451a9,non-minimal fully adaptive deadlock avoidance wormhole algorithm for tori
ca4ecfc70574394990cf17bd83df499f7,Event
c1bf70a91b0b28b92dc52e03d45abf61a,Cook
c3b215559211baf021e45883e50958e5c,Rackoff
c5f51eb9396f286226cf2385d0e1947ee,Jumping
c0d2dcc3c831051be4fe135908e019836,Multistage
c7de96c4fb4924257d8319be94e366763,Interconnection
c7fb55ed0b7a30342ba6da306428cae04,First
c1dd1c5fb7f25cd41b291d43a89e3aefd,Today
c2e8861c120412887fb2bda48fc86ea44,Reconfigurable
c03e3f568f70964d6f56c5e3679ed1eb0,Pipelined
c0126b68bc671a61cb1b65855fd7a89b2,Software engineering
ccd5651b536225a93950134900b5c5a3b,software safety
c7b2d8c92f4de074b6566c5434810e387,hazard analysis
c776f8d34d049ee56b54680c285312d02,fault tree
ce72433137397f1e3e265553e1e9bbcc3,Increased
cc22cf8376b1893dcfcef0649fe1a7d87,Second
c30162ed78b6c10f731411f2fc440c24f,Oracle
c058ff66b43285804bf3e85f300e05cee,Checkpointing
c6a6638b0427d843eee6c541d843008ee,Paradise
cd4ca1474562c479412aa1c1966093394,Scientific databases
cabb8584ff2e59bf1f77849d740ae91de,experiment management
cdb2d443b4d147b6e7518e250f3ec3745,conceptual model ing
cc78cc91a147e777f2fe76c0ea9711de1,graphical user interfaces
cc7a7cb3341b1ca6583370045ffa43868,object-oriented data models
cc99f21f85a1e1c85ae057a76c51641ba,affine product
c31a79c830aa47392957eedc36b99047a,quasi-affine systems
c283c5913724884f2ea6c047ebfd1d3cb,multiresolu-tion analysis
c21ec2f700a6e2e67e1ce7f8d297d9b04,Key Words: Latent variable
cbe45215ec55ccf46453aa3b62797fe16,Longitudinal ordinal data
c3fd9febfdeaff0d3ab68e7a66878aaa5,Structural equation model
c5f79af7def04db58d2dfe4e5b49d6ce2,Key words.sub-bus mesh
c125321f921cab2160d442d9e81d025bb,reconfigurable mesh
caabadcf006405a774607e6b0bf567558,parity
c08b72efa9eb49c94cb0dcfa16dbdc14c,majority
c1d623b89683f9ce4e074de1676d12416,sum
cb9996152d862799b83e60c4d07447951,mini mum
c2cc6e82a6b7a40aa14aa0f8ba2a18cc5,image coding
c9979f7709630ce0efacc642c364353cd,signal compression
c715763b2a1a8d7ff74f20db3cb125aa4,wavelet transform
c9cd0f4ec6227015cd223fdfaa8d7eb1d,image transforms
ca1636c2eb59276c90393af90ecce56db,Past
c18ae2ee2c0d5c30689d0e9d51525d0e6,Topics: data flow analysis
c3b727d9037a1ef0028d2b3a4d2ec06f1,program optimization
cdafc2968a190be033357f276dab24565,partial redundancy elimination
c731df5b55a1832dc55f74648b9415872,code motion
cb6fb840d8a04c06085e80551f2433e61,bit-vector data flow analyses
c46ff06ae696616afdf3a695efd3db84c,Cosine
c2ff4148554480a37f85efd299df04850,Transform
c3349300356cb3141ea939dcbdf749789,Partition
c9158d3ca2d4c4aa1c2988af869f3820f,Hausdorff
c23908f3cff1f8490b1c76e4e4e83d986,Minos
c48aaa438506a02a71351333116f27d28,According
cf4f9cca57b4fe5ba516da6563f6abdc0,Viva
cd9ceca6b3a280ab6926157d124ea15d7,Aggregation
cb95d9d4bd3307287944564802e35065e,bilinear program
cb76906e5e15ddef861a8266ecb6f64f0,optimization reformulations
ce50e0c16ba862cc07ee1d98870dbcb0d,Whittaker
ce6fbc12314332e84b0b74b496b81a0d8,incompressible Navier-Stokes
c840f484d0276a426a46627cac8992d1d,finite difference schemes
cc1bfd84e7215afa3204b8e1cdb21a2bd,GMRES
c43b83efc03cbe0cd45705aadc7349880,Kreiss
cf53df0293e169f562bc1d9a20e1d2589,Matrix
cc51c8bbd9e8c8bc49042ccd5d3e9864d,Richard
c67ee2dc95293fc23c2184fc339c91661,Feynman
c3c1e884655fad30fe1d0799c35194fb8,Speculative computation
c094febb01b1fe46224580a5e94b95ce1,communication latency masking
cc692485c0ea0883ef4e2b382aa47ef73,performance model
c4470c717882c217d93fefbd4dc5cad91,synchronous iterative algorithms
c50f90cd5f7ac1769ef16fd54540f9e7b,N-body simulation
c97e7c9a7d06eac006a28bf05467fcc8b,Link
c7dea690b7733879cb3008c0bf4f5cc03,computational learning theory
cb04f3782a8cbc2c9ffb3d6d62969b9f2,teaching
c0193fc18691dba8f26c19a3f57a1c3e0,query learning
c4672d42dac329cfcb11c150d56f3880c,DNF formulas
c2b2469bb0cec85cce0af813fd1ecf778,Multipoint
c15269137d10ab36461acfea127f6b5e8,negotiation
c0a4ce27247fa71d7fdd1858ef4e1dff9,allocations
c4e94c34f5661d2531b4662a1d5c4a22f,Pareto optimality
c9cfa7aefcc61936b70aaec6729329eda,games
c3652fb4a59e9409bfc9fdacaf558de53,lattices
cabd900517e55dce0437dac136a8568d7,Pro
c4cc6684df7b4a92b1dec6fce3264fac8,Global
cf49498143b94e78415d06029763412b9,Contract
cf2d346b1bb7c1c85ab6f7f21e3666b9f,Types
c9b11b10074e3d214bada93ed7994aec8,Satisficing
c63c2bff35cff34eb144d3f577f2e4b88,Name Multimedia Data Exchange Agent
c0aa0fd433cd4ef638a8581ae03484112,intuitionistic logic
c866c1b0032f8d3c0fe5ffdb9aae97c01,automated reasoning
cc6ff190fd877dc945754b8b5a707c8ec,derivation skeletons
c57b456ea676a8bb98bbff71c6f5389b4,Freund
c66a57c0cae3b0ba62d3e9bde452cae3c,Schapire
cbd23b25ce21705546ba3bbcecea78800,Lucid
cfd6fc21f5bee545fa1c0286df1ef9090,Reprint
c3a587683a763ea32eebd00e07b3f9de6,Ninth
c8f510dc4fa921821d40a6a8c732cff56,Adaptable
c72c8379208d1303ed40268dab171bd1f,Additional Keywords and Phrases: UNIX
cda2a1b654dd8965375b17b81a0874e1d,Estimator
c9741035f3a2d9de60631da11efce0d11,Active Noise Control
c6545ba414dab512291fa8db465d4b6ec,H 1 QFT
c40cccc41184cdaa1c2c5edce902b65d1,Feedforward/Feedback
c64f5c8c4f9f0ce4ddf9b43b5428172c5,Quantitative
cbea4c2c8eb82d05891ddd71584881b56,Feedback
c3b0c943f0d9a1081a23fd96b39b27323,Identification theory
ce127539d9edeb952013190052a34494e,identification plus transmission
c4e35c5ecb6ace14d04c02e222db3a93a,point to-multipoint communication
ca9c4b6c9fbd990849d1f128dfc4ed3e7,Sessions
cdff200b0bb8d3c69fbd54cb43664cd7e,Poisson
c7cf10c96f2a64ede75f71770c45a0f99,Index Terms: CDMA
c5dc513ae12d6d457fba4b249ba1b3aef,Capacity region
caeaa89b00bd94754f9c143d0195d5f19,Sum Capacity
ce17014898e3bbd86dff9945f22ce0b06,Optimal signature sequences
c174a1acdcca84aa6c9210c5ffe6c1f3a,Retiming
c71ff362d5d9a3f353281c1900a7a9661,liveness
cc908cd66df3ee02b4ec4d539e46a2452,real time
c8238c723c4b92ba1295c7a46a03da099,topology
cb19245958140d2f7ebc3abe806e8f46a,semantics
c1ed3c898712dedd58c37580d8bfed466,temporal logic
ccae8d14edd025e72c59dbab6f378c95a,You
c4822c96fc1eebe031cde975d10a29e12,Assume
c834cd37be9672ebc2e6d3443ea8679a0,Guarantee
ccaea8340e2d186a540518d08602aa065,Automation
c8911103f9015978f73877e3051550b17,ellipsom-etry
cab58c3d23f25832de807772cb54f5627,Morph
cfa3ee2b49fbda2efcd804faf689d3059,Local Learning
c505a83f220c02df2f85c3810cd9ceb38,Success
c8a58455571dd6169cb5df557b345c9e6,Multimedia Transport Protocol
cacfa9c25dd5cdadf7af533d5721cada8,Reliable Multicast
c64eb5e196cb9f1581938c7052be2366b,admissions control
c277fae70c6a39eb457b792e784b69745,heterogeneous resources
c38ef8a368c87966a796f08f93fe3b16c,timing analysis
c0a52275d68e9a6e72a20fc6ebe01367e,resource management
c4a9bf5ca62314d7df07ffec36b68e190,distributed operating systems
c72f56de959019f7f9dfdef1f685f9176,mobile robots
ccad94511d02a972b373dc55ca9c9883b,autonomous vehicles
cecea0b69efebb10aef2f4dee4e510d99,rough terrain mobility
cff26c08b0f0726e321eba3190adac4fd,terrain mapping
c9d0c7c40a4c944899835b67129dc3625,obstacle avoidance
cb8f578242d034b4d0f518db236dc15bd,goal-seeking
c38b07d21df3ad36c2f267c2b164600ee,trajectory generation
c3893cbb4049e1baef9dc505e9ee5bb84,requirements analysis
cda1691c28eb331e45a71c17a7473e0ca,Perception
c8ef3d2e0580844dfde670b7fc9614ede,Outdoor
c3d9eb0881b7175d0c1ddc711b42e1ef7,Tessellator
c8f0d8ed81f58c40d4fb885e887bd67ef,correspondence analysis
c656955e80e5a4a5bf8c04c7648fe09de,multiple models
c5392ea2645dc69e0b0e3bfd45210c3a8,combining estimates
c1dacaab7b39000a21eb7f24eeb44fb7f,Clinical
cccf85f757b21544dda24e08ea3b14efc,Mots-cls Tournes de vhicules
c07d59058c0d9c9e31b8445556f1abf0b,recherches itratives
c27176cc576b0443fb76125453b4e8924,algorithme parallle
ca8fa973ceb2418457cda91029b6a5c21,algorithme parallle.Key words Vehicle routing
cb0fcf82300adc4deb3e08889639b45ea,iterative searches
c1316bfcbe0933e9f817c2d28cbf0db93,Video databases
c5dcb7b22bebcf3d6990c1440fb027bf8,Relational algebra
c817379e1a2f737dc60b35ad4c8ab9663,partitioning methods
cd24391e1290c805f4cffb7a1bfacc0f1,buffer management
c8df4d2757440e3594da1c66cbdccf42d,query processing
c1bf5d98412bd4d9dd84137f3e39412f2,Television
c6800f069b7d771638ca94ee4fb6e2860,Existing browsers and navigation tools
cba1f70d5b0194230cb99d9ad75f6b935,client-server mode
c4724546aef13d097f2d4995c6da1af29,client-server mode.Keywords: Software Engineering Environment
ce60cf30faf302e44e384165101fc69fe,Cooperative Work
c1da2374b50f497e208c8dab11e6b2c98,Workspace Management
c27d5f5661d9498b36e75f40b80fb717c,KeywordsElectroencephalography
c097ae7106a858f13e1165fb3337c34fd,Simulated Annealing
cc2488330f7e55da7bee6883bab6becfa,Statistical Mechanics
cab7a485ebe75b6dd7243ad719f23c7de,Rule
c4a8c79ddddd6109289084e80aa41cdf2,Central
c70d0c3282a43f3bc6303aa4fd659ed4c,Satisfaction
c2b7074e8ec6efcee895356f6b68c07c3,Hyper
c684e1388a91900480c702ac5b8f6b4d8,SAT
c2ccd67324f304ff3004872dddea9efa5,structured SAT problems
cf30162c724767cbe2f1df3c1805fa7a6,boolean constraint language
c1ff6a759d7130d4ba70b86427db7eeb5,cardinality constraints
c7af17d92a087795e9d952fe34a6938ad,Generating
c39629fd04651ccd980a12031e92a4bbf,discretization
cf7a79d843979506c3115592869a24c7b,feature selection
c23571ec4e4e9cfe2c73e864577334cb6,Integrating
c4daec7a09fb01f7b04a05d66aa77a5b1,Yolanda
ce445d2a2bca5c18d252e5853e18cb4bb,Gil
c3f5a69faf0367be56dfb23b17ae736a6,Marc
c34e633286f328ad3f46b23198305d9a6,Tracking Number: A371 Content Areas: Machine Learning Word Counter: 6551
c17ee5091e2882281768588bd8d31f1c5,Information integration
cf0536f1feb6bb83794e57f295bc46d5b,query reformulation
c68b2a124d6d55cb7f0c1b975d6f0358a,Rivest
cfa40492c98522d40fec1549ac202e6b4,Index Terms: Induction
cbf05fbc5c7ef42b537a76cea71ba1b1e,Deduction
c14e089a2fa94f989ba9fbcc85fab6ef1,Human Interaction
c1115b855bb2a508bc2ca0609cc2d0f65,Integration
cbaff1569b35a20197b79dc6a220fa718,Rela tional Concepts
c2f3546bc78d7c25c47cf4c24ca91e839,Metaquery
c46072a4bf5b6b069cfa94afe7f31466b,Metapattern
c0fa26a6fb9f472cefd76bcb92da7d900,Content Areas: machine learning Word Count: 5160 Tracking Number: A355
c6174aa05a743b38bde99ee381a15af49,Reactive and Automatic Execution
c92407e45ae4237459d858111c834af0d,Dd alus  h  arc hitecture
c12a100cc4f2abcdb9b7f8fe0260c2e85,scientific discovery
c4422885624f2acbbf91b5b2ea6d8c8a7,particle physics
c8a22f9513513c8d33d21d055c01174eb,theory revision
c6a2135d5464cee106e38c62a4796af07,historical models
cbe7938e9a87618a98a7b6b47e12aa44b,Prime
c6bff18384c86302924dc53ce5595a5ee,During
c3b261136e3c33f35e0a58611b1f344cb,Chinese
cc81722c15756b5cf88ee71c25461da25,Interlingua
c526d688f37a86d3c3f27d0c5016eb71d,Reset
cfb5c73c55e51fbf6c7414e2ce27d2be8,Belief revision
c35907f30c65713ac842ded6d5c0f543b,reason maintenance
c36f51bf2ef5047875efb8f34f2f57767,rationality postulates
c41ef49078c1c8dc34ee426ee656bb677,social choice theory
c890c36e3efb1975fb41bbf4d9fcd5d1e,default reasoning
c8e4e7738c52cc95331f7d8c728329b2b,limited rationality
cbf447bac7956fbdd4b5119d0319ddc89,preference change
cd7ae479ff5c8d498350c95ae1c565c1c,Reflexive Interpreters
cf30b7f25f10afc8546d3b1cef55f1f05,Baker
c54b732228878ec3e097a36ae8dc181de,knowledge-based machine translation
c238c950eda9ee28cd6f591690c2ddff7,conceptual coverage
c4022a3dd243f4703f6dbb0ef707ced86,on-line lexical acquisition
c52f45bb353e527887c5bda8d2e6c643a,lexical mapping
c497b552208953fb1ac10bc5b0e758a05,phrasal substructure
c9eb2206572395fd9054d5af1a58aa8c2,Recurrent Cascade Correlation method
cabeb70a29c50c4a14906ecbc7ccecd5c,Opto
cdeb10517653c255364175796ace3553f,Product
cbf23abfe9877eb82f5075f71d62521f4,Expectation Maximization (EM)
cef6903c31ade2d7dae888e292bd01dc5,Normal Mixtures
c129c06e33e77e76d34c8f1e3b9ee7fa2,Gaussian Mixtures
ccbfd699f7340be18861285fe75944ae2,Supervised Learning
c3b9a584b356d1598f30aee24e65a77c6,Maximize Mutual Information (MMI)
caa015f12f13825d65f5567adceb48e23,Earlier
c68bf367e228f45ba83cb8831a5ee6447,Dutch
cf37841a7e1bfab948e2a23801abb74f4,Pappi
cfab2ca63bc2bb8234344f48fdc09fb73,Carmichael numbers
cdd361a7f6f7f53f3a8cc0b0714851a9c,Fermat test
cf182d894dd2d3643d24d162224f98954,pseudo primes
ce31725a448ba1895e7127bc521cf1b7c,Gilbert-Pollak conjecture
c76985b5f17d4d403056c401b42b574c7,Steiner Trees
c55e0f95c408704e23aba73552a80a0e0,Minimum spanning trees
cea38af9d8f5daa196756b3aee44a4b90,inequalities
c8b433670258f79578f9a4e5ea388b007,sausage
c04c81988284bc694da6823f06a1efe3c,minimum wear
c4f60fc8321ae62f18d0ceb5bb83e3134,uniform stress
cbd5d60fa9c1c9affa5e74009a2ff1cdf,minimum temperature
c29ea801293c80c9ee84a3f791c38bbed,maximal efficiency
cb0c2cdd24b0c99e04042a7fed8048fb4,minimal frictional loss
c9988268d9a381c2b26c69404c808029a,optimal shape
c3fcdb73d36d54f2cc22d0f68e6b6e182,form
c07414f4e15ca943e6cde032dec85d92f,structure
c0ccb15982d80545f3e2c70bcecaa6268,spur gears
c00eb4e2b7a34102f79a6b2cfec658fa3,bevel gears
c82a5a033308a9c1f7c15a0fa069b326d,Arora
cba552a4dbbeb2b0b831131f962beadbe,Polynomial time approximation schemes
c7d83cd4f668659b67a018711ff1e389f,optimal algorithms
c38cddfe562b9373d575716a93d7a437d,derandomization
cc7b397c9e0ba75d93d4e5624b313edc2,Traveling salesman tour
cbcb749f2b759716baa0d620e25a71233,Steiner minimum tree
cdef1f459c7f12f8493d1eabd3475a03b,Minimum spanning tree
cc0e1b190e48c30399f33e18a76020c83,Minimum matchings
c44635f1e5556173d8d519de0fd91e9b5,2-matchings
cbd119bd97f6fd76dd2ee5d4f45ece5ce,Edge cover
ce7e22d60472a02f38a5c6e78e2f49597,Rectilinear Steiner minimum tree
ccf582b370b3e4ac6fa75abf776f81299,quadtrees
c25972e9e56d442215eef637107cecc04,spanners
cb98cc3127286687ab9fdb852bb27464f,banyans
cd4408643ccbd7e83d0c54f42e405d618,ing
cf9b5dde8ad312d6f38f7e9f8fef69ceb,rating systems
c81f643ba95561df6c5b86cfcb8672c6e,pairwise comparison
c8e439b045313b69faecb269e0aecdba4,Riemann zeta function
cb56d60f702c5872d425163459092ac76,analyticity
c98e3909efb203f8857f07050d1636099,steiner ratio
c02099cf71d3740983ff4a06ae2bb1e8f,Fuzzy logic
c754cf3061c4096be0f3ac491d1a84556,uniqueness
c1048e6c879a540c5f273b90c8f563e5e,functional equations
c05d38cdaf997a2ce5616956a27bc3532,Perceptual organization
ca0d9c281caf1eec6fab8c47a19a0bd56,grouping
cd9e0c4a811fd860b65b26ac9d698d2f4,figural completion
ce9509cc0fe8da32e7edfa95751efbf00,curve of least energy
c73a6a553fd8c616be53e8c1094f06e8f,occlusion
c3d755e69c0e91bd66a202560b31519f7,illusory contours
c048f9147461279a94a8b2da858faabdc,Markov process
cd840538de0ba0c58268e54a9a49f29ab,Williams
c9f81a90c36dd3c60ff06f3c800ae4c1b,Jacobs
cdeeb7e0be411606b140609d057d46ef7,Image Searching
c100f3a7162afe77d15e47c854f76d16e,Search-by-content
ca5440d27c27e81bbf506815064e72140,Fourier Domain Computation
ccb778f6a85bda3a947f42f9be101de7f,Face Recognition
cf495858b04a4f7541ea00dbf76b21a44,Mixture Models
c61637ca5a9433f510ca3bfd3df0fc1af,Statistical Pattern Recognition
c237e109f7f352def1e0bcf79d7f3166b,Improved Distance Metrics
c86182ff7d41e86dd1b8dcad016f9745c,Input/Output architecture
cc80289f897c8bcab06741d24f124789d,redundant disk arrays
ccf91513c6fc63cebe4b63a6647238d6d,RAID
c139f94487df3a8e1aaad8c882afc4d86,error-correcting codes
c3c7eff05bd006aea6789b2c4be628e16,Unfortunately
c827faff1bdcfe446237c4d6289abce66,Sigma
cdba67f782cad6c19eebd142260eaa45e,Debye
c71dd8f124b12f77064dcbe7a0ade4603,Hubbard
cb0dc88654cd6203e0f231a91abd0957a,Compton
cd9cdb0f6e0d556347c10a8695545a4b5,Gamma
c9406e3c325bfc9873426e5eda4ba6e18,Ray
cbcd80cbd55bc0c6746243521652957e5,Universities
cd511f8439ecde36647437fbba67a4394,Space
c7bfcadb5535fe8aad5032762b7bfe159,After
c0b8f72a708c45bec67d179aa70f80b12,Grassmannians
c14173606d14e8b9401137f5260df7b8e,Kahler
c76f2137fb040f36d9b09138ac661d197,-conjugated polymers
c478ee064a0bd0de1e233c2a0ff8392bb,Photoinduced absorption spectroscopy
ccf99b004882416051d1dc8dbb153f3a4,Photogeneration of triplet excitons
c8b0b895ee9317666251c1d0aa6920371,Singlet exciton fission
c849b8b7e7f97df0d7b6e618812ab5c01,jectory fitting over the traditional HiRes-only mono method
caace978a48dc5135f2285f25db31588d,Langmuir
c6f6738ae46ebf7d1ec0db110caa7e82f,Blodgett
c6a7cf7b219e39486a697e672c6705649,Landau
c58589b952d118b97c4a28cb05c8b07c9,Prof
c7507fff756c88a08e7017d88c8cca0e3,EGRET'S TOTAL ABSORPTION SHOWER CALORIMETER (TASC)
cd8dbcb7f98b38c5c9f9a0ad33e94ec2a,Hamiltonian
c311ba248903382fd1eee8670472d3f39,Pierre
cbfd98a1c139575bdddbc2788476a5f4e,Auger
c6a382f5bfa3db109c81ec4adbf70ff26,Utah
cac51deb7d2c3f9663a6df72c7c9b2b51,Fly
cfc07bd5d8d8da59664ddd993ac505fd8,Photoluminescence
c19c41821711efe2b7a1bf0c06fa52e37,Spectral narrowing
c43dd3553595ca1c1d35a104af0e9bb2b,Lasing Photoinduced absorption spectroscopy
c0731781748b2c245000f909ac7778d36,Charge transfer ||||||||||||||||||||||||||||||||||||||||||||||||-1
cda4eda226fe9dfa4648bc6e00fb7e049,Charge transfer ||||||||||||||||||||||||||||||||||||||||||||||||-1.Introduction
ccf5f3091e30dee6597885d8c0e0c357f,Term
cdb6a8ad72071656ae9b918ba17d364ce,Bayes
cea15ec34010ea265607a85ab3411f23f,Probably
cbf160e3c8b10d8e9490be88e8f8c8c3c,Approximately
cc7405a1122097c4f200d1fbbd63d7a12,Vapnik
ca60d8e3fd890558fb50b0bab994259a8,Chervonenkis
c13d1e675170a975de68c9eb4f381daf4,Valiant
cf24143226c79ef2fa5b3c3c9714ec30f,Theoretical Analysis
c881e6af3600429a20e0cef557f112330,Uniform Convergence
c36d4e7e1bfd840adcaede22706f227f9,Shasta
cf4342eb0fe4c4e6dd4582ef1609a7d9e,Allocating
c112a8fc8c98b9205ba9645b34fdd585b,network interfaces
c741d639e02fc9b2ceb617195aa5bf807,high-speed networks
cca9518d4f61268b7ba55ca6a45a94314,memory hierarchy
ce9ac3bc2a0628bfda97fae487c1299e3,Parallel systems
c9de6f31bff1bdcca867398862eaa6cb5,communication architecture
cea1c3f4bbaa11d70dbfc11172b0bfac4,connection-based communication
c42a71b0821f506d59d912b2366b83a3d,programming tools
cc43e0fd449c758dab8f891d8e19eb1a9,Strong
ca55ee7dbef97d21dcf2be0402751c859,1.2 Mechanical Design 1
c5ae68d87af1381d82f813d8b6e3083aa,1.2 Mechanical Design 1.2
c772997cbe58510d375972e962e3a73b9,1.2 Mechanical Design 1.2.1 Hardware
c14cd1b3c0308ddcb40be06b4c8d44b9b,stereo imaging
c2c6cb0c82ce8ec43ec9467cd456c0854,binoculars
cc249a07bfb704ff8b8dff1fd7238afa7,stereomicroscope
cabc1acdc335769ab4d6788e120ceab14,periscope
c768db0c0fba3c72a9886b833efe822ce,projective
c385457b7901f3825b2daeb04bd439371,pre-processing for video compression
c4a5865ff3a4d42f88a7c9e8c4f185cb2,multi-view image sequence compression
caf043b3e36cc35fcf2585d5807c84f8d,video processing
c27fc02b9d66824e1d0bcf42d2498d66d,broadcast news story analysis
c3a07d25f287c23c8d1b3d92c51e88c42,closed captioning
c1687c69f08b3e621f7d122eeeda0e163,video library creation
c0035c3a4fba659233a189e32e1849421,Avionics
ce24fb50834dea64ead60f369b915b115,Leighton
ce31389247e6fba036ed851f7f76ebb95,Maggs
c188572eb6116fb52c0d764907c3cf706,Rao
c1b6fa9d2e0d8dde3cf63338c4f1f15af,Gesture
cdefe967ad0373b2274fc298f19125ca7,Moving
cadf49721995729f290413492eb9fcf17,architecture description languages
c6d0b41ebe45d2b9c0879ee4b8029e977,architectural interchange
c79d894520f4f94c267986a819e110bec,Acme
cad3c2140e71bbf498d69f027ede1ae53,architecture analysis tools
ce7a731a6342f126055b89b80d800a180,Logical
cce898d62ed9ca7653a01fe0c781e97e9,Physical
cbf3e7940cbc74b4f3bc0cefcd6e6db29,Marquise
c7abd34bfc43fa99318fc251241bfd533,Gilt
cefe3fbcf2e1bfee0958b8159700898fe,Correspondence
cd0f7423e6e494bbabdbd1039696d474a,Dennis
c0677d9e36a08bf93c28637ec268439d9,Grinberg
c31c3f8d8e54f0cb53af18294578bb402,Believable
c9664362669c41a4d08ca107308abce7e,Key words.fault tolerance
c677fe7c173832549a8e815c68e44f005,array-based network
c5c1981a33ea26a564e43c2f57063c34d,mesh network
cb4ebf5348aa4dc6e94fa8554feaf54b9,network emulation
c7df03dec0845db7d2b8df32c4d3532cb,Selecting
c352d3d3073e63298985a372a66c9a17b,Index Terms system reliability
c49ed0edcf9f33d5a7715dafd7ee4f110,software dependability
cd168d06d2a59a22cf14b3c25bc5e138b,robustness benchmarking
c4f18c580a342691f7765322523db9725,test suite organization
cb6f2340425975045fd7fa5785300d128,object-oriented benchmarks
c278691dee9f7469c9fa4cede2e6a6db8,software validation
c7de59f9502124cb37ab1572ac2086a62,extensible benchmarks
cd18239c0adfecd4d9ff434c472d0f2d1,Subjecting
cd47350da9b49399182a81e9b52d7230a,CR Categories and Subject Descriptors: I
c195d7ee3253328d9c13632bc51be93b4,CR Categories and Subject Descriptors: I.3
c976eb90218b820708560f82a78330906,CR Categories and Subject Descriptors: I.3.6 [Computer Graphics]: Methodology and Techniques Interaction Techniques
cbd7ca261520f2d9424bf812e52cefbd1,I.3.7 [Computer Graphics]: Three-Dimensional Graphics and Realism Virtual Reality
c30263f19b11c5e40f1968bde2b1f3a7d,I.3.7 [Computer Graphics]: Three-Dimensional Graphics and Realism Virtual Reality.Additional Keywords: virtual worlds
cd4cb82d6bcc79fabb8ed8987bfa6f81f,manipulation
c035b9ae578574cdf728d8760483d8041,Effort
ca35fe3d318170ac24df492117a49017d,Key words.differential-algebraic equations
c97c648ff3b7b2a9994ab1953471c44cd,consistent initialization
c8aa7aa4b7523b2d52d2126c9622301c8,discontinuity
c4ec453aea8de21482cfc6033d4e43d1c,successive linear programming
cae463354ebc0558fb54e219af68e9285,A content-based 3D neuroradiologic image retrieval
c666df2f48cd16f38212c093999248769,Figure
c647acfc77eba36776fb2c61bce27d3db,Adept
c2840fec0f5af9432dd0084c3c4968f93,Fuzzy
ca6156ea9d66fef24e87e841fbabf7cca,Shared
ca9d093d11bc6e98b0c8e586ffa545c85,Receiver
c7c3745ec54e369b544124097facefff6,Characteristic
c8321e79c278ec510f63675c040594892,Maximum
c749fdba01abafc382d2b7aa92e2ab362,Posteriori
c7337ac12346a3c0bc1100db0190ed4e0,Key words and phrases: Bayes factors
cc64854b8ad94bb2282787671f5823884,coherence
c8404326fd7445743e7c494e67a73918f,data-translated likelihoods
c15fc3950b7c08c0b533f05a119795393,Entropy
c19f5b5f8d4c69554cd6e413a8c75c400,Fisher information
cc931a246221c1a2c667d6eea5057b7b4,Haar measure
c3b505cda175723d20f39c89999aecc58,improper priors
c591c7beb4b6efacaf5b585c0f4d044bf,insufficient reason
c83bf1836b7adb9e6813c36e85e5d679c,Jeffreys's prior
c89a20772081f83e19bd7bec91c76930e,marginalization paradoxes
c42468fff3367236f279ab49efaa4b373,noninformative priors
cca888a1cda5fd87b2d8576e56cba7078,nuisance parameters
c153f4d652e9a21c037987813a6c06114,reference priors
c15a2314bb7d630f609a155a71a463b02,sensitivity analysis
c1d0b6fa182e92badda18a8304e0d4898,Key words: Decennial census
caa88aa63ad8e03ef0d9896f8ec5bbbdb,Federal statistics system
c896642ac66c150856207cd7e88b73053,Social surveys
cea4e456f6285a309720b5fa97760d1a9,Statistics and the law
c01a59ca536902086580fc4819d51885b,Undercount adjustment
cbf9d32d3cc41bf01e0f0bc85d609dade,pattern regression
cc7c43169d10d56a585753d4d09ba1c57,adaptive splines
cffc9fa97a70ec8b71434d626c28beb47,cubic spline regression
cb49a3835e0687eaaa4ce1549db02f3fc,ridge regression
c4f95f374922d78911391f6461a8d09ec,partial least squares
c5772f5928c9d3f31259d15041bfe260f,Graphical
caab3e987d991f9ee2900b36c558976ae,KEY WORDS: Laplace-Metropolis estimator
cbd121fd3ad809145d1d952047724d5cc,Random effects models
c0aa7882985f1d530a3db95cb2d8455e1,Marginal likelihoods
c754ff513a30f8d989e2c6771ec2ed372,Posterior simulation
cb41686011921c3074615375952344e24,World Fertility Survey
ced6d15b92bd6240f3ae0e0e24a8018e2,Gaussian Classification
ca08248e2cb40a60980ed03befc65a4b2,Eigenvalue Decomposition
c3a55a45f914091ce5cbcb6468372daac,Max imum Likelihood
cc1937b687795ce80be0ecf20e1811441,Adrian
c014dff415413ffa75e12363b60ace2d4,Internet.Keywords
c7f827addd8c6fc72616e58fe54deabe1,Internet.Keywords.Model-based clustering
c14cb15de6a83a097211451842edf00a7,Bayesian cluster analysis
cf59aa9e1e920c95453dbe3cf2723141a,machine vision
c853064ee51c3b069145f9b5077bfd666,industrial inspection
cc91c7b93c28cd18741b71f727ee81ee3,Reports
c21dba34d74f8b1cb8d42e34579c40946,Augsburg
c98a2bc79c11d0cbb19f99b2b8c70e6e3,Connections
cab0268fb8036a892dc341945cb7ae3be,Engineering
cec5f1891686a823626ebdc03b2e383e5,Region Growing
cfd8de7497d583bb475bd609c9a090bbb,Image Enhancement
cff8d78c9961feaf6e85f08a69d015fa4,Image Segmentation
c773617d9381c8e97dbf389c722e6d611,Symmetric Neighborhood Filter
c8a4d6dec35ad6f01d54531c509cf7d37,Connected Components
c496842a8f16b369df5ba6adef65820d5,Parallel Performance
c1f851d666792e09d379f7f8540bc1979,Distributed AI
c3426cf4e0ad8dc61c85e9b3889759f57,Apostolico
cdbc205f6dd6973a3ef44c30b5002ae19,Iliopoulos
c764fd5d670efad5df78ba037a30163b1,mobile robot localization
c4d03353afa32134be7efa2cf8f033596,landmark navigation
ce4227b19551cae408584134e730e0a23,map algorithms
c71d6f8677fb4f8a10740c0ad4d6bbfe8,triangulation
c07c4a06beb2a3f641984efaa290577e8,NREN
c76aabf8a4fadd6c106bf57a896a57df9,NII
