paper_id,classification_id
pbd93cee4e84b5c34f018cf371fdfdf3e,c77631ca4f0e08419b70726a447333ab6
p79f68cad200f18b3583ed9e4c304a817,cad1ec60c9e1f10f6a9f5d9f2c5254bc6
p79f68cad200f18b3583ed9e4c304a817,c4b1b4dc8cf38b3c64b1d657da8f5ac8c
p79f68cad200f18b3583ed9e4c304a817,c2806259c227f694c678ec9444aec2042
p42ca9a27f8d8c396cabb9953b04d723a,cce7898536dd0e928d1640ee2ad531cc8
p040d8882beb39578b450d93efdeaebe0,c6ac2c127cbb7707592bcaf9933ec7560
p040d8882beb39578b450d93efdeaebe0,ca164e3a28eaaf9323117f0e3ba10971a
p040d8882beb39578b450d93efdeaebe0,c05a24c5bf51549bede9ad4505e1cb41f
p040d8882beb39578b450d93efdeaebe0,c79690bb5e3d28dba2158c96525905bbf
p040d8882beb39578b450d93efdeaebe0,c026a75fe322349db0ce07e368ee97a22
p040d8882beb39578b450d93efdeaebe0,c9e083ec666c9f3db044bb7c381640227
p4c58bb2826cca94dc5d7b268241fd2aa,cb5cd6d93104fbee24b556a3998163c80
pb43cecdba6cf524cca2ff140b51b9f8e,c77631ca4f0e08419b70726a447333ab6
pa92d35903df32359edc839fe010255ec,ccddff03c33e8452baacd762e4c6d26e0
p364be2f3fd50e8ff8033c0547bdd6f3e,c77631ca4f0e08419b70726a447333ab6
p8a52673f10f614d0eda7f330cef46ace,c77631ca4f0e08419b70726a447333ab6
p443f0145895e7a96d873662cd9410ed0,cdaab5589b939c1384b9c367775d6bce8
p443f0145895e7a96d873662cd9410ed0,c7f504aed78b58af4c778342c89acb956
p443f0145895e7a96d873662cd9410ed0,cd2091ba3a246a466a754a7e8d3bcfd96
p443f0145895e7a96d873662cd9410ed0,c343c918d0780e3980996b722026bcfdb
p443f0145895e7a96d873662cd9410ed0,c286efc868b65de8a4f3be985bed00336
p443f0145895e7a96d873662cd9410ed0,cd24003e86eb9dbd1471fdb6398184d0a
p443f0145895e7a96d873662cd9410ed0,cf286606c1500b7d801907263afbd90fc
p443f0145895e7a96d873662cd9410ed0,cfbb725b92cd9f96718d58346b4cc0df1
p459005ad4857aaaf85996c8a7f679a3c,c8242b65442bb32c3eb7cf13536aac810
p459005ad4857aaaf85996c8a7f679a3c,cb72e9d82e12d410ff126a553860407e6
p459005ad4857aaaf85996c8a7f679a3c,c03f8e154b1ff9a18c1a238a42e558f1a
pf74649b4bf68b8aac4efe4af61cc1ebe,ce5d284b6015067eaa11e06b809fe6f13
pf74649b4bf68b8aac4efe4af61cc1ebe,c32bba56f5753fec52f0dc3fa334e6a51
pf74649b4bf68b8aac4efe4af61cc1ebe,c7092783cd3b67372ff88fa3d2744f685
p56448f0a323bfee2a20e4181f81d981b,c7092783cd3b67372ff88fa3d2744f685
p76104f47f402d594d7126fbc820fbf3b,cfae737cad0ab4e95a2de29b283ff08b1
p76104f47f402d594d7126fbc820fbf3b,c55cf92a75dee32bf7dc3f645f7e67bc1
p76104f47f402d594d7126fbc820fbf3b,c7092783cd3b67372ff88fa3d2744f685
p2ae9675d072e315a0eb4b2c0c5ae4230,c88a1972f21fea5cf8a1b3a77f681a47f
p2ae9675d072e315a0eb4b2c0c5ae4230,c2c27f527571abefdf54480d3f2e4295d
p2ae9675d072e315a0eb4b2c0c5ae4230,c7092783cd3b67372ff88fa3d2744f685
pb66911e4dc333c58142cd895f5d30879,c679310a95d28d9a928a0eb6960d3ea27
pb66911e4dc333c58142cd895f5d30879,c5b5de8fb97c533030e2a75189f94271f
pb66911e4dc333c58142cd895f5d30879,cb1bfdef67652915cea5f7079ea74f029
pb66911e4dc333c58142cd895f5d30879,c7c19187658a47ad3a75437e4ef5a62f6
pb66911e4dc333c58142cd895f5d30879,c41c24e5d6f47dd118f9357797eb47539
pb66911e4dc333c58142cd895f5d30879,c9700af39b59f0c84b11b49ff5945c8b2
pe98dadf70720e4753d40eedfefe39380,c4d3d769b812b6faa6b76e1a8abaece2d
pe98dadf70720e4753d40eedfefe39380,c41de6d6cfb8953c021bbe4ba0701c8a1
p84dad78c4c0f409e9c303bdada282d21,c4b7a2b2884f41c9f1806e5d5f6f370e8
p84dad78c4c0f409e9c303bdada282d21,c0868818ce8ef52a4e3d1a30398e1a608
p84dad78c4c0f409e9c303bdada282d21,c9cf0fad66f27ca22b7ee721d5413ea62
p84dad78c4c0f409e9c303bdada282d21,c8b4939bcf8f2d06f72b94cc1bd204569
p84dad78c4c0f409e9c303bdada282d21,c0b0dae5d13438370a10972d4486283fa
p84dad78c4c0f409e9c303bdada282d21,ca115626031f948d915fa05879129a39b
p84dad78c4c0f409e9c303bdada282d21,cecfbc67e60dbb7b56721dc8e546b2a9a
p84dad78c4c0f409e9c303bdada282d21,ce9e9ff522cae2cb6bf601cf6bb421417
p84dad78c4c0f409e9c303bdada282d21,cefe79c321127e9bcc1ad7f6956d52ca6
p84dad78c4c0f409e9c303bdada282d21,c66270707424a729c3e557fceb03f45c9
p84dad78c4c0f409e9c303bdada282d21,ceeabb1563a66e513135facdcfbc9d1a7
p84dad78c4c0f409e9c303bdada282d21,ccb9e3624404af6e2ec52e3a39d5358a7
p84dad78c4c0f409e9c303bdada282d21,c36d17f2291ddbf6cb71693d0d0ac9a3c
p84dad78c4c0f409e9c303bdada282d21,c523a8681903bcf53bace35316c86fe33
p84dad78c4c0f409e9c303bdada282d21,cf58b558dab5437b170ae3c49cabfd93d
p84dad78c4c0f409e9c303bdada282d21,c60f6cbf7707bdf06149ca3eecd6da5bf
p84dad78c4c0f409e9c303bdada282d21,cd86bae57ea5ec23788b730b29ce7e722
p84dad78c4c0f409e9c303bdada282d21,c027921bc15a48f3e3a2c38adb5663742
p84dad78c4c0f409e9c303bdada282d21,c7161273ab565dbe388c0dec010bd6c43
p84dad78c4c0f409e9c303bdada282d21,c1c501f65a338df42b5f259b7d0903373
p84dad78c4c0f409e9c303bdada282d21,c5ebca6d9027184378aa95cd13a3b9626
p2abf19613cb51b89f00f0064a973265a,c77631ca4f0e08419b70726a447333ab6
pe0526f8b07ae690d9725a1c91cac1038,c77631ca4f0e08419b70726a447333ab6
p533fd290c0202afc2502fc621ff4170c,cad1ec60c9e1f10f6a9f5d9f2c5254bc6
p533fd290c0202afc2502fc621ff4170c,c4b1b4dc8cf38b3c64b1d657da8f5ac8c
p533fd290c0202afc2502fc621ff4170c,ccc5d90569e1c8313c2b1c2aab1401174
p5f78c6ffdd2dea1da68c29dd5e16742d,c77631ca4f0e08419b70726a447333ab6
p5f78c6ffdd2dea1da68c29dd5e16742d,c92e639d3d5951901965d62b0075096c6
p5f78c6ffdd2dea1da68c29dd5e16742d,c8af0f5c3edad8d8e158ff27b9f03afac
pe2d9f1d9b060ff925d7d9be39ace3a33,ca4704fd35f0308287f2937ba3eccf5fe
pc6b8e591b76f23f3db129f1f462bfb7c,c1de0cc94f381baa599628e43cbf815e0
pda8994f048a42bfd6de1d3c79013529a,c1d17cb9923b99f823da9f5a16dc460e5
pda8994f048a42bfd6de1d3c79013529a,c181900dad960beccb34f53c4e0ff4647
pda8994f048a42bfd6de1d3c79013529a,ced048ecb34024ea59fc19f53a6e55372
pc6044a670fedbf31f77ac4327d1a9751,cad1ec60c9e1f10f6a9f5d9f2c5254bc6
pc6044a670fedbf31f77ac4327d1a9751,c4b1b4dc8cf38b3c64b1d657da8f5ac8c
pc6044a670fedbf31f77ac4327d1a9751,c1d17cb9923b99f823da9f5a16dc460e5
p4114dd146efe0cfa3c75d3518a7319b0,cac579bdd709aac10eef3672da2151064
p650e4451cc321ec51e79eb27f7911aef,c66c153dffffacb388f200aadb1dba1fd
pe268b2a8a7eb21c98c206237694fb844,c3897b7e19d693c2555dc02e33c3f72de
pe268b2a8a7eb21c98c206237694fb844,c0e23b00f4cf250343b932db6c147d5e7
pe268b2a8a7eb21c98c206237694fb844,cbd6aac0607722eefb1b9c79b034b35a9
pe268b2a8a7eb21c98c206237694fb844,c75501ebe47909929fcc2b6fe8541595c
p252311ab24fcb1620a830a7ec6c51899,c24f5e1353558af5555203395ccee1175
p21948ddff45f29d84c5460c54015ab24,c6719658521aa3b81bf4fbbb4b085998d
p6ed91bea040341253a23abd03f6bcf21,c4f76a9a57d76ee277a3334513e0c92da
p98fbe207cfbb9deee6da45a9eddb15df,cc8a787feee668f698f47e3dad6e88abd
p187ddaf28491c14fc3766701289b2e38,cadbea8abd2b9d7e42e912318c9962e24
p1737ee65fea6469bfbec8d3ce08efbdc,cfd69c5cf902969e6fb71d043085ddee6
p1737ee65fea6469bfbec8d3ce08efbdc,c05aeba473f4906b85c7627ba045e890a
p1737ee65fea6469bfbec8d3ce08efbdc,ceae639a70006feff484a39363c977e24
pd6573cd99599d42d9fc474bd3e98e28e,c24f5e1353558af5555203395ccee1175
pcb8812e9c700b6185102e4d9499f1402,c6e0d8d1239cb1f2a2d1c495c6b2fbf61
p654c89ebfdfdecfb6b3439f30c4165d5,c77631ca4f0e08419b70726a447333ab6
pd3b9affcc3aabadf41a12dd5f3535aac,ca4704fd35f0308287f2937ba3eccf5fe
pd3b9affcc3aabadf41a12dd5f3535aac,c74575b23d5305310e904f87eb02ff980
p75b923764e7cde3309ae00921ee4f731,c181900dad960beccb34f53c4e0ff4647
p75b923764e7cde3309ae00921ee4f731,ced048ecb34024ea59fc19f53a6e55372
p75b923764e7cde3309ae00921ee4f731,cad1ec60c9e1f10f6a9f5d9f2c5254bc6
p2ac6fdd7bdce6494adffcdff162244e2,c39e61d57e9209611edd4f884e9e47c11
p8e6f162665e0179f76859ea6990e2d45,ca4704fd35f0308287f2937ba3eccf5fe
pe10810b3b5b898be9b9fb13a86bfa013,caada29daee1d64ed0fe907043855cb7e
p6e368307f1c31f36e09d5060384065e6,cc21f94bde3dcc2354b4d64b92d82b5c9
p6e368307f1c31f36e09d5060384065e6,c2a5a93caf31cbc3e2b9073d7e7c7dd70
pda223f458728f4ea8a3e13b09e8791c1,ca4704fd35f0308287f2937ba3eccf5fe
p3bc2f6476eb407e9832cea5476a37e50,c3d6237b7105f7861804038f71dd6a550
pba19ac1f2211011b384bad40a56d3b7e,c77631ca4f0e08419b70726a447333ab6
p81c751e8d64fc0676dd8e2f04649fd91,ced5dea09095f671b801bee34ea28a319
p81b4d00bc2bf7aecda8483886f4327aa,c77631ca4f0e08419b70726a447333ab6
p1516a92f22613224c8f2a71cc7b87564,ca4704fd35f0308287f2937ba3eccf5fe
p45b46b41b540a2249cff77db0cb17abb,c4b74ce8aa6f3f2a4b7661e5386727ed8
p45b46b41b540a2249cff77db0cb17abb,cf70cf526b32d5c73a944d9850b898355
p45b46b41b540a2249cff77db0cb17abb,c75e4d7d5ed80f2bb4c31b6b5a8dfc04b
p45b46b41b540a2249cff77db0cb17abb,c4ec11f77959aa210715c570615c2c517
p80985d031be0fee92165a4211452ca7a,c014f2d79a668b9a3f8fe6ec8acda6722
p80985d031be0fee92165a4211452ca7a,c0517409e7f284918978d3b4715a24077
p80985d031be0fee92165a4211452ca7a,c0416ec83c462b4cf701f238a232e92fd
p80985d031be0fee92165a4211452ca7a,c6e4e50e38fdf94b800891c532bf2f5e7
p80985d031be0fee92165a4211452ca7a,c63f69c7f958795918b41fbcd71a8c811
paeac06695898113b296fb6f43c77c89b,c77631ca4f0e08419b70726a447333ab6
paeac06695898113b296fb6f43c77c89b,cdbd1d39db6a02c12d8934123bb2153e9
p14d830080ef04d03e04ffa4165c97ce6,ca4704fd35f0308287f2937ba3eccf5fe
p14d830080ef04d03e04ffa4165c97ce6,cf447ac856e7e72435904956e3b15f433
p14d830080ef04d03e04ffa4165c97ce6,c4d70254b3a8e2bc38b6147fa6ee813be
pbc36bf4d3c4b5be501c011f2e40c40c6,cc076e4fd1559721e171432e66b70a487
p58ad11790f38cd9d310583e3969d4832,c6070c50fbf0860ece540ba003386b27b
p58ad11790f38cd9d310583e3969d4832,c00b18c913b33fadf282636d1005e6725
p58ad11790f38cd9d310583e3969d4832,c0312d03745ebb81310750702d5dea1eb
p58ad11790f38cd9d310583e3969d4832,c17ffd0ef72f7221866283fdda8cb13f7
p58ad11790f38cd9d310583e3969d4832,ca7b261cffcb91a7b49b72db93b2d0b5b
p58ad11790f38cd9d310583e3969d4832,c82cc40e511dff1d8762a2bad249848ac
pbc5900f6704b8719792ab67e2a9c2659,c489ce18e2a9d9c96cc68cf2283ab5fbc
pbc5900f6704b8719792ab67e2a9c2659,c988f62c7de623c3c3118a4b03d575cef
pbc5900f6704b8719792ab67e2a9c2659,ca49caba389480a6444ca610bc95b6b9e
p701bd1a269ae7be0708ec921eadc9a96,cd4c1a1d866413440ecbd3cba7da8548c
p701bd1a269ae7be0708ec921eadc9a96,c7c19187658a47ad3a75437e4ef5a62f6
p701bd1a269ae7be0708ec921eadc9a96,c87a926fa02814f839f65d546ba199187
p701bd1a269ae7be0708ec921eadc9a96,ced9f98665dc9109ece82c491b6613c54
pfe63a84c690f026dc8f9b59c095d3896,c8ddf793655a47d1de2721e32313ebf36
pfe63a84c690f026dc8f9b59c095d3896,cbc83e5040eb0fecf47cfacaa19297b4b
pfe63a84c690f026dc8f9b59c095d3896,ceec89088ee408b80387155272b113256
p39190f36b77db9bbf302c18f6d52aae9,c99442e94b8aedfaff00e0752719ee7b9
p517976082403feae82ce8a3c6d3d8376,cff369645ae48b998d76f05eafc6c9778
p517976082403feae82ce8a3c6d3d8376,cf733feceb99d9efb4e1dee5e0f2deea5
p517976082403feae82ce8a3c6d3d8376,cd43e4f06a56ce0918ace437dc42ec644
p517976082403feae82ce8a3c6d3d8376,c82f6be9d6372dc22a316074cf5f9fe25
p9e433b5193e8ddf05216c29034e605a3,ca4704fd35f0308287f2937ba3eccf5fe
p9e433b5193e8ddf05216c29034e605a3,c93b35952d0f7a6db338dc3cbc4e43df7
p593ec70d4dfc5a52b579e6c19a8d1ead,c3410e876b1d9070072a6d868c2ea1b08
p580adb69d02d53a57aa3384ba462d562,c627087bd7b87bf459235e616782e864a
p580adb69d02d53a57aa3384ba462d562,c9c4cf325b83d8c0f6f2f0e73ad839457
p580adb69d02d53a57aa3384ba462d562,cf114e9e554a7a4345bbefd386435ad18
p449a8aa7e29afe1acf3ab47a0c803b1c,cffeb4fc5dd5990de8a7996682c739337
p449a8aa7e29afe1acf3ab47a0c803b1c,c73ee52721c776e368c6f151a598f68c2
p449a8aa7e29afe1acf3ab47a0c803b1c,cf114e9e554a7a4345bbefd386435ad18
p449a8aa7e29afe1acf3ab47a0c803b1c,c90d6d53a98e35cf1f82204ae3ec905b7
p449a8aa7e29afe1acf3ab47a0c803b1c,cbe5d5d37542d75f93a87094459f76678
p6ab2e02d57b5585a520c2c301ba33e39,c77631ca4f0e08419b70726a447333ab6
p341756097af6ec9f103f73c6b125e073,c4475404a8e17049853e83d014a833ca1
p0ffe1925cf73dc39ffb324807e4b7ac1,ca4704fd35f0308287f2937ba3eccf5fe
p546a526f6c094467b6c5e69ee659220f,ca4704fd35f0308287f2937ba3eccf5fe
p0c9eedec27f79859a024496beea0f14c,c2d5910513ffd90ae13abc145b0806bf5
pbf580c2cf464034ef783af88332e5c5d,c0819eb30cc2cd18cf6b02042458c5da1
p254361cf5e0be3a7bb5d11bf419f2475,c0dfcf23e6610dd9ef6092e4cfedd7c07
p527e2b16073aec1c81673a2768534e3a,cdb5eb84117d06047c97c9a0191b5fffe
p527e2b16073aec1c81673a2768534e3a,c57dea6f5039281b7fee517fc43bf3110
p527e2b16073aec1c81673a2768534e3a,c47c954121886a5e5aaca7eece461b56f
pe4bed89197aa16a69283d17ced9e22e3,ca4704fd35f0308287f2937ba3eccf5fe
pe4bed89197aa16a69283d17ced9e22e3,c47c954121886a5e5aaca7eece461b56f
p9983c152351e5497af0970cdf41bdd29,cba19a4e1fc95c073bcc3e70a27bc2e6d
p9983c152351e5497af0970cdf41bdd29,cfbb725b92cd9f96718d58346b4cc0df1
p9983c152351e5497af0970cdf41bdd29,cf152a41501b4203be12acfe6ecbb498e
p9983c152351e5497af0970cdf41bdd29,c23e76c64b88a2be945bd9e38aac2e009
p9983c152351e5497af0970cdf41bdd29,c19fc833ffe525d768089c7327a6e73d5
p9983c152351e5497af0970cdf41bdd29,cf891cf28b7b7f694c2fc13900cc097c3
pee32eecab7c396c80470af0ab0567dd9,ca4704fd35f0308287f2937ba3eccf5fe
pee32eecab7c396c80470af0ab0567dd9,c4c2a8fe7eaf24721cc7a9f0175115bd4
pee32eecab7c396c80470af0ab0567dd9,cda9a282bb73782e65519341e726bed9e
p5fe708a65835f9727e744db3051d6c47,c77631ca4f0e08419b70726a447333ab6
pf6209d3765a9313aa28625cf854b926c,c77631ca4f0e08419b70726a447333ab6
p67bad666d568ac9cfe8c854b935a9bd4,cd41142bc02387f74ecbd1b7ac93ad012
p92079b4ddee9c98264ed081ebb969132,ca4704fd35f0308287f2937ba3eccf5fe
p92079b4ddee9c98264ed081ebb969132,c21021ea0e52be8e9c599f4dff41e5be0
p92079b4ddee9c98264ed081ebb969132,c57dea6f5039281b7fee517fc43bf3110
p680164fbd4f5ab61896dd21a8fed9d2a,c2fb9d2117d6859403f0c0006311570e6
p680164fbd4f5ab61896dd21a8fed9d2a,c0416ec83c462b4cf701f238a232e92fd
p6b383a33f9f2986dd947108829bae0d5,ca4704fd35f0308287f2937ba3eccf5fe
p7e7b7dd4479f18edf108978c45d0ab5a,ca4704fd35f0308287f2937ba3eccf5fe
p7e7b7dd4479f18edf108978c45d0ab5a,c22fc4f79e25284f0112eb399bdb020a4
p3ff817acc65a13e36ec23a43e20e7e1e,ca4704fd35f0308287f2937ba3eccf5fe
p3ff817acc65a13e36ec23a43e20e7e1e,c22fc4f79e25284f0112eb399bdb020a4
pe64f1c454c5fbb5e1e1e19c179b183bd,c77631ca4f0e08419b70726a447333ab6
p0135ef5b5b8a29762f4300b232259c87,c8ddf793655a47d1de2721e32313ebf36
p0135ef5b5b8a29762f4300b232259c87,c8f7ba58961e0fe40cfda61b412537fba
p96b9139b0974a3d777e8f88ddd8c7357,c8ddf793655a47d1de2721e32313ebf36
p96b9139b0974a3d777e8f88ddd8c7357,c8f7ba58961e0fe40cfda61b412537fba
pcd3e7b17b61cb20dd5207a104f7a4aa6,ca4704fd35f0308287f2937ba3eccf5fe
pcd3e7b17b61cb20dd5207a104f7a4aa6,c1e984dbe12c8a779526c498701b8bc73
pcd3e7b17b61cb20dd5207a104f7a4aa6,ca1c4eb450799cb3f30c400d0201414e7
pce5704ca76a63bc85bb3cbcae6417e11,ced057d620862f47fc733e5924d89a5d8
pce5704ca76a63bc85bb3cbcae6417e11,c6070c50fbf0860ece540ba003386b27b
pce5704ca76a63bc85bb3cbcae6417e11,c1d07814d12178c958e4233501cb0bdc7
pce5704ca76a63bc85bb3cbcae6417e11,cc531c613b81400870871e60c6de75e2b
pce5704ca76a63bc85bb3cbcae6417e11,c2fb9d2117d6859403f0c0006311570e6
pb817dfd3392fd697cbda9a00daf3b7cc,cc200c21241fa58ddb8d0804c48e960f8
pe9a2b130cab3a144c2148ccf45905c06,c5ae7fb3197b6fd8c723c7766a5680e2e
p3e1881ab97c0fb37fb0cdd6454324861,c9afc92486c373ac35f7be39094316a36
p3e1881ab97c0fb37fb0cdd6454324861,cdcc59d8b549b3c2b072aaab3560b7519
p3e1881ab97c0fb37fb0cdd6454324861,c19fc833ffe525d768089c7327a6e73d5
p3d003ef382c6f66472b647580c9d0ab6,c7ff705aaf4000b2bc64cce359c29d228
p6a37b6c920b4359d45a9b909a40752de,c5eef2922bee262fba019bc051ab7de8c
p9c46b6995a0ebfaf38055cbe57058ffd,c089691cab1488b0feaa57d0fd151210c
p3d803024299a8efbf2ed90f63c2c417f,c49b9284d2cf6a3f2300eac3e7802d351
pfd7e38e044cfdd852cb5546148db8596,c77631ca4f0e08419b70726a447333ab6
pfd7e38e044cfdd852cb5546148db8596,ce6bec5bc048c16f28ba341f878ce654e
pda3e22f0160bc9d1a58c11113f31c7d2,c1309ae30201ba18bb0fdc17fb203c7e6
pa1a7cfb8acf38b074ecac64fef9069c9,c21021ea0e52be8e9c599f4dff41e5be0
pdada290dbcb84bb12fd98fb999ea4b88,ca4704fd35f0308287f2937ba3eccf5fe
pe5c3046da284e6a4125f2afbbd3210fd,ced36a1ef76a59ee3f15180e0441188ad
pd2ab3c94c22a5ff851623f3db67cc4ca,ca4704fd35f0308287f2937ba3eccf5fe
p8cd27fa8924bc551b5fbe5027a32b074,c8c16cbebef45d87fd2b36ce69f46c526
p8cd27fa8924bc551b5fbe5027a32b074,cc7c29966cedca22d62bc4815410b8f69
p4597b9e307dcbaada31e8667cbdb031e,c0407c27180c9b019e644e8ad4c6a9324
pbd36dbca7d7659d9b5f114fc16f16f8c,ca4704fd35f0308287f2937ba3eccf5fe
p1cb614a87ac7feddf7e6d7fa3e33ef2c,c77631ca4f0e08419b70726a447333ab6
pb50debef96f70dcc63548edd6a6451e3,ce997164d28e898ea31623bb42fc343e8
pb50debef96f70dcc63548edd6a6451e3,ce13223a79bb5368bfed002e1dbaa2869
pb50debef96f70dcc63548edd6a6451e3,c695633290d050f31cec0c9d4bd4a57fe
pb50debef96f70dcc63548edd6a6451e3,c5c9c665908e970ad218c01c19e328216
pb50debef96f70dcc63548edd6a6451e3,ce1faba7ac7607fae397536ecbb04ab7f
pb50debef96f70dcc63548edd6a6451e3,cec92338454e01e5879d531c66fa83bbb
pe82a739178835cb392c9e6d62b277790,c9c218a4b61726a7e94f2c627d7ff5ab9
pe82a739178835cb392c9e6d62b277790,c60692ac4b29f7f181feb908005f8ad38
pe82a739178835cb392c9e6d62b277790,c043f6b48c2e0a2a5192e3c5a4d3f2b26
pe82a739178835cb392c9e6d62b277790,c815bdfea0fd40befbbf000419b10c799
p3c27bdced0c923e4962b3433f923338b,c77631ca4f0e08419b70726a447333ab6
pf285a4b202a42afcceaedb93ab1d5854,ca4704fd35f0308287f2937ba3eccf5fe
pe79121ddf8b304bff16ae10e58d6a683,c089691cab1488b0feaa57d0fd151210c
pe93db10bf872eedac96dd4b456ab30d0,c1de0cc94f381baa599628e43cbf815e0
p0fb707d9900138c3210636461773ab69,c30665d312a8cbf99c3b6ee5c53dc3aca
p0fb707d9900138c3210636461773ab69,c93f3ba614b97c37560d023849d8cfea0
p0fb707d9900138c3210636461773ab69,c7cbcfdcf87d8f0574f5da2f08f881e2c
p0fb707d9900138c3210636461773ab69,cc67ad715f61c55552c7b3eae1bccf050
p0fb707d9900138c3210636461773ab69,c26580239d43f65ab9e44760226fd2306
p0fb707d9900138c3210636461773ab69,cf90dd47c7faf9c90fdfcb084b94fc5bb
p9cc18463e53037e0dfdf83dacbfdecd8,cf5b329d5f0cbdf7bcb584193b8613fa0
pbcb91c52fdab1e14e302cf123c3af74a,ca4704fd35f0308287f2937ba3eccf5fe
p196713e99d9c17649be8d31e287ed63c,ceec89088ee408b80387155272b113256
p561986e63a63f958cd04847a164d4c2b,ced5eace1bd098cdced7685864b09c291
p82f76e589644b974d04e4198ec20490c,ca4704fd35f0308287f2937ba3eccf5fe
p82f76e589644b974d04e4198ec20490c,cc8205c7636e728d448c2774e6a4a944b
p82f76e589644b974d04e4198ec20490c,cf5a7924e621e84c9280a9a27e1bcb7f6
p325f39faed836aef849979e816ff2b1f,ca0ce26efd4738b4a8699a1db82c50d2a
pc45c32675cc0844eee92d4208d2edf2b,cf5798b58cdb67cc9370cbbea667c2425
pc45c32675cc0844eee92d4208d2edf2b,cd8c6f18b21e2a586a7dd1ca30ad572bf
pc45c32675cc0844eee92d4208d2edf2b,ca8dce6630ef552d588e0fbe509545b2b
pc45c32675cc0844eee92d4208d2edf2b,c43961a39820251b0619d726915bfb0ad
p89ec0a69915b3d7aeb86b816949f2091,ca4704fd35f0308287f2937ba3eccf5fe
p89ec0a69915b3d7aeb86b816949f2091,cf5a7924e621e84c9280a9a27e1bcb7f6
p89ec0a69915b3d7aeb86b816949f2091,ce7c770a61dbdf81ca922ae0260e327c1
p8b06bb51d5808f735e16cda4ecd49f7c,ce48cc1d6de3fcc1aa091284ed706b2fb
p8b06bb51d5808f735e16cda4ecd49f7c,c47324bb669e33ff18ed02e4361ad9c99
p8b06bb51d5808f735e16cda4ecd49f7c,c266a9140df315e9ce427ce42960c8f8c
pec882e7d845a850e1b46417761d77cb9,cae94f80b3ce82062a5dd7815daa04f9d
pec882e7d845a850e1b46417761d77cb9,c497031794414a552435f90151ac3b54b
pec882e7d845a850e1b46417761d77cb9,c5a35edab0f2bf86dfa3901baa8c235dc
p6c770a4a04a64ffc1b545577d779b6c3,c0106b620687d71bcc1981f2737f7fdb8
p48f24e18f0e4d392401ff620e5f418ed,c03c2e7e41ffc181a4e84080b4710e81e
peed5d641d5eca3bc73af297752d16e0d,c20b64398de39c78c1a1e91fbff9c5b2c
peed5d641d5eca3bc73af297752d16e0d,c55c1920476cbf4c9e621d560535318fe
peed5d641d5eca3bc73af297752d16e0d,caa7f53fc1d857b6e6aafd01e63e8d4d6
p325f39faed836aef849979e816ff2b1f,ca4704fd35f0308287f2937ba3eccf5fe
pb3e3d9e38923581f6d2b93e96c52a827,cd4cc096d148f61230f67c6a72db9398c
pb3e3d9e38923581f6d2b93e96c52a827,c16d1034d74164e0d782a4f32f3af3698
pb3e3d9e38923581f6d2b93e96c52a827,c80bfd26d45327aedb6d9d049a5b151fd
pb3e3d9e38923581f6d2b93e96c52a827,ca3bc910ac9ad599a5dd6eab32483f077
pb3e3d9e38923581f6d2b93e96c52a827,cb802a6607c7c7fcea0d253ee3b99b2ed
pb3e3d9e38923581f6d2b93e96c52a827,cdd14f9c54fcb95efab4364a1bfe0cd48
p37d32ca4078323706aa5aadf6a09505b,c799723f39baf497704a3d39e7c03555f
p98cf970ba5d1ebb2639b8bef2ccdf60a,c4296eefb440b8ecd06f3672034c05577
p98cf970ba5d1ebb2639b8bef2ccdf60a,c66098970e4357dd62009bc7d2bde9335
p98cf970ba5d1ebb2639b8bef2ccdf60a,c0bfa6cc2d893ad94ba66511282242557
p98cf970ba5d1ebb2639b8bef2ccdf60a,cf5ef7e94c38f27211d8a0a1f1f4fad20
p98cf970ba5d1ebb2639b8bef2ccdf60a,cef3b209be94f84a3e38cd571d52d4568
p74fb5a499139a3b0abe143425a3a6a5d,c832b64944eab4d40bd15c304d8d52efa
p3192e63d5bb82c8a1eb285e8e36b4544,c4b1b4dc8cf38b3c64b1d657da8f5ac8c
p3192e63d5bb82c8a1eb285e8e36b4544,c50c60ac437e4d4ef19c77bdca5bbcf3b
p3192e63d5bb82c8a1eb285e8e36b4544,c9ac31dfb3a2f5b994f4009eb0a3c0949
p4ad7ee0c2a6b30320c37f2f7c80f1289,c16788ee9867e5a2089d3f0ec9cd36216
p4ad7ee0c2a6b30320c37f2f7c80f1289,cf24fb69a34c5f2ca122d6ea6d88847e7
p4ad7ee0c2a6b30320c37f2f7c80f1289,cb335048db15be4579eaf89653bdf92ae
p4ad7ee0c2a6b30320c37f2f7c80f1289,cd02aa9719af1cb82daa8b514347d5315
p4ad7ee0c2a6b30320c37f2f7c80f1289,c20f3eb767828dd57ff10a1c5dac37b45
p529764c41243eb09206be1c5ea8e558e,c68f7f833d4c4c4240816b14045e1f145
p529764c41243eb09206be1c5ea8e558e,c7b5c057fdbccf8ff09a6b9df763ace87
p529764c41243eb09206be1c5ea8e558e,cb43cf1a9d0a3ef7b2b5e058aebd8354c
p529764c41243eb09206be1c5ea8e558e,c8ef662aa291f367dd1cfa391b71d1330
p529764c41243eb09206be1c5ea8e558e,c35b2f2c4a5ac9e032358b41503cc6192
p4eed00ade5b38829091c26bcbc6b11e5,ca4704fd35f0308287f2937ba3eccf5fe
p4eed00ade5b38829091c26bcbc6b11e5,c8964278e046e158df9acd830f2da144b
p4eed00ade5b38829091c26bcbc6b11e5,c2fc995481e9d6bf427319cb2da009445
p460d3f52e5f3f468687b37e9554d401e,ca4704fd35f0308287f2937ba3eccf5fe
p460d3f52e5f3f468687b37e9554d401e,c4ec7d9a604a44d67f48d8251edbfb28f
p460d3f52e5f3f468687b37e9554d401e,c004bf6c9a40003140292e97330236c53
p4aebcaea8cbde4fa1729066465271f9e,c7f4e2480164840822b2ee2bbffe8eaff
p1bb46215a499814e1a076b1f3b69ce42,c509820290d57f333403f490dde7316f4
p5836bd0840a88619aa5f3d8b53df4cc5,cbfd6faa2dbb028e05c435f23b26528b0
p5836bd0840a88619aa5f3d8b53df4cc5,c70f677a21b03c6b02f78fa6b88bd4f60
p5836bd0840a88619aa5f3d8b53df4cc5,cb9ed7af5e5f4359075da3c9d090fbec5
p5836bd0840a88619aa5f3d8b53df4cc5,cdbf184fb8fd5950bc8c25c8151cf7f34
p5836bd0840a88619aa5f3d8b53df4cc5,ca6c924647397456ab7006477393ec2ed
pafccf2da82705392d196296f96953400,c77631ca4f0e08419b70726a447333ab6
p4279f9bf06140df1745e25765f950c95,c77631ca4f0e08419b70726a447333ab6
p39203e4264dc84701edb47c625057fa9,ca4704fd35f0308287f2937ba3eccf5fe
p99d036798fbfe4d1b87b7d6aa11d8577,c77631ca4f0e08419b70726a447333ab6
pd3cf858c69c3202bd0977a47d5475a11,ca4704fd35f0308287f2937ba3eccf5fe
pd3cf858c69c3202bd0977a47d5475a11,c51f2b7b14433aa22c67d1f4fc18943cd
pcdb030939eb7924f650ef42031e3a7bf,c51f2b7b14433aa22c67d1f4fc18943cd
p5380b4dd98b92f0bd94f6ef89766a90f,c77631ca4f0e08419b70726a447333ab6
p5380b4dd98b92f0bd94f6ef89766a90f,c6d122ee3449a0ef3270d7fc17414301a
p781cee7dbd9c8cbf4bd309fa484dd85a,cc8eb9b484bdb326f9efd74418dd9b1ca
p1e6e036ea76830833b6a0de5de44852b,c6b53df02056bdf393c74a5c008a6ad3b
p1e6e036ea76830833b6a0de5de44852b,c5c63e983aba43af485fdb759bcb84bd1
p61788478c727f15f26096cd65865df10,c782f86dab3644181f614dc64b9708b07
p61788478c727f15f26096cd65865df10,c35ba1271dff4019593d3034c929e1bbc
p61788478c727f15f26096cd65865df10,ce6f43c40ab1c07cd29e4e83e4ef6bf85
pf063c1c764bd4b9eee403927a4919354,cc78bca49a1aa7d0da54cc8e253c59b38
pf063c1c764bd4b9eee403927a4919354,cb08f169fd08c089e3bebacc370696c61
pf063c1c764bd4b9eee403927a4919354,ca61815f6fe8955c9d235d4082e30896b
pf063c1c764bd4b9eee403927a4919354,cac5552fd6a3c08ad22387efbe42d137d
pf063c1c764bd4b9eee403927a4919354,c59f2da35bcc39525b87932b4cc1f3d68
pf063c1c764bd4b9eee403927a4919354,c154cde15e236cd0c8374b16617605fb7
pf063c1c764bd4b9eee403927a4919354,c8bb514ba942e8f65c6e6d77f049d0705
pf063c1c764bd4b9eee403927a4919354,c5a1f464f32c4ab9d275fcae2f6d956ef
pf063c1c764bd4b9eee403927a4919354,cb53bff6b3ef14f90626e0133e42f2e7b
pfa4246aaf205f11c1b3fa9977c90312f,c2732a90d01770225a43236dac88d8552
pfa4246aaf205f11c1b3fa9977c90312f,c3d1aaca06707cf086774052db4939f05
pfa4246aaf205f11c1b3fa9977c90312f,c482845aaedc8dd588643a7b42acc9cf1
pfa4246aaf205f11c1b3fa9977c90312f,ccd7240b2bedd82f5cb1683b702709687
pfa4246aaf205f11c1b3fa9977c90312f,c181c968a2d2235ad39bba6fe6fc3e866
pfa4246aaf205f11c1b3fa9977c90312f,c9e083ec666c9f3db044bb7c381640227
pfa4246aaf205f11c1b3fa9977c90312f,c2faa33f84dabf8dc0a86124b26e97d2e
pfa4246aaf205f11c1b3fa9977c90312f,cbaac8207650b1095ad00f58097adef01
pfa4246aaf205f11c1b3fa9977c90312f,c6392cf301ec9d5ae40116ec2f2843cf7
pfa4246aaf205f11c1b3fa9977c90312f,c429f8e6e19e3887fdb9b70d9195bb3fd
p220efe979775e5fcc0e0e512f34dbc3e,c4d5cdaeb09f26557fe22b6ff12289344
p220efe979775e5fcc0e0e512f34dbc3e,c9ab545a5ce943f50e5d2f1223ddaf254
p220efe979775e5fcc0e0e512f34dbc3e,c6e599f7a2a9186d391be4537f105be98
p2c1588a642e5c65f5a53394ffb0732f7,cbc366f2d0ba3d681e7a3899917c5d3de
p2c1588a642e5c65f5a53394ffb0732f7,c482be0da5798aaaecbf7416714e6607f
p2c1588a642e5c65f5a53394ffb0732f7,c98402eecfbcefc336954458a01752131
pbf67699be2a51e7491e3d6831d028b14,c24f47cdbe9ddba774a7cc53e51d9032e
p0adad7e7cf100697d8feafc9d286bf08,cf2481eaec0f0951d6d9bf1f6f10c1833
p0adad7e7cf100697d8feafc9d286bf08,c29f96f95c1bdcc7a7bcffd70c98ba25f
p0adad7e7cf100697d8feafc9d286bf08,ccce728dee69a65baf4e6aa6e347620d4
p0adad7e7cf100697d8feafc9d286bf08,c3f857d4456c88b1732ce6fd901f7ee38
p0adad7e7cf100697d8feafc9d286bf08,c075c0f39db02c85cc897c5684bfb7041
p0adad7e7cf100697d8feafc9d286bf08,c9c4c4252e83cc8d30ff632712ee6ac94
p581578e621c255a81a7d968f537240d4,c971fd8cc345d8bd9f92e9f7d88fdf20c
pf7ad190287f89bdd8f3b9ce229e7b330,c10847402c206e5b7f781ca96d9be132c
pf7ad190287f89bdd8f3b9ce229e7b330,c9a595f97916a370f33e9899e1f361983
pf7ad190287f89bdd8f3b9ce229e7b330,c52bfb302990cbb35359e0104a619ce5a
p148215b3c9a2a893219b10fa5bea36da,c4e97aeeaa8b15ca1180fcd1f3ac478d1
pddf74510b9a45248996a83ecacc3862c,c1a6c44c3f2d584067dc47c52dcbaba6c
pddf74510b9a45248996a83ecacc3862c,cd685640410801eb03bb5dcb58186458f
pddf74510b9a45248996a83ecacc3862c,cb86e128821512e7575cb4fb4a038c971
p7827bddac4e91575e3cb765c553415d1,c77631ca4f0e08419b70726a447333ab6
p7827bddac4e91575e3cb765c553415d1,ce3be7ec98a36d10bb03caa5f9434de89
p32abbe20caaf0f2e74fcc715b4a0b554,cad1ec60c9e1f10f6a9f5d9f2c5254bc6
p32abbe20caaf0f2e74fcc715b4a0b554,c4b1b4dc8cf38b3c64b1d657da8f5ac8c
p32abbe20caaf0f2e74fcc715b4a0b554,c1d17cb9923b99f823da9f5a16dc460e5
p38000bf59d17ea08844c7d36e54bfec4,cef087651eb482bae4624478696f4ad4f
p38000bf59d17ea08844c7d36e54bfec4,cc8205c7636e728d448c2774e6a4a944b
p38000bf59d17ea08844c7d36e54bfec4,c93c4a933d869a27243edaff79379ca32
p2dac41b9fd005c4bc41be73ec609c167,c77631ca4f0e08419b70726a447333ab6
p2dac41b9fd005c4bc41be73ec609c167,c84fcf5d37086f2a93953734ce8f385b6
p2dac41b9fd005c4bc41be73ec609c167,cbe55b6387170df0ca68f41225268e842
p71131182d42269cf57392ade60781b24,c77631ca4f0e08419b70726a447333ab6
pa9a52ae0271809a8a7dbb1ed81576892,c0dfcf23e6610dd9ef6092e4cfedd7c07
p6c7f5a5aeb102fab51de6d7103800832,cf4d9eedde330952a2668ec5455700b9e
pc418ab5ed80e03d4d50c5543a39882f9,c0ba7583639a274c434bbe6ef797115a4
p98f762d4c0cdd8b69b964df51b8c90aa,c77631ca4f0e08419b70726a447333ab6
p0fa0b71dd9606b606df46cf5128f0eba,cc7bc717648ffa408133fa6dd65915ed9
p25089437775d540c84668be0ea31dc83,cc5376d00573c5858adf7ed894d0491b9
p25089437775d540c84668be0ea31dc83,c50c60ac437e4d4ef19c77bdca5bbcf3b
p25089437775d540c84668be0ea31dc83,c181900dad960beccb34f53c4e0ff4647
p795196d157b6eb952c2b0efe1a1d2058,c1de0cc94f381baa599628e43cbf815e0
pe009e251dc539ecfede837a51e00f8d5,c77631ca4f0e08419b70726a447333ab6
pe009e251dc539ecfede837a51e00f8d5,cd13bc5b68b2bd9e18f29777db17cc563
p41fc2ab38cd1576458b2e73612a26065,cad1ec60c9e1f10f6a9f5d9f2c5254bc6
p41fc2ab38cd1576458b2e73612a26065,c4b1b4dc8cf38b3c64b1d657da8f5ac8c
pd55fc09dde91842076c5651c676f57e1,c36b517451b1e50a8ef9c10c51c31c86c
p081f41fa94b50e3c34d9cd36a09d6cef,cc3d16f4bc3fabf7a155be67b96c38b83
p65e71e65c9faa5157826bb633837a3a0,c1a3d9fb18886ff88dc05b15904819db2
pba7eaa9c29840b0104793e323cd6c730,c98402eecfbcefc336954458a01752131
p95b54e1adcfbfdd1a9c1d9530eaacb5a,c2a2b49f6f3402dc2af87bc1e13ff0905
pa8da4b2837428b7e524fd6b6c7171031,cd52387880e1ea22817a72d3759213819
p2d6d7074e6fe87d4fe1f5b3d98f8bfa7,c886c938d8828498dc0f25db504627469
p2d6d7074e6fe87d4fe1f5b3d98f8bfa7,cef231d9ccb6856fb9d1006a8d1618b4f
p2d6d7074e6fe87d4fe1f5b3d98f8bfa7,c817255a31f28589663eb4d8142e83301
p2d6d7074e6fe87d4fe1f5b3d98f8bfa7,c696175166c2282e895f36030bd25568f
p960ef9eb50751069087ee0fe7be47228,cd52387880e1ea22817a72d3759213819
p960ef9eb50751069087ee0fe7be47228,ce498749f3c42246d50b15c81c101d988
p960ef9eb50751069087ee0fe7be47228,ce6f43c40ab1c07cd29e4e83e4ef6bf85
p81ad22e9402669b01a4cdcac45c3093d,cd9eff229c47c9c5880c552c1fdd6c866
p81ad22e9402669b01a4cdcac45c3093d,ccad43da07ef4d5c2d5e64cac2e6de2aa
p81ad22e9402669b01a4cdcac45c3093d,c0e073ec27733f82e0e1fa3bf4479620f
p50a9d3afcc9e76078eedb6a542f00738,cad1ec60c9e1f10f6a9f5d9f2c5254bc6
p50a9d3afcc9e76078eedb6a542f00738,c4b1b4dc8cf38b3c64b1d657da8f5ac8c
pa8a529d36010883b1913be64aba92fe9,cd52387880e1ea22817a72d3759213819
paf3228078876c1e7d68b7979e85c6e29,ca4704fd35f0308287f2937ba3eccf5fe
p0ae8cc9efa0b0705218efbb81d4a29bb,c4e62334d06c45a19974aa9bf656bb8bf
p0ae8cc9efa0b0705218efbb81d4a29bb,cbb74453723eeefe6161bbb514975c3fc
p0ae8cc9efa0b0705218efbb81d4a29bb,cd146b42d2f7101a2f2776db412c90de0
pb21db2d5cf4bce5b5edb1fdc58c6cb6a,c77631ca4f0e08419b70726a447333ab6
pb21db2d5cf4bce5b5edb1fdc58c6cb6a,c50c60ac437e4d4ef19c77bdca5bbcf3b
pb21db2d5cf4bce5b5edb1fdc58c6cb6a,c6872f0ff045b6afb4019c8c580b5432a
p045f8f753f6abf6e3c0f1ec2561a41be,c9b9d8a976b42e0bd66381797644943d5
pd8501d6ee11e5a8023dd82d954ec0152,c9b9d8a976b42e0bd66381797644943d5
p4577d4b6a942ba0f6e75fb5a640a5866,cf8508f576cd3f742dfc268258dcdf0dd
p7043d723f9be7b82cce04d9a368e915d,cad1ec60c9e1f10f6a9f5d9f2c5254bc6
p7043d723f9be7b82cce04d9a368e915d,c4b1b4dc8cf38b3c64b1d657da8f5ac8c
p32d40e0cc3b48d9087a8d0c0a6f89701,cb1fb5b32986b048c09594a9abfdcca86
p32d40e0cc3b48d9087a8d0c0a6f89701,cca1b12f70c0a8471440324a11e4590af
p32d40e0cc3b48d9087a8d0c0a6f89701,c56b9951f7d788c259eb62479835f3342
p32d40e0cc3b48d9087a8d0c0a6f89701,cefdc99a7a56ceb70a5aa700fdac296f8
p32d40e0cc3b48d9087a8d0c0a6f89701,c467a1bb27013f10649a7db439f332881
p18253c33dff4ee4704ca5132b4e0adee,c220f17cf2abf05802b7b523c17657f04
p18253c33dff4ee4704ca5132b4e0adee,caee29a47b41e6ec5d352b1a515c37e82
p18253c33dff4ee4704ca5132b4e0adee,cf80bc338b6146b566004a046f8137c85
pd33301e6f55a118644a3fea97bf4d8fd,ca4704fd35f0308287f2937ba3eccf5fe
pd33301e6f55a118644a3fea97bf4d8fd,c1936a7ff274321e2a8c8a86aa08f3c09
pa002d37fcf5287d40851eabc38af498d,c510a8cb711495bfdd04c792d2fc4b0fe
pd3d5b8833dc0f9e7d0df3b6d93d8d612,c77631ca4f0e08419b70726a447333ab6
p99feea688ace3d31b39977d35a9df125,c1dd8cd8af5f736dcbb82c583a35bd0bc
p19c195184ee466d44ae6d203b0d858fa,c77631ca4f0e08419b70726a447333ab6
p0855a2cc2149e1f55b85c794a27d8ac1,c3a0e2c30acc6afbef30fbc5f77702473
p0855a2cc2149e1f55b85c794a27d8ac1,c8d01845120bec2a7dfead96446adb9c2
p0855a2cc2149e1f55b85c794a27d8ac1,cbd5a7bfbc908fd4774cf9c931165b11f
p0855a2cc2149e1f55b85c794a27d8ac1,c7f504aed78b58af4c778342c89acb956
p8288158ed3c48207532b29460b0a5390,cb6aa2ba4d5da750d50907a06f31e74fc
p4f4dfbe6cfe891c97dac2549b22e7dbf,cb6aa2ba4d5da750d50907a06f31e74fc
p77a285c6ce6d742336ffeddc9f1c361e,c3f05d6f38862a5b18b2eb4e867a61fb1
p0ae461bc8c2cf781f0c1d4616bdadc0f,c77631ca4f0e08419b70726a447333ab6
p531ce8975c7c075fcb63fa946fdaadf4,c3a69b34ce86dacb205936a8094f6c743
p531ce8975c7c075fcb63fa946fdaadf4,c29ecfc45c7bd93061222062f86d4161d
pdfc30261a5df205d9cd4b19cd1907554,cd8a942ef2b04672adfafef0ad817a407
p2cc4f81ec8e9c93a8306744e28611169,cf8320b26d30ab433c5a54546d21f414c
pf253e45ff56a97513571dabdf2f5f548,c28cb2468ce3a85b4d10668ec48f5e4d6
paf8024e6257dce3b4960d0505015423e,cec173c24e78bb0af0d7874dc0d207afb
paf8024e6257dce3b4960d0505015423e,c1cfc7123fec9b558e7ed6af7b246d5b2
paf8024e6257dce3b4960d0505015423e,c866a929bb899963508c56fab39b3307e
paf8024e6257dce3b4960d0505015423e,c7f1149576833207c0c634624a5ed0b30
paf8024e6257dce3b4960d0505015423e,c2a19e71f83db7d0ae4b3ac961c9311b9
p4966f07a388cb518367cbc843cba559d,c39e61d57e9209611edd4f884e9e47c11
p7746952e30819c7b2a9fb0afbeb15786,ce31f19c819ed70be6d1ca067c40ab53d
p7746952e30819c7b2a9fb0afbeb15786,c6b3746942490632c4b8946bc3c258db8
p7746952e30819c7b2a9fb0afbeb15786,ce15470ebcc242092e448756607d0c3d4
pe785d894d6a602f9797fbe0b87082c71,c3a69b34ce86dacb205936a8094f6c743
pc9a9cfadb44b60e5866dd65ae893e16d,c77631ca4f0e08419b70726a447333ab6
pa7cf082f3df5c59d03b4940f664ee1da,c74d2c8a5d062ee2efc0201d67e4dc07b
pa7cf082f3df5c59d03b4940f664ee1da,c5cf73e808193af68b60d465bf312e789
p45829536e3c7ca8a844d4958eee16466,c5cf73e808193af68b60d465bf312e789
pf2e8f21af5192bebf8b5a04e59de2b9b,c77631ca4f0e08419b70726a447333ab6
p93a31bd539b172d423c647de66957611,c77631ca4f0e08419b70726a447333ab6
p93a31bd539b172d423c647de66957611,c1b0ffaae3973401f71cd000ab9f7856e
p93a31bd539b172d423c647de66957611,c35ba1271dff4019593d3034c929e1bbc
p879a3238f1e6cd75c7151460de859a5e,c1b0ffaae3973401f71cd000ab9f7856e
p879a3238f1e6cd75c7151460de859a5e,c35ba1271dff4019593d3034c929e1bbc
pc97e79fba48e8952e8a01ff27a28a44a,c24f47cdbe9ddba774a7cc53e51d9032e
p6e73a79fd88fccc0c177b7ae4d774a8e,c08781b29d5ac13d64089d3da1902d0cd
p36ecc8b70b29b5f701c987a785901a3b,cacd313a04f33a05536420ccd1a68be32
pbfd2bd9773725c2ce21e67e0435b89dc,ca655b6059fe48a7079fc6f575151ad84
p8a62858fb7b360dcbffe70642bef6d06,cd8abff400b38e5451b7a5e78d2d13309
p8a62858fb7b360dcbffe70642bef6d06,c77bb92ac8bda64cc2ca572c3ec8d040c
p8a62858fb7b360dcbffe70642bef6d06,c70ba24036ea7ea8dfc4c3ab5c4b23065
p8a62858fb7b360dcbffe70642bef6d06,c1935f5670eecd3c8e121b0e260292d98
p255e14a129ecb48577ad58daf86c1837,c06d850b06f4dc8370590fbd420a21419
p255e14a129ecb48577ad58daf86c1837,c1f99c0f374beed353fa5855301e0ef5e
p255e14a129ecb48577ad58daf86c1837,c679fe1db8dc7308e44404587d0348c5e
pd9b3f01547838a4af76d7ebdd98b6b2d,c7e403a98b99606b4a914f814be9933fb
pd9b3f01547838a4af76d7ebdd98b6b2d,c1f99c0f374beed353fa5855301e0ef5e
pd9b3f01547838a4af76d7ebdd98b6b2d,cb394056c99153e507ce4f74a9aff87c2
paf9572d7a508498ab369340bcbd5b363,c77631ca4f0e08419b70726a447333ab6
pa12b425a88b8f6139ac230c5dcadfc7d,c77631ca4f0e08419b70726a447333ab6
p2a263b6c83ee227431d4a11de5d41ee3,c7f7c462d2acd5a42bebaae321fa040f3
p2a263b6c83ee227431d4a11de5d41ee3,cd4764c7506ffff3b62d5530b7da0d69a
p2a263b6c83ee227431d4a11de5d41ee3,c9059130561ee2dacf45d5dcf13db1aee
p2a263b6c83ee227431d4a11de5d41ee3,c335f3de9335dae6251252c085b5a302c
pe81de97ce8d8e0cca2b3fdd4a228e060,c77631ca4f0e08419b70726a447333ab6
p1fe28862fc1a50eddcc1998f6b61cdff,c7ad69619bb0e78706439fcf19d78afd2
pfb897286c50e62e3fbccba1ac01a608c,c42186b9568e986064665689944c4a1e3
pfb897286c50e62e3fbccba1ac01a608c,cb8204a3486c8c171a6cf735fa2c521b6
pfb897286c50e62e3fbccba1ac01a608c,ca63706eecfa33f67b315f978392ad7ae
pc2e820d8ea9bf8654a509eec3d8a2ba4,c46bcc7c4291bedb6e57fd2274442d753
p9b604515e9a0ed20939540558b61932e,c39e61d57e9209611edd4f884e9e47c11
p0e7746a9a20854c9e399dfe650533676,ca4704fd35f0308287f2937ba3eccf5fe
p253275d1da0183bfcc6e36b6acecfe37,c5ae7fb3197b6fd8c723c7766a5680e2e
p3da82957246fdad062417524e2d5e1cf,cddb85a60bb6bbd122968d2a1f7136137
p3da82957246fdad062417524e2d5e1cf,ca2f48de853c017b22d22cc9c97d44d7a
p3da82957246fdad062417524e2d5e1cf,c4f17fc7e251f1435395b8dac7b5b6eb5
p3da82957246fdad062417524e2d5e1cf,c296888ed36759476efb1bd7a49b1f334
pc52f2646666f56bf265d95b9ad84f687,c092f2ba9f39fbc2876e64d12cd662f72
pc52f2646666f56bf265d95b9ad84f687,ce3dfe015076aeec6951e3dfd7c86cb54
pc52f2646666f56bf265d95b9ad84f687,cb3cb1eefd33bb04b2a4197dffc445da3
p083e5f237597c31081e0e9d7b0f34774,c68f5990bc906fecbb278798a9aa9dff7
p083e5f237597c31081e0e9d7b0f34774,cd14c3a6a95dae6b73855ca83b8eff1b9
p083e5f237597c31081e0e9d7b0f34774,c7d7eef969634f97fded2530daf461f2b
p083e5f237597c31081e0e9d7b0f34774,c3b638399699356105f376c05a45e1f5f
p39a2827a856f2dc1c2c56972a340de8a,c49f34c755408a89228f78967771c175f
p39a2827a856f2dc1c2c56972a340de8a,ca9519e588ac67681d006ef28722a04ad
p39a2827a856f2dc1c2c56972a340de8a,c718179b3bcff69a9d3f010aca0e9901a
pc66d75a19226048e80858887d655fd44,cb1c94ca2fbc3e78fc30069c8d0f01680
pc66d75a19226048e80858887d655fd44,cbbe51039d025b265f9790490781cb201
pc66d75a19226048e80858887d655fd44,c10ac0270a522e137e8810cb6b782fb66
pc20a9887184dd68673ead7e6b30e6099,cbbe51039d025b265f9790490781cb201
pbba578430c6cc2fc441d22e0968b8ba5,c491a4fe1e80ce62cd2b9f06b472e14aa
pbba578430c6cc2fc441d22e0968b8ba5,c013cbe5f00a9bf4ae5e296ec673159bd
pbba578430c6cc2fc441d22e0968b8ba5,c2c637271ff5f7c804b822a227e5f0a03
pbba578430c6cc2fc441d22e0968b8ba5,cd0368a8f4b4fb94213d056376ca0424a
pbd6286b8fc5f62bc1765dd55da8f80a6,c06cd0a86f34cad505557e34d49939f84
pbd6286b8fc5f62bc1765dd55da8f80a6,c25d72fc2c168b79ae5327878e134e6cc
pbd6286b8fc5f62bc1765dd55da8f80a6,c5d30f54fc5f12894fd1afbf4d41c5969
pc2b8e2c7c4eda8ac9a75e7dbc4561fe8,c4e97aeeaa8b15ca1180fcd1f3ac478d1
pe75192da0afbf55608e40c164d7a532e,c7446050b848d839fe9847073ff94cfd6
p3bc465cc671b659124ce2c97e32125dc,c181900dad960beccb34f53c4e0ff4647
p3bc465cc671b659124ce2c97e32125dc,c35bf1210e6727959a7a88a00462db959
p3bc465cc671b659124ce2c97e32125dc,cad1ec60c9e1f10f6a9f5d9f2c5254bc6
p18f3fb11e79864eae42b97b5ee583537,c77631ca4f0e08419b70726a447333ab6
p18f3fb11e79864eae42b97b5ee583537,c92d909e2ae45ed6c55a55088f1d46394
p18f3fb11e79864eae42b97b5ee583537,c643562a9ae7099c8aabfdc93478db117
ped4799ab8ba14ff3a25bec1be361d79a,cad1ec60c9e1f10f6a9f5d9f2c5254bc6
ped4799ab8ba14ff3a25bec1be361d79a,c4b1b4dc8cf38b3c64b1d657da8f5ac8c
ped4799ab8ba14ff3a25bec1be361d79a,c86f5978d9b80124f509bdb71786e929e
p01d908486685236e5d1f5becaece883b,cad1ec60c9e1f10f6a9f5d9f2c5254bc6
p01d908486685236e5d1f5becaece883b,c4b1b4dc8cf38b3c64b1d657da8f5ac8c
p01d908486685236e5d1f5becaece883b,c41ba70891fb6f39327d8ccb9b1dafb84
pc319f25b0eeb828d365dff0d892debe7,c3f05d6f38862a5b18b2eb4e867a61fb1
p7b1bdbec8fccf20d06a1ca0a98483b8e,cad1ec60c9e1f10f6a9f5d9f2c5254bc6
p7b1bdbec8fccf20d06a1ca0a98483b8e,c4b1b4dc8cf38b3c64b1d657da8f5ac8c
p7b1bdbec8fccf20d06a1ca0a98483b8e,c41ba70891fb6f39327d8ccb9b1dafb84
p360244afcb301c5523898a9458f9a8e0,cee8966bcaa6a61ff54a1427fa9cbc46a
p360244afcb301c5523898a9458f9a8e0,caab338915e32b60e92c8de3a23aa5c5d
p360244afcb301c5523898a9458f9a8e0,cd443ebc4cdda647738b1712e95ee81f5
p360244afcb301c5523898a9458f9a8e0,c0a2aaef32dd87de08dbd36020d3a9a23
p360244afcb301c5523898a9458f9a8e0,c5243ac1adf6624534e8943a10ab04980
p28116bc75eaab8ddc237f445756d2a73,ce593276964d46c43e5b707325fb12b6b
p28116bc75eaab8ddc237f445756d2a73,cf6203f7016db0a9944f267927356fd73
p3cb94abbd8a8576162c601df9c718be2,c00e6c77594614c63f1a543c7056159f9
p3cb94abbd8a8576162c601df9c718be2,cc8205c7636e728d448c2774e6a4a944b
p3cb94abbd8a8576162c601df9c718be2,cc86bb4c6f5c26b4c6d7b350157cbfec2
p2009b34b2f07c41f0b465050f7fe7808,c7971813474da107714e72f8fd7b40a67
p2009b34b2f07c41f0b465050f7fe7808,cfd69c5cf902969e6fb71d043085ddee6
p2009b34b2f07c41f0b465050f7fe7808,c71dac3f0f562eb0fbbfdf1e456dfad3e
p2e07d451161f56e120143a12caa42aba,c77631ca4f0e08419b70726a447333ab6
p2e07d451161f56e120143a12caa42aba,c699a4e5edebb84b4e2184ab4f0ceb4b5
p758d489190c4bd573f8e7cde18d230c2,cf6068daa29dbb05a7ead1e3b5a48bbee
pc9c0d2de90c42f385fe26a7b1fd4700d,cad1ec60c9e1f10f6a9f5d9f2c5254bc6
pc9c0d2de90c42f385fe26a7b1fd4700d,c4b1b4dc8cf38b3c64b1d657da8f5ac8c
pc9c0d2de90c42f385fe26a7b1fd4700d,c1b539f6f34e8503c97f6d3421346b63c
pa04b4be5c2b5ab20d83bafff2d32246f,c181900dad960beccb34f53c4e0ff4647
pa04b4be5c2b5ab20d83bafff2d32246f,c35bf1210e6727959a7a88a00462db959
pa04b4be5c2b5ab20d83bafff2d32246f,c1d17cb9923b99f823da9f5a16dc460e5
pfe9d41a6e2ca4aa21c6ae8a0a3898e42,cad1ec60c9e1f10f6a9f5d9f2c5254bc6
pfe9d41a6e2ca4aa21c6ae8a0a3898e42,c4b1b4dc8cf38b3c64b1d657da8f5ac8c
pfe9d41a6e2ca4aa21c6ae8a0a3898e42,c1b539f6f34e8503c97f6d3421346b63c
p64daf1f976aa577c44c63c17826bf9ac,ca09a6c9ddbb0a4c473d6f0476787ad05
pf2d369e1d6b803f0d078f8fb1fbed72c,cad1ec60c9e1f10f6a9f5d9f2c5254bc6
pf2d369e1d6b803f0d078f8fb1fbed72c,c4b1b4dc8cf38b3c64b1d657da8f5ac8c
pf2d369e1d6b803f0d078f8fb1fbed72c,c86f5978d9b80124f509bdb71786e929e
p04413067ce1ad1deec94ee77aec6915b,c77631ca4f0e08419b70726a447333ab6
paaec0b32b2b24e999a558fbb21190f52,c5434ab49a581254ba25426f757fa054b
paaec0b32b2b24e999a558fbb21190f52,c0b023ddd2b5acba8a5664e1e8dd6e404
paaec0b32b2b24e999a558fbb21190f52,c0c3e5c7f3c7561c0a7ad8589ee124102
paaec0b32b2b24e999a558fbb21190f52,cda9e70f9f0a42158c1cfe2801b953d30
p8316e2750209092743b2a7680f900489,cbc4a7da15fd5b7f9918eefd7e733ea18
p8316e2750209092743b2a7680f900489,c5f62483a188d1c0fef6b7be151751e10
p8316e2750209092743b2a7680f900489,c58366dcbf49cdf50d5434be8ce1b84b2
p8316e2750209092743b2a7680f900489,c0886b7fc9a6ba12ee91d010073b0df99
pa40a351b484d2e9abd7f761535dd151a,c934106eac6667c2a9c8b60ef83bbe0fc
pa40a351b484d2e9abd7f761535dd151a,cd1bbf3a911ad61e0bceefea335d53d32
p770e232fb3e6c5630e8a332b6ee055af,c409ac3d4c1bc0daea43e1243a0f8d72a
p9cae45c46948425cd3b94f283d3e4424,c975826920e100645fa7b60f265742446
pb554d4b6bcd783f52d8b37e43f5665b9,c7ae22c629b256a7e845d97b98758feca
p9a6bdf27480e62c4fd05c5befd6ed3ef,c77631ca4f0e08419b70726a447333ab6
p59cc1cdfffa54371c894de80e191ffd6,cc6c6f067a3ead9ce67a1c67a790fa26b
p69834673dcaa1682dd86a0a002f0e27d,c60cb02cb6abf784e39de55af19d6a670
p576f1226a31a7f9bd768e9f89cfdfbe3,cd6b6b668dbca9d4fe774bb654226ebe3
p576f1226a31a7f9bd768e9f89cfdfbe3,c1d78dc8ed51214e518b5114fe24490ae
p576f1226a31a7f9bd768e9f89cfdfbe3,ca912a94d79b5124d876951f96ebb256f
p576f1226a31a7f9bd768e9f89cfdfbe3,cb99da6afb822d9160a302091df4a7629
p576f1226a31a7f9bd768e9f89cfdfbe3,c1b1cc7f086b3f074da452bc3129981eb
p576f1226a31a7f9bd768e9f89cfdfbe3,c4a9b6fe1ddc2671881c9aa3d6cc07e8e
p576f1226a31a7f9bd768e9f89cfdfbe3,c5c59736b84cbdb1eb0e43a8d0f124a12
p576f1226a31a7f9bd768e9f89cfdfbe3,c0afd3b98078cce62f2ad29edc4679fba
p576f1226a31a7f9bd768e9f89cfdfbe3,cc513a6e185ce3a27bfc8910db633aa41
p2706fcd7e2498b25d9664f5abd2cc19c,c96d8ac035792e45b2139a7279e4df2b3
p55d790286681a7f3535210fc3a10d5c2,c3207c846934a49c5f03da36abaca307e
p55d790286681a7f3535210fc3a10d5c2,cfe9bf79396cb093675bcd87ba6ffe56d
p0d94bffe1ddb010f0e6e6c799ab5f488,c77631ca4f0e08419b70726a447333ab6
p0d94bffe1ddb010f0e6e6c799ab5f488,c25d72fc2c168b79ae5327878e134e6cc
p0d94bffe1ddb010f0e6e6c799ab5f488,c5320550175ad6f79ad658943b9c013a7
p73b36755f787f7fb677530504bce4785,ca4704fd35f0308287f2937ba3eccf5fe
p407218c466de0d40e0071dcc5dd8d2b0,cde8caa64440a23325729589acc6e7dea
p407218c466de0d40e0071dcc5dd8d2b0,c04130ab7aaaacb23ea71cbd81266002e
p407218c466de0d40e0071dcc5dd8d2b0,c1afa74da05ca145d3418aad9af510109
p407218c466de0d40e0071dcc5dd8d2b0,cb34079d6cd63f37de1a3fb202be8b770
p407218c466de0d40e0071dcc5dd8d2b0,c33d34a1016b8cf3c5e834e696756ece6
p0aabb2b47f055fd84e7a17b2cd0fa177,ca4704fd35f0308287f2937ba3eccf5fe
p9b6e1a2a216980ab55f2fa227d4dec32,cef7df521deff51e4d85bac251c6ee2e2
p9b6e1a2a216980ab55f2fa227d4dec32,c702cae459602dbe661188479da03ef73
p9b6e1a2a216980ab55f2fa227d4dec32,c79ce85b3b24abbabb3f10a50a6bbc9b0
p9b6e1a2a216980ab55f2fa227d4dec32,ca279d74d97b03726a280e6112aec00ae
p9b6e1a2a216980ab55f2fa227d4dec32,cac057d0351b9822f415c0bfe8368c60a
pc8f830792787c3fe8b81b964cedefb4a,cc1e19c09f700938f0ff7f1fd4722a3ac
p1ebcfca78281addb8e4d16cd294e891e,ccae6404c4aecf46684930fe2a86676a6
pfdf8e55697dd1bf960c6fe472574117f,c60e46aeaed758964902dd7ae99858f03
pfdf8e55697dd1bf960c6fe472574117f,c8c16cbebef45d87fd2b36ce69f46c526
pfdf8e55697dd1bf960c6fe472574117f,c39a54dee1ce6dce187ae556e7b199779
pe68676ea3c26cdce4168ce0910f1c11d,c77631ca4f0e08419b70726a447333ab6
p7d0f88a6c60044c5c6603bf9d32004e1,cc4913dea25bf1f15e1717405a5ab7d93
p7d0f88a6c60044c5c6603bf9d32004e1,c8195dfbe31873632f2e6bdf5be0bc867
p7d0f88a6c60044c5c6603bf9d32004e1,c2c271d464e37e9050198520140c51f13
p7d0f88a6c60044c5c6603bf9d32004e1,cf29fe139dd3a16c6e7f8a489ad44aa15
p7d0f88a6c60044c5c6603bf9d32004e1,cdcabe0dca89861f1a51eb815d92b7f80
p7d0f88a6c60044c5c6603bf9d32004e1,cc684e524b34f9059bc2fb086ac0b4295
p7d0f88a6c60044c5c6603bf9d32004e1,cee1c6b990df73707bcecd7724f13fcfe
p70ea199cbb3c2dce7aeddaae9368af16,c31fdefa042d4d2e2df026ccf7fbd1e25
p70ea199cbb3c2dce7aeddaae9368af16,c9d2b1ad5bbc16c44d49116dc213c53f2
p70ea199cbb3c2dce7aeddaae9368af16,c8c02f60ccf04c37faf47a8129518f44b
p70ea199cbb3c2dce7aeddaae9368af16,c81ca0b7c951be89184c130d2860a5b00
p70ea199cbb3c2dce7aeddaae9368af16,c7e015473ab5b3dde5d06527cb84c1c8a
p65585b7569d008219a19c139fda098e3,c1b1cc7f086b3f074da452bc3129981eb
p65585b7569d008219a19c139fda098e3,c8eea62084ca7e541d918e823422bd82e
p65585b7569d008219a19c139fda098e3,c429f8e6e19e3887fdb9b70d9195bb3fd
p458d674d685919bafda85aececf2627d,c68f5990bc906fecbb278798a9aa9dff7
p458d674d685919bafda85aececf2627d,ca3f25f500ef0e1373e67a4116ad88abe
p458d674d685919bafda85aececf2627d,cfb12fc8829a776c2f651bb88629a0c60
p458d674d685919bafda85aececf2627d,cec20b4ad54a65864fff94717413855c1
pc55696845b6d6e090a37769b74c6c6b5,cb7e164b34ff76b1cda93a058604190da
pc55696845b6d6e090a37769b74c6c6b5,cd928374faf9708212ffbca2391bdb950
p2cc5cb12954f77cdc4ad17c85ffefa96,c1e58fa41670a96a3ee2aa8007ce54dc6
p2cc5cb12954f77cdc4ad17c85ffefa96,cbc83e5040eb0fecf47cfacaa19297b4b
p2cc5cb12954f77cdc4ad17c85ffefa96,ceec89088ee408b80387155272b113256
p317e3b6ce2f750518a17a67e86d33a12,ca4704fd35f0308287f2937ba3eccf5fe
p0a9192816bf8ac8a6e7db5b901102e3d,caf7b52f7caa718d2548e22e24fa5bd34
p0a9192816bf8ac8a6e7db5b901102e3d,cb190a1811ed0dff56bb07bd9d97b07f2
p0a9192816bf8ac8a6e7db5b901102e3d,c09395dbee0cc7110e801bdf1d2dc0664
p0a9192816bf8ac8a6e7db5b901102e3d,c0c23e74369880d58518df52da74f72da
p0a9192816bf8ac8a6e7db5b901102e3d,c9cf0fad66f27ca22b7ee721d5413ea62
p58a9c577dbea87040ffd3b29a873ddd7,c60e46aeaed758964902dd7ae99858f03
pf86a1b3907a8f4b31f07a0b773138962,c4b1b4dc8cf38b3c64b1d657da8f5ac8c
pf86a1b3907a8f4b31f07a0b773138962,c688937ccaf2a2b0c45a1c9bbba09698d
pf86a1b3907a8f4b31f07a0b773138962,ce353dbe42c8654f33588d4da0b517469
pc940b6e989fcaed3ec4eeca418ef43a8,c60e46aeaed758964902dd7ae99858f03
pa64422bbe7513f386fc9fbc51042fec5,c77631ca4f0e08419b70726a447333ab6
pa64422bbe7513f386fc9fbc51042fec5,c24b9b8c0634a40138e76b2fb86894698
pa64422bbe7513f386fc9fbc51042fec5,c497031794414a552435f90151ac3b54b
p6ac9c8e0eaac635105ce68effd265b60,c99a6d922103cf73b1516ade5c70d16ba
p6ac9c8e0eaac635105ce68effd265b60,c8bc9c4b7bc2b60c64724fa9c37e95ebe
p6ac9c8e0eaac635105ce68effd265b60,cfd1c4be8dd3dc7840bf513084daa9135
p6ac9c8e0eaac635105ce68effd265b60,c3bbc076dd2e215a4325adc7752baa2bb
p6ac9c8e0eaac635105ce68effd265b60,cf276305911ebf2ae569185f539bbb88d
p40816af02a7dd54c2d0f3273eb092cdc,c39e61d57e9209611edd4f884e9e47c11
p29f67c3c05effaa94edfcb3e80b04447,c4410ec34d9e6c1a68100ca0ce033fb17
pbca9afd508e538e7800ff1d7a0f6b744,cba7232c7dd8a21aaa0b961b9356cdebc
pbca9afd508e538e7800ff1d7a0f6b744,c42a9d18f99cea047ec20c18e01529265
pbca9afd508e538e7800ff1d7a0f6b744,cb0b9408fb392880d59c56f150eba3409
pbca9afd508e538e7800ff1d7a0f6b744,c81c04bdb584596f661e3c5ab6838734c
p4d81fe87e3d02fd809f4dc4a341db2c2,cad1ec60c9e1f10f6a9f5d9f2c5254bc6
p4d81fe87e3d02fd809f4dc4a341db2c2,c4b1b4dc8cf38b3c64b1d657da8f5ac8c
p4d81fe87e3d02fd809f4dc4a341db2c2,ce353dbe42c8654f33588d4da0b517469
p7fbbcc6ca3d5c1fa8d4ac52e459c3364,caa6d6127f7c3c3c8721d6a357fef12f2
p7fbbcc6ca3d5c1fa8d4ac52e459c3364,cd56f035187acc77415dc569d2f8f9b45
p7fbbcc6ca3d5c1fa8d4ac52e459c3364,c7ab7a776ec36c635f88dadcc9df7dba8
p7fbbcc6ca3d5c1fa8d4ac52e459c3364,cc684e524b34f9059bc2fb086ac0b4295
p7fbbcc6ca3d5c1fa8d4ac52e459c3364,c68681ff002c1dcff000c493792f0994e
p7c232f8f9e31d398b9d5036554cd43fa,c7a2f7b42c7425d9051f50d42348adc53
p7c232f8f9e31d398b9d5036554cd43fa,c9a1529765fac5099ed958331efaacd8b
p7c232f8f9e31d398b9d5036554cd43fa,c64286e6013589c392d6a0379e2d40157
p7c232f8f9e31d398b9d5036554cd43fa,c747fab70f76e38efcbf2f967b699e81e
p7c232f8f9e31d398b9d5036554cd43fa,cfa331c2977de493849ff7178e4db6428
p7c232f8f9e31d398b9d5036554cd43fa,c6db6d079059d863c6dc10c7f33ac6872
p7c232f8f9e31d398b9d5036554cd43fa,c2e948be4202c8cea8f3f6885c4c65af5
p7c232f8f9e31d398b9d5036554cd43fa,caf7d7d259680731aa92b0be3103bf52d
p2e74ec884d5dae2535b2fd66d2ec5c7d,c50c60ac437e4d4ef19c77bdca5bbcf3b
p2e74ec884d5dae2535b2fd66d2ec5c7d,c11ea71f253acf02a2d126a0901e765a7
p2e74ec884d5dae2535b2fd66d2ec5c7d,c2806259c227f694c678ec9444aec2042
pf716027c13a5c0fd1feea7c02274a3dd,ca3ef71201abb72daae5382f78ffcdaf5
pf716027c13a5c0fd1feea7c02274a3dd,c0615d42af0ee77a6b1abd45f4aa88b61
pf716027c13a5c0fd1feea7c02274a3dd,c352b439afcd686f029de60f48b5241aa
p12b1380b3eb6641d1ea8ced784ca037f,c1cc8609760ead5d8406b5a85e294c88c
p12b1380b3eb6641d1ea8ced784ca037f,c138fcee012ea250e86a4e736fb7e9a41
p12b1380b3eb6641d1ea8ced784ca037f,cc84ce85b6bfbfa4ad1983fe305494ab0
pad217c0cd44d1e900613ca88e3fe47ac,c8a1471ba462dc5dd810d0943fcb071fc
pad217c0cd44d1e900613ca88e3fe47ac,cc81e728d9d4c2f636f067f89cc14862c
p904714c9a7ca61d99ffa5215b063b41d,c1708884aa9c2dcfa5f1df31b6c30270d
pb90527fcb3b4729c2019440711764783,cff5e6f97378347f797c8fc9237d8b031
pb90527fcb3b4729c2019440711764783,cea2ef9b0d095bf991f4973633b485340
pb90527fcb3b4729c2019440711764783,c34435a0ee363dabf3dd03593a70a0dd0
paebad4f7aaa2c3cead8dc18c80ec2622,c220eba9b41845919af69abef19cba517
p7cf9b0480e189b23184966d037b78121,cc2ca16d048ec66e04bca283eab048ec2
p19d198c1d891967ba37c76c130ff72cb,c77631ca4f0e08419b70726a447333ab6
peb17c0f272a813b295fbb6d257e885e4,c77631ca4f0e08419b70726a447333ab6
p5f791e14fb7ed396bf38af44b3f0663b,c77631ca4f0e08419b70726a447333ab6
pc420d4ca85b7c397fa8f5ee598627d6f,c77631ca4f0e08419b70726a447333ab6
pc420d4ca85b7c397fa8f5ee598627d6f,c6ec1bd1ea6a5d67a63b20c8f6172bddd
pccbc09218ec399efbb34fb4bb01edcaa,ca4704fd35f0308287f2937ba3eccf5fe
p4bd2d81bfed854b515d0f516c2e7d35a,c06c2cea18679d64399783748fa367bdd
p4bd2d81bfed854b515d0f516c2e7d35a,c288aae25bc408055f50c21c991903a44
p4bd2d81bfed854b515d0f516c2e7d35a,c6950810f0d2bba97a6f710c7b965b84e
p9b695f0c4bc1bfbcb7588ea7363416a9,c1c501f65a338df42b5f259b7d0903373
p9b695f0c4bc1bfbcb7588ea7363416a9,ce16dccbe550416630fa3366f42fb331c
p9b695f0c4bc1bfbcb7588ea7363416a9,c18ca87f3d4cc1f9062f4bb747ad061d9
p9b695f0c4bc1bfbcb7588ea7363416a9,c2a7b01a37b69d788a9124d9e1eff753b
p9b695f0c4bc1bfbcb7588ea7363416a9,c84d2c5a6c77e680752cc0f06ce679c15
p1ba2a2b549c55709a53ffd050338bcd6,c16140e10b280e83184d12a45129aed8e
p1ba2a2b549c55709a53ffd050338bcd6,c56bcb4052973efa31dab1a576b133eb6
p1ba2a2b549c55709a53ffd050338bcd6,ca52a2b4f2219a19dd23d1593548cb478
pf0c7a104db3d47ee025afa3f8137049f,c50c60ac437e4d4ef19c77bdca5bbcf3b
pf0c7a104db3d47ee025afa3f8137049f,c11ea71f253acf02a2d126a0901e765a7
p63174c24e8fe54fa434ff76cfc61b530,c7a2f7b42c7425d9051f50d42348adc53
p63174c24e8fe54fa434ff76cfc61b530,c159c8169498235ffe2e65e4821ba84fe
p63174c24e8fe54fa434ff76cfc61b530,c17988936c38be00fb9dd889e91b7a02f
p63174c24e8fe54fa434ff76cfc61b530,c82cc40e511dff1d8762a2bad249848ac
p63174c24e8fe54fa434ff76cfc61b530,c43ba2b35daf55958d2fa6d4e9131def6
p63174c24e8fe54fa434ff76cfc61b530,ccd69b4957f06cd818d7bf3d61980e291
p63174c24e8fe54fa434ff76cfc61b530,c176f33ea21eb1b83e87b3d5676e0f92c
p63174c24e8fe54fa434ff76cfc61b530,c75b01be9643d9e206f10a3fe308dcb9f
p63174c24e8fe54fa434ff76cfc61b530,c2b71831177828e5f2b28e5aca264d966
p63174c24e8fe54fa434ff76cfc61b530,cf0ea1f81160daf648f83495d9ae85212
p63174c24e8fe54fa434ff76cfc61b530,ce7df5d02b55ade67014f782ac1ddd0cd
p63174c24e8fe54fa434ff76cfc61b530,c6e4e50e38fdf94b800891c532bf2f5e7
p63174c24e8fe54fa434ff76cfc61b530,c9d8e3810f1c6cc56ec2b845896b6016f
p8d2d874f292a2b49ea365aa0dbffd742,ca4704fd35f0308287f2937ba3eccf5fe
p8d2d874f292a2b49ea365aa0dbffd742,c33e5c6a7d7668d40e04a0d38de4105b3
pc2077427c84b753762245d83e37cdc86,ce226710d16f039ef02ab4b3ec3a63ed1
pc2077427c84b753762245d83e37cdc86,c4afa80e77a07f7488ce4d1bdd8c4977a
pc2077427c84b753762245d83e37cdc86,ce307db07b3975fef922a80d07455ee5e
pc2077427c84b753762245d83e37cdc86,c93f513d52499bc3d21ffbcaa1dfa29d5
pc2077427c84b753762245d83e37cdc86,ce48cc1d6de3fcc1aa091284ed706b2fb
pc2077427c84b753762245d83e37cdc86,c3e2ab7b52b5094a0fe98dab74f5b4dfe
pc2077427c84b753762245d83e37cdc86,c08424cbfdf3f0f12da5cd04a5f9ee353
p1a8b43a0aa5fe601cb88fdbffebcc0cd,c642a7c2e4f5d20816844b9f4e4eff0da
p0ed665cf3ada555fc9e1aef1ed798527,c35af9706b8e0a55e73480b6d6bdc8a67
p0ed665cf3ada555fc9e1aef1ed798527,c719d067b229178f03bcfa1da4ac4dede
p0ed665cf3ada555fc9e1aef1ed798527,c457dd55184faedb7885afd4009d70163
pc7f50a3d247c2653b25247ed0d5a8c0b,cce756d4164773bca4d75988609380653
p98c53ab91f8cd593786bb36dbdadacb7,cc6e190b284633c48e39e55049da3cce8
p059d9894029dfe38a72d15bff1b0e952,caa6d6127f7c3c3c8721d6a357fef12f2
p059d9894029dfe38a72d15bff1b0e952,c68681ff002c1dcff000c493792f0994e
p059d9894029dfe38a72d15bff1b0e952,c4621cc025e86106cffb5ee7b7d7f5337
p059d9894029dfe38a72d15bff1b0e952,c01e48022a4092b4568fa6f3da52f6724
p059d9894029dfe38a72d15bff1b0e952,c90a470cb5ef8dcb8e232e08d0141c66f
p018b664425bdf3d2deac26fd7463d9b1,cb1aa4f5b598418e56d45cb273ea265f0
p018b664425bdf3d2deac26fd7463d9b1,c50d928c4db07b7dcee42b50a4f70e63a
p018b664425bdf3d2deac26fd7463d9b1,c04ef847b5e35b165c190ced9d91f65da
p018b664425bdf3d2deac26fd7463d9b1,c934a4958a1dc35aa7e77432dedff5f28
p4d6734d524c73d06fa43a416082337ff,c53a3ca788b4d0099c8e3cf2c14658618
p4d6734d524c73d06fa43a416082337ff,c114faf5b225341a00f29d93d30ca0028
p4d6734d524c73d06fa43a416082337ff,cf2481eaec0f0951d6d9bf1f6f10c1833
p4d6734d524c73d06fa43a416082337ff,cb1f975d5e57f73d265bd450020825183
p9ef7eaf70383d0b2c7c635aeb7c9abca,ca559b87068921eec05086ce5485e9784
p9ef7eaf70383d0b2c7c635aeb7c9abca,c195917574edc9b6bbeb5be9785b6a479
p9ef7eaf70383d0b2c7c635aeb7c9abca,c3aee746018287558354fbcd7dd8bb904
p133b1fd4921419f391400eed9db663ee,c6909beea5b50605780e3411f879fe916
pef3f90e1d31d9c18a53d1596497324e2,ca4704fd35f0308287f2937ba3eccf5fe
p0fe322d90d8632fc9c7ff0e789bed5ea,cfa3a3b83563c04ff418feebf10a76b07
p0fe322d90d8632fc9c7ff0e789bed5ea,cba7232c7dd8a21aaa0b961b9356cdebc
p0fe322d90d8632fc9c7ff0e789bed5ea,c91d115a8ee26d7a0fe07c2b928eaf2c4
p0fe322d90d8632fc9c7ff0e789bed5ea,c7aa3db0debe8531ed81adad35ece41b0
p0fe322d90d8632fc9c7ff0e789bed5ea,cff8b7e334af763763675af4192a2445c
p266113c962530361a00aa892353c4ce8,c77631ca4f0e08419b70726a447333ab6
padb6af17b28cd1294ea7f8079ddc11ed,ca4704fd35f0308287f2937ba3eccf5fe
p47c3e05a3d226770c4cd3025dcb13412,c77631ca4f0e08419b70726a447333ab6
pd4c47c4a100423c0b046f99912562335,c3aee746018287558354fbcd7dd8bb904
pd4c47c4a100423c0b046f99912562335,c827452688eed02a12178e96f924ac529
pd4c47c4a100423c0b046f99912562335,cd4f5a33e45ed97b36b1cf36ef196a57f
pbdc0c1e83ed6eae8d5ae016c613fb468,ca4704fd35f0308287f2937ba3eccf5fe
p54d38f4614a719a775f167d11b758257,cad1ec60c9e1f10f6a9f5d9f2c5254bc6
p54d38f4614a719a775f167d11b758257,c4b1b4dc8cf38b3c64b1d657da8f5ac8c
p54d38f4614a719a775f167d11b758257,c7e823b37564da492ca1629b4732289a8
pe9b6a76b6d5d01eb45fa3609dd77bb21,cad1ec60c9e1f10f6a9f5d9f2c5254bc6
pe9b6a76b6d5d01eb45fa3609dd77bb21,c4b1b4dc8cf38b3c64b1d657da8f5ac8c
pe9b6a76b6d5d01eb45fa3609dd77bb21,c41ba70891fb6f39327d8ccb9b1dafb84
pf1c0f79ac87e23de202203519b9dee9d,c77631ca4f0e08419b70726a447333ab6
pf1c0f79ac87e23de202203519b9dee9d,c4e68c9ab3af73f1f52db99b282481fc1
pf1c0f79ac87e23de202203519b9dee9d,c35ba1271dff4019593d3034c929e1bbc
pea9cdd5bef77b9682ceaa984c73d7816,cad1ec60c9e1f10f6a9f5d9f2c5254bc6
pea9cdd5bef77b9682ceaa984c73d7816,c4b1b4dc8cf38b3c64b1d657da8f5ac8c
pea9cdd5bef77b9682ceaa984c73d7816,ccc5d90569e1c8313c2b1c2aab1401174
pd9afa453dfbe7ac49d6de0c85f7b951a,c77631ca4f0e08419b70726a447333ab6
p1dd381a4c821a78926f610b3b4e820b7,c7bba5d01d3778f550d69f87dca50fc3f
p0ca5697d93d4eae896407b0071d7ab9a,cac579bdd709aac10eef3672da2151064
p0ca5697d93d4eae896407b0071d7ab9a,cfd69c5cf902969e6fb71d043085ddee6
p0ca5697d93d4eae896407b0071d7ab9a,c3f05d6f38862a5b18b2eb4e867a61fb1
pb718165059a5b4b6f287ad00e02cab2c,c0e505710cec86b9b2952434d343401eb
pb718165059a5b4b6f287ad00e02cab2c,c138ca6e84679ff1a874cef1e6755c132
pb718165059a5b4b6f287ad00e02cab2c,ca866cdf76516d781a2875351b4f2ef24
pb718165059a5b4b6f287ad00e02cab2c,cc7b4cead11512ded46091df0eb6d21b0
pb718165059a5b4b6f287ad00e02cab2c,c2fb9d2117d6859403f0c0006311570e6
pc74b83f6cc520ceabc97f83d6c7b15e3,c94e8a499539d1a472f3b5dbbb85508c0
pc74b83f6cc520ceabc97f83d6c7b15e3,cd61ebdd8a0c0cd57c22455e9f0918c65
pc74b83f6cc520ceabc97f83d6c7b15e3,c6b2b5614a23abed4834b7cb7b91c6887
p006b879db1b0f0a96d47eec91ce91e4d,ca4704fd35f0308287f2937ba3eccf5fe
pe6d9087a981e6be7d20a79c4fa8206ae,c08781b29d5ac13d64089d3da1902d0cd
pf6c52d899e31679bb9b4ffcb0ce6c577,cc39b56d4489fb2507289e7ae19567b80
pd81a08cf277b86201d06c0b41b72d38b,ca4704fd35f0308287f2937ba3eccf5fe
p6f6b0ebec7e3a4a5188c3fd7fdbf9e70,c54482114bc2eb51176ab72cf0ff253e9
p0340df3e0491fe4f9385c0efd0c6bdc7,c5da618e8e4b89c66fe86e32cdafde142
p09f94c3031da06d0aac62ca649f76d76,c1b1cc7f086b3f074da452bc3129981eb
p57cbdaea7e326a24f8deaba68c17ecda,ca4704fd35f0308287f2937ba3eccf5fe
p08c2fa83f31563f4fa7749548cf87ff4,cad1ec60c9e1f10f6a9f5d9f2c5254bc6
p08c2fa83f31563f4fa7749548cf87ff4,c4b1b4dc8cf38b3c64b1d657da8f5ac8c
pe9e4032876d5c99056c4bcb9d76dd3a8,cad1ec60c9e1f10f6a9f5d9f2c5254bc6
pe9e4032876d5c99056c4bcb9d76dd3a8,c4b1b4dc8cf38b3c64b1d657da8f5ac8c
pe9e4032876d5c99056c4bcb9d76dd3a8,c1d17cb9923b99f823da9f5a16dc460e5
p83eae422902699ab7cd68523c5b47c97,c1724529909565537523a32e123e88e3a
p83eae422902699ab7cd68523c5b47c97,c5bdaad625bfefd4d66ea4d96d10ecb49
p83eae422902699ab7cd68523c5b47c97,c71db414d7be518581df919233ff694f5
p83eae422902699ab7cd68523c5b47c97,c80f4431999ba9f07cab188224ec69e09
pae55478e0eab832b85fd6b27dba18c83,c3c665ae272822cb886eb6c1479575b6a
pae55478e0eab832b85fd6b27dba18c83,c06048b48614ae3e2c80c220d1299e2e5
pae55478e0eab832b85fd6b27dba18c83,ce8c555c2ea2debc9f6a61939fecbf217
pae55478e0eab832b85fd6b27dba18c83,cd7f5b5c4832602970c9a674e200aa0c4
p334ebbfcd2f165007bb3b150b601533d,c8fb732ce30f7aa92ca780b84b69138f2
p334ebbfcd2f165007bb3b150b601533d,ce97bb6b9d5bf5c78e565370da918db4f
p334ebbfcd2f165007bb3b150b601533d,c21bf830757509d8341a3cddf214e867f
p334ebbfcd2f165007bb3b150b601533d,c79f43a49b9a213cc57ffa3075330b3bc
p334ebbfcd2f165007bb3b150b601533d,cc3ce0dfba3016a16bd922fd24a7292df
p334ebbfcd2f165007bb3b150b601533d,cb9d1e48d62e8cd3ff7a1e26f6e33ab66
p334ebbfcd2f165007bb3b150b601533d,c00c63e3b477fab8f5a3436f015a6849b
p334ebbfcd2f165007bb3b150b601533d,ce56de3014fe16119d183cb03fb35dac3
p334ebbfcd2f165007bb3b150b601533d,c12587baa49485b7c32df44f674a22d0b
p334ebbfcd2f165007bb3b150b601533d,ce3be1b20c91aeddd17319f122305687c
p334ebbfcd2f165007bb3b150b601533d,c0750645d13a15b294fc591fe13c97935
p02a371b442ecd2d0759189b201a39c7e,cbbef13bb388943df41a23302b6f385fe
p02a371b442ecd2d0759189b201a39c7e,c4d41fc87abc3cd5f4dc530b43f6d6299
p02a371b442ecd2d0759189b201a39c7e,c5e76272ad80d4fa7bcca578741dcf2bd
p02a371b442ecd2d0759189b201a39c7e,cc18d8c42236d9a7672120a4e29ffec4d
p02a371b442ecd2d0759189b201a39c7e,ca4172b42f731cd7ac6e14b38a34630c2
p02a371b442ecd2d0759189b201a39c7e,cf1c5ae66386a151575cf6d609d41b5df
p5ace0b40a4148eb60468cec30109a3d4,c19af319f8521538176aad840e5727dca
p63faf5766386cc98a704f79d6f93fbc4,c971fd8cc345d8bd9f92e9f7d88fdf20c
pbc9d64c3a55b4df952a67b0d62c9edb3,c35537fbc25d87ffe59e4f35fefcd34b7
pbc9d64c3a55b4df952a67b0d62c9edb3,c8ddf793655a47d1de2721e32313ebf36
pbc9d64c3a55b4df952a67b0d62c9edb3,c8f7ba58961e0fe40cfda61b412537fba
p5c6d8d875a6f3e5b55136a85cfd94cbf,c181900dad960beccb34f53c4e0ff4647
pa2a9c58ec23619276f0be34a00424cbb,c5ae7fb3197b6fd8c723c7766a5680e2e
pa2a9c58ec23619276f0be34a00424cbb,cc8205c7636e728d448c2774e6a4a944b
pc0f60b42542530dd5317ae724e3b9ddc,cc007bc528903a0f0a28e840f88cf8148
p5a256bd569a18b49a1699b79b71cfb9f,ca5d083fbfc0611e061663c6b1a8ba698
pe9a43df4803db34e0e18bc67f9c88461,ca78be2caee7de8d362331c9016c44018
pe9a43df4803db34e0e18bc67f9c88461,ca5d083fbfc0611e061663c6b1a8ba698
pe9a43df4803db34e0e18bc67f9c88461,c8a496e4dcb443b1c529e75d7ec2888df
pe9a43df4803db34e0e18bc67f9c88461,c288f40d580c15ec2a78914fa03f84d12
pe9a43df4803db34e0e18bc67f9c88461,cd592302a9f9cd99cbabaee247b975119
pe9a43df4803db34e0e18bc67f9c88461,c3e2ab7b52b5094a0fe98dab74f5b4dfe
p64cef37da8744daea090df4f78ce72ae,cfffcb4d1e12c96b2f571f77ad25878b8
p64cef37da8744daea090df4f78ce72ae,c4f926a3ab91943cda655a137b34ba61a
paba35d68a58f36ef8b9bb954ac212bef,c50c60ac437e4d4ef19c77bdca5bbcf3b
paba35d68a58f36ef8b9bb954ac212bef,c6d69689d0056a27bce65398abc70297a
paba35d68a58f36ef8b9bb954ac212bef,cad1ec60c9e1f10f6a9f5d9f2c5254bc6
p8f7145a236022b1be2b3772c3649efd7,ca4704fd35f0308287f2937ba3eccf5fe
p6464c8b7a532c08eee56447425bc9a53,c4410ec34d9e6c1a68100ca0ce033fb17
p6464c8b7a532c08eee56447425bc9a53,c843e353f7a5a6842b926bf213dfefe86
p604c09555fd515f0416c4cb02967360c,cad1ec60c9e1f10f6a9f5d9f2c5254bc6
p604c09555fd515f0416c4cb02967360c,c290612199861c31d1036b185b4e69b75
p604c09555fd515f0416c4cb02967360c,c4b1b4dc8cf38b3c64b1d657da8f5ac8c
p553a52025e3b3640d0a9988035b35df3,c444d0af4f3d786e11f0518167b8ec9c0
p553a52025e3b3640d0a9988035b35df3,c7e170de074e1630348aec1364ac26c3d
p79b67ae73c09836d2c904fe27635dd57,cf9c75e6a532ddc38b9941d95890c4776
p79b67ae73c09836d2c904fe27635dd57,ca3402e05f1c659d60c7ed6571e958822
p79b67ae73c09836d2c904fe27635dd57,ca6ee68cefc73b933ed963df59ca8e87b
p79b67ae73c09836d2c904fe27635dd57,cb9a3b9f13bfbb313d6516c82b9d770af
p79b67ae73c09836d2c904fe27635dd57,cbe733d5bfa9507e9cdc50cc708f840a8
p79b67ae73c09836d2c904fe27635dd57,ca3e835bb98f50c0454edbdb092330049
p79b67ae73c09836d2c904fe27635dd57,cdcdc1ac079a91d513a5a759b0fb9c1dc
p79b67ae73c09836d2c904fe27635dd57,cdd03c4657019b211cfc7f14a7774c05e
pc7fa9033e5bf6576b4c9f0c8451ed501,cf811fff3303f6796901cd6fab5d742c5
pc7fa9033e5bf6576b4c9f0c8451ed501,c700a6c0080823999eb432ee45018480b
pc7fa9033e5bf6576b4c9f0c8451ed501,cdd65ed7aa20d4bd24a5e7100c73d00a5
pc7fa9033e5bf6576b4c9f0c8451ed501,c357cfc475a9888fe5425205b97569654
pc5069e1968c8933e0c35e48741cedaa6,c39e61d57e9209611edd4f884e9e47c11
pa972589542844ca3dcb3966e09beaefb,c332dd7568fe5fad125a52b193f3e7300
pa972589542844ca3dcb3966e09beaefb,cf9e4fb8f657beb324e827064a4d511a4
pa972589542844ca3dcb3966e09beaefb,c2d1e24095b9e00e71a232e5e18820d70
pa972589542844ca3dcb3966e09beaefb,ccc801bd8b3e2970a29e5346ff2068dc8
pa972589542844ca3dcb3966e09beaefb,c2ccd8261175cb0158ce983261c7cac77
pa972589542844ca3dcb3966e09beaefb,cb49764548906102d0a1cee487baed1b8
p0f781914c078b4919f2fbc8b87247f32,ca4704fd35f0308287f2937ba3eccf5fe
p5308484c2b576f98ffd0cacfa6dfa201,ce313902e9bcce0aa0a86739493ef7049
p5308484c2b576f98ffd0cacfa6dfa201,cf9e4fb8f657beb324e827064a4d511a4
p5308484c2b576f98ffd0cacfa6dfa201,cdb2231c22e233d0c43b8d7b55f877c4f
p5308484c2b576f98ffd0cacfa6dfa201,c20d939bb4c8f18ca9fe83ca16305e166
p5308484c2b576f98ffd0cacfa6dfa201,c584787974004bafc8a87ae1aa2f73c4a
p2077d1d0e9172406f1128df74bdf0b9c,ca4704fd35f0308287f2937ba3eccf5fe
p7cc2edb2a0aee3e87eb0d55a747d81cc,ccd3f1ea6f2e2011c3608d478fa6195fe
p7cc2edb2a0aee3e87eb0d55a747d81cc,cdb2231c22e233d0c43b8d7b55f877c4f
p7cc2edb2a0aee3e87eb0d55a747d81cc,c90b613befa0638171d64e6278fe09520
p7cc2edb2a0aee3e87eb0d55a747d81cc,cdcdc1ac079a91d513a5a759b0fb9c1dc
p7cc2edb2a0aee3e87eb0d55a747d81cc,c84cfc9cc16e7cfa585595da4b775bdab
p7cc2edb2a0aee3e87eb0d55a747d81cc,c4b9cb0b1376a023c8322dc6bfb735495
p7cc2edb2a0aee3e87eb0d55a747d81cc,cc770d6389fd628be4eab54c85bdf9556
p7cc2edb2a0aee3e87eb0d55a747d81cc,c56d4cc1eb721e11d70434c0aef71b818
pea7788180efa3604b61fddad2233a260,c7c5c247cff16b86e83d2cf3b6508edff
pea7788180efa3604b61fddad2233a260,c05f7fc4da1b67e195cea49c59b26fe1b
pea7788180efa3604b61fddad2233a260,c1386cc1617353c18e223d363ef5c0c9d
pea7788180efa3604b61fddad2233a260,cdb2231c22e233d0c43b8d7b55f877c4f
p98d5ad1c650e68aeb255a906d1ac8740,c39ed26f336ae538df4d2dc8a75a01282
p1866e63090c67db31cf1f755ff1af232,ca4704fd35f0308287f2937ba3eccf5fe
p2115bf41ff18dfc530b8871cb9705039,ca4704fd35f0308287f2937ba3eccf5fe
pa047ca7031885cc23883d87b5b3f04ad,c77631ca4f0e08419b70726a447333ab6
p8e7b646c8c853e9af2979131041bd80b,c5e764a7475bc21c4766dc2baeefbe176
p5c20167449a408e1afbd161a6f560fb2,cad1ec60c9e1f10f6a9f5d9f2c5254bc6
p5c20167449a408e1afbd161a6f560fb2,c4b1b4dc8cf38b3c64b1d657da8f5ac8c
p5c20167449a408e1afbd161a6f560fb2,ccc5d90569e1c8313c2b1c2aab1401174
p88e2699f07577e602977adb4541413fe,c3022c77834378957adbabf86af48d0c0
p88e2699f07577e602977adb4541413fe,ca9e07ee7f44676e2711378767cd04cd2
p88e2699f07577e602977adb4541413fe,cc37ad25f6094d5cccc247dfc9027a38f
p88e2699f07577e602977adb4541413fe,c713c547b27f58b1fc84e61237292662a
p88e2699f07577e602977adb4541413fe,cd2608989e0920ccc0c3a5ad8388c29db
p88e2699f07577e602977adb4541413fe,c9a1de90c763688a5b4d581100e29a65b
p88e2699f07577e602977adb4541413fe,c4fa1af17b17ef60265e0b9cb9c707f30
p88e2699f07577e602977adb4541413fe,c77044f1a8e95ca2639c331c651545136
p88e2699f07577e602977adb4541413fe,cd5fb83d686177009200a97fc97532076
pf3d950fbbb4a7ad81b49221dd27cba00,c77631ca4f0e08419b70726a447333ab6
p7e91d3ddde03f85cba68a080464093a9,c77631ca4f0e08419b70726a447333ab6
p7e91d3ddde03f85cba68a080464093a9,cd503cc532ca2394614e75777a8a36efd
p7e91d3ddde03f85cba68a080464093a9,c0bdc508a17811a3a860d32749ad44e4b
p39ceb285db0ad089f203a6d0836de154,ce0626222614bdee31951d84c64e5e9ff
p485c571bde169daa4f6c276b8175f0d5,c77631ca4f0e08419b70726a447333ab6
p485c571bde169daa4f6c276b8175f0d5,c4e68c9ab3af73f1f52db99b282481fc1
p485c571bde169daa4f6c276b8175f0d5,c8af0f5c3edad8d8e158ff27b9f03afac
p213ef3bc755bff4f71d9421e19c31c8d,ca4704fd35f0308287f2937ba3eccf5fe
p7949342eab2f982fd37e1dc0952f8e92,cbc83e5040eb0fecf47cfacaa19297b4b
p37ab55104f875cf631595ae033823c1f,ce04d1bcee667afb8622501b9a4b4654d
p37ab55104f875cf631595ae033823c1f,c41bcb80ee4396e32cbdf51faa5ea5eb4
p37ab55104f875cf631595ae033823c1f,c950f4b6481ae3e652516c23437ee0a33
p37ab55104f875cf631595ae033823c1f,c45de357e1e98dc363f2ae3e646e6a4cd
p37ab55104f875cf631595ae033823c1f,ca4fd8bfadaf85e97a213b3515e319cf6
p37ab55104f875cf631595ae033823c1f,c053ad9bd62b61d132aee8892781be483
pce4671bf68a8074ff7b02dd9a29c809d,c1e9acc262d169d49ba67701811b4f59f
pce4671bf68a8074ff7b02dd9a29c809d,c698bf1e8a8f8ed52854fe64b7bf29d26
pce4671bf68a8074ff7b02dd9a29c809d,c148588c455ee3901dfdd14a01bfe9cbc
pce4671bf68a8074ff7b02dd9a29c809d,c3dbfa7031d714aac92c96afdf06f515e
pd66dd92d6b55f541e354995688bcf5fc,c49a488e01fb14a3a653a57209d529300
pd66dd92d6b55f541e354995688bcf5fc,c05a24c5bf51549bede9ad4505e1cb41f
pd66dd92d6b55f541e354995688bcf5fc,c8c5b5e6c27b8a5a1faaef3da6d005b66
pd66dd92d6b55f541e354995688bcf5fc,c94353004ff930369d4d5a405cdcfd991
pd66dd92d6b55f541e354995688bcf5fc,cdac97f4a316e85a4e176240c440fee58
p3c99fbe4ef8aad4f565c09db0df4e6fa,cef86e267b980b91b251ee64ad343d70f
pb394da7d0d76095063878735532d8cca,c08e72bf9d3246f35a5c9ab17f2a79bd2
pb394da7d0d76095063878735532d8cca,c990c8b5d318a66e0f3e6d9768da4a060
pb394da7d0d76095063878735532d8cca,cbc24c41c1f2474d5489198cbf474610d
pb394da7d0d76095063878735532d8cca,cd8d0f77466d568486a55166f7abbfb6e
p69174991ff5667c99b14346031472510,ca4704fd35f0308287f2937ba3eccf5fe
p69174991ff5667c99b14346031472510,c699b4f79215d191584653efebf156e52
p69174991ff5667c99b14346031472510,c4923294b4d8c50e3b394d64c843c2d47
pff6eec4754053f9e12ccb27b38d3e3c8,c4d9c3e3a889034766cd62d6c71c78f67
pff6eec4754053f9e12ccb27b38d3e3c8,ce6f43c40ab1c07cd29e4e83e4ef6bf85
pff6eec4754053f9e12ccb27b38d3e3c8,cad1ec60c9e1f10f6a9f5d9f2c5254bc6
p3d211a6ce2f4f18ccc080667a131147e,cc054e2e4ad6cf568a31becd6dc467c72
p3d211a6ce2f4f18ccc080667a131147e,cc06acccad5916b782f6a8964d57831fe
p3d211a6ce2f4f18ccc080667a131147e,c8135b139958f275bcecedb571b86d300
p09a2fdf2961faab7b75b9762e29fc8e0,c4d9c3e3a889034766cd62d6c71c78f67
p09a2fdf2961faab7b75b9762e29fc8e0,ce6f43c40ab1c07cd29e4e83e4ef6bf85
p09a2fdf2961faab7b75b9762e29fc8e0,cad1ec60c9e1f10f6a9f5d9f2c5254bc6
pf82d0f70bb7808003f6345da4cd64370,c75e4d7d5ed80f2bb4c31b6b5a8dfc04b
pf82d0f70bb7808003f6345da4cd64370,cf301dd0b154fed2dcd29d777925a1bf6
pf82d0f70bb7808003f6345da4cd64370,ce0dc51504e7c374ced39c462000d8f6d
pa9474dec75783362d4bbb0de3345696a,c39e61d57e9209611edd4f884e9e47c11
p0b6034c954d211e6631987fdfe2233af,ca4704fd35f0308287f2937ba3eccf5fe
p386cf25f844fd824ced51f39d0f6fea8,cb3cffe220ce6dae8c5d5bcd38f0414cd
p386cf25f844fd824ced51f39d0f6fea8,c7180f0de2c531806b91e0ebe710c6438
p386cf25f844fd824ced51f39d0f6fea8,cc9d8f307390b30f805d2502b54813048
p386cf25f844fd824ced51f39d0f6fea8,c1f606484f89bd41cd83e68457a949c3d
p386cf25f844fd824ced51f39d0f6fea8,c99b102d95ca89d2deb5c0cdd11180531
p0cd1b5cb3dd0427b1c11206db6874562,c864d8597c9ded79049830d622ab7f5c3
p0cd1b5cb3dd0427b1c11206db6874562,cb3bbb9b16cc32c7eb196c2044ec0f208
p0cd1b5cb3dd0427b1c11206db6874562,c60b35b2193ed918b7cdbb01de15b1a56
p0cd1b5cb3dd0427b1c11206db6874562,c99d0267d4bfb181a9ad72883e09afe80
p0cd1b5cb3dd0427b1c11206db6874562,cb2f6dbd7b0bf0b157317f0b6fcef4095
p0cd1b5cb3dd0427b1c11206db6874562,c1f606484f89bd41cd83e68457a949c3d
p0cd1b5cb3dd0427b1c11206db6874562,c99b102d95ca89d2deb5c0cdd11180531
p6e6034d1757ec83a9157543f9c32fda9,c06bc4f7d2ae2dfffe22621a6ea143949
p6e6034d1757ec83a9157543f9c32fda9,c1f606484f89bd41cd83e68457a949c3d
p6e6034d1757ec83a9157543f9c32fda9,c68eb20794688e980536cdcc21c180a09
p6e6034d1757ec83a9157543f9c32fda9,ca3229a467581b0eb9e2a9c64deb50b57
pafe685b0f0058b73fe706fe57b77c775,ca4704fd35f0308287f2937ba3eccf5fe
p1540791136f46b0e08163fe0dff5a8aa,ca4704fd35f0308287f2937ba3eccf5fe
pe43a45bc3198f77b28a3c52472d31210,ca4704fd35f0308287f2937ba3eccf5fe
pe43a45bc3198f77b28a3c52472d31210,c6ec1bd1ea6a5d67a63b20c8f6172bddd
p47a7b7c5c03adc7829fd3d09294fbb12,c0dfcf23e6610dd9ef6092e4cfedd7c07
p43b88985636b1a7e79d04d233bc05664,ca6fffbc3fdda3bd2ccfcb90974f0cc32
p43b88985636b1a7e79d04d233bc05664,cb9ce796ef57d48d928c130fb29aa3244
p43b88985636b1a7e79d04d233bc05664,c7859abc990d134ec3616a63e82a54ae4
p43b88985636b1a7e79d04d233bc05664,cddfdc2a2b4c277158589a9f95fa2fbd8
p43b88985636b1a7e79d04d233bc05664,c81491c6c1b8d9260b661b2c4353800e9
p43b88985636b1a7e79d04d233bc05664,c6fa80683d560e2a5d4880ab06749303f
p43b88985636b1a7e79d04d233bc05664,cb14fa21ad78e7474f8eff6ad25f4dc1d
p43b88985636b1a7e79d04d233bc05664,c35ea566496d2a03af88cf0d867f8d291
p43b88985636b1a7e79d04d233bc05664,cd2bc7119a99f82ff34879099faff5418
p43b88985636b1a7e79d04d233bc05664,cfd236aa193099871fe79cc37078182c1
p0c4905bc7d31b6a452f2c70823d34500,c77631ca4f0e08419b70726a447333ab6
pb3f10e740642f32947d31e12ff0a067d,ca4704fd35f0308287f2937ba3eccf5fe
pd8ec7b038997d858a601732bab7b32a2,c66340f530aa1b5cd29c000ea4a7eb10a
pd8ec7b038997d858a601732bab7b32a2,cc58af5424a9c02899676b58d53f99949
pd8ec7b038997d858a601732bab7b32a2,c5438d53021fd468e46f42f0d0e6bc9d2
pb76c660d30db21a753953e1060c49bfd,ca4704fd35f0308287f2937ba3eccf5fe
pf3b69216eb29cbf95158e118d77afd06,c77631ca4f0e08419b70726a447333ab6
p714ef1b5f7270a6104ce97201147559a,cd030eeeb593b8cd94e564bc42e01d146
p90c5850ccbdd037ff3b517a0348dbf1b,c001abd542d5d22925a267d91ba920a00
p90c5850ccbdd037ff3b517a0348dbf1b,cbe6fde42645ffe0582ee4c088674345b
p90c5850ccbdd037ff3b517a0348dbf1b,ce20429d0e2fd67771ca2f1405ea22da0
p90c5850ccbdd037ff3b517a0348dbf1b,c8242cca78dbb6895a4ef408c8a4152e2
p90c5850ccbdd037ff3b517a0348dbf1b,c76f50fa76bd9cf17e46b8e692b5acbd7
pc8cd1a408ab151d940b604fc4008d0cd,c77631ca4f0e08419b70726a447333ab6
p099fd37c04d396192b5e723abd15779a,c38c50b731f70abc42c8baa3e7399b413
p76aeabbc3287c40f018d353ef55d6be9,cc39b56d4489fb2507289e7ae19567b80
p84cdaadb5221e146a941625440c6437b,c06c2cea18679d64399783748fa367bdd
p84cdaadb5221e146a941625440c6437b,c8c16cbebef45d87fd2b36ce69f46c526
p84cdaadb5221e146a941625440c6437b,c8ddf793655a47d1de2721e32313ebf36
pc8b2d6a9afa34874058b802522635ba3,c5ae7fb3197b6fd8c723c7766a5680e2e
p4148d701b3225563349187c2ad3b4560,c859b469ac7276b3b93deede831888dc3
p4148d701b3225563349187c2ad3b4560,c63f69c7f958795918b41fbcd71a8c811
p4148d701b3225563349187c2ad3b4560,c3445ab2c0ce61338c83af17e9c818127
p4148d701b3225563349187c2ad3b4560,c1ac7af4ca6cf6bc5928d4a4cd5f9906d
p248466f7a705a1578dac3436f160c2f2,cc0062863e3e99f67607ad1ae9a4299a7
p248466f7a705a1578dac3436f160c2f2,c0b84df4e0b66e9d55b22eefb55ca928f
p248466f7a705a1578dac3436f160c2f2,cd685640410801eb03bb5dcb58186458f
pe7c9cfe978041ea0109480c212ea27f4,cf22794f69ce5910cb4be68ff9026570d
pfcb4a8d779039810b7eb2612f076655f,cc0062863e3e99f67607ad1ae9a4299a7
pfcb4a8d779039810b7eb2612f076655f,c08a38277b0309070706f6652eeae9a53
pfcb4a8d779039810b7eb2612f076655f,c1f4da964f8eab62e96e8cfe406e44364
pb4c668d5db0e84f1e04b719e107a0464,c77631ca4f0e08419b70726a447333ab6
p6cf6a3687cde2f509b1c0304bffe60c9,cbce28b12b73c1c02980632d7f24108c3
p6cf6a3687cde2f509b1c0304bffe60c9,cfd9160bbd656f75ab74e8935e4330d9e
p6cf6a3687cde2f509b1c0304bffe60c9,c340831fda6d2e1e987ecb54147b6b036
p6cf6a3687cde2f509b1c0304bffe60c9,ca1ff5b85ebcdd67194159bf8398ec9a7
p438d0eab14f825d7711e8650c91f8f4e,ca4704fd35f0308287f2937ba3eccf5fe
p438d0eab14f825d7711e8650c91f8f4e,cc6e190b284633c48e39e55049da3cce8
p4cd14d9d650742d110d564d46ca5836a,c2091523979dbedcad728958414922c72
pa5b390a497e963b7c2a6b4824b810664,cbd287902a5fab6250f112d5312368348
pa5b390a497e963b7c2a6b4824b810664,ca76d4ef5f3f6a672bbfab2865563e530
pa5b390a497e963b7c2a6b4824b810664,c62254758dcfe975098fab22609c8aa79
pa413ffa8d6f109aa234ccf710ca026e8,cfbf5f0db8c29549a9d3a7aaae24b580d
pa413ffa8d6f109aa234ccf710ca026e8,c19425feda2b309aa465cfd46362f52cb
pa413ffa8d6f109aa234ccf710ca026e8,cac49efac239789f543be8474c9c1a44a
pa413ffa8d6f109aa234ccf710ca026e8,c6a4fa194e4ad74ba561c2a7f3991d43d
pdd6b17ec823ba0e13dc194626307c799,c77631ca4f0e08419b70726a447333ab6
pc87aabc26dc94b35658e0573b05479c7,c77631ca4f0e08419b70726a447333ab6
peaef665b51db75b86f9119d5c92b5f37,c77631ca4f0e08419b70726a447333ab6
peaef665b51db75b86f9119d5c92b5f37,c28cb2468ce3a85b4d10668ec48f5e4d6
peaef665b51db75b86f9119d5c92b5f37,c84fcf5d37086f2a93953734ce8f385b6
p5c9da11f17704eca6393ee31d82be50b,ca4704fd35f0308287f2937ba3eccf5fe
p5c9da11f17704eca6393ee31d82be50b,cc8205c7636e728d448c2774e6a4a944b
p5c9da11f17704eca6393ee31d82be50b,cf77589cee897bf10a17d6aef39428088
p2a4c075ebd39f9bd957abd61596cccff,cf027f27d0d548351e4d362e9b90678a9
p93cb5d63db30902b45173c12b0701d44,c368fe771261fcb18f7988833c9294a20
pc48724f15518e17f4789646d9612e338,c50c60ac437e4d4ef19c77bdca5bbcf3b
pc48724f15518e17f4789646d9612e338,c8eadc5d3e1f1919c527b6d865e226a88
pc48724f15518e17f4789646d9612e338,c6aec1991f208e2948db5e4eee6e1ccff
p481488f0dbf93a9ce95512ce8011efa6,cad1ec60c9e1f10f6a9f5d9f2c5254bc6
p481488f0dbf93a9ce95512ce8011efa6,c4b1b4dc8cf38b3c64b1d657da8f5ac8c
p481488f0dbf93a9ce95512ce8011efa6,c06933067aafd48425d67bcb01bba5cb6
p53caf6e3e674f5da11fab0d784aed89a,c13348442cc6a27032d2b4aa28b75a5d3
p53caf6e3e674f5da11fab0d784aed89a,c84fcf5d37086f2a93953734ce8f385b6
p53caf6e3e674f5da11fab0d784aed89a,cc64518704ce0c0d5501a45763f464276
pa8437850467c809960d50591ac4f3e30,ce48cc1d6de3fcc1aa091284ed706b2fb
pa8437850467c809960d50591ac4f3e30,c4c59589a491298ffd205ccc4961bc213
pa8437850467c809960d50591ac4f3e30,c3a5535c69ead3ea03946a0d617984873
pa8437850467c809960d50591ac4f3e30,c3369863c0a18871f1b14edc25af07072
pa8437850467c809960d50591ac4f3e30,cfd9160bbd656f75ab74e8935e4330d9e
pa8437850467c809960d50591ac4f3e30,cb559db93c279b7e4886705cb45f7ca9c
pfb39bea50dd671b6f5b5865a1d2ea2dc,c557c6481538b93bfe0a10a1cbc11aa07
pdea04970107bb19e270416d18ee73d16,cd3db499ff6d5f0f895e919b18e3013e5
pdea04970107bb19e270416d18ee73d16,c63f69c7f958795918b41fbcd71a8c811
pdea04970107bb19e270416d18ee73d16,cd07182257bce13d49a5c183864e4a277
pdea04970107bb19e270416d18ee73d16,c740032cddca4231c35f691047507232d
pdea04970107bb19e270416d18ee73d16,cdb4a18b5b83049178efa295264d134ad
pdea04970107bb19e270416d18ee73d16,cfb1d6d5303c61f840a5ce2f2ce1bdc70
p9811deeb64fd3b2c31a7b43d8ae788d4,c77631ca4f0e08419b70726a447333ab6
p9811deeb64fd3b2c31a7b43d8ae788d4,c9ab545a5ce943f50e5d2f1223ddaf254
p9811deeb64fd3b2c31a7b43d8ae788d4,c8f69c4477c1e7c7e61b1ca0cc11ac45c
p17cfefd5ae3fe0d79af67219665955d9,c197761053cdf60ed75142d3006d5e8a5
pa72dcfe69c984d893dfb25b6e8f47bb5,c266a9140df315e9ce427ce42960c8f8c
pa72dcfe69c984d893dfb25b6e8f47bb5,c5336f920c9124538b80f65649f37e7fb
pa72dcfe69c984d893dfb25b6e8f47bb5,ce307db07b3975fef922a80d07455ee5e
pf8739b59406f723c3527e5ffd59aa403,c0df7df3f3f13395866c929dae7ea417e
pf8739b59406f723c3527e5ffd59aa403,cb01a47fef9b535f13954dec86df22c14
pf8739b59406f723c3527e5ffd59aa403,cf14e3a297cd0ec7deb4eeace09d9d687
pf8739b59406f723c3527e5ffd59aa403,c874cf1ea4f1766f66eb9b33d88e2828e
pf8739b59406f723c3527e5ffd59aa403,c7c110d27896ab9d3a323605661ea30bc
pf8739b59406f723c3527e5ffd59aa403,cfc6aa56f93b2382d75d7ed8f305a4fa2
p8fb54c962a365db1fead4f3c26eaf576,c28f407da8442d4100e6d7505a2890bdb
p8fb54c962a365db1fead4f3c26eaf576,c3f77a1fe1e9c85fd5b9a6fe9ab39a25f
p8fb54c962a365db1fead4f3c26eaf576,c60f6e8d9d753a98ccbc2ba93f8b16cd1
p8fb54c962a365db1fead4f3c26eaf576,c3add9baee4398f7eab45fbb9ea8bbb6b
p8fb54c962a365db1fead4f3c26eaf576,cfe00bc7b107f332ba185ef11bea753ee
pc0fa565fcf55f892c800f3979894c885,c77631ca4f0e08419b70726a447333ab6
p11550b48b608faa39698b42f524cf0f9,ca4704fd35f0308287f2937ba3eccf5fe
p11550b48b608faa39698b42f524cf0f9,c6ff9f4444ac481652f4412b5e1623846
p11550b48b608faa39698b42f524cf0f9,c68746a7280b143cfc01f967610d3e86d
p13cae56ab77cc6b1fccbd5575b2d1a80,ca97ea56b0e00b2379736ae60869ff66a
p13cae56ab77cc6b1fccbd5575b2d1a80,c4e49349ac2b6c87de21a79eb04a0dbba
p48d47ca87613a75a6cbccbae7c1dfbb1,c61ee5a22cd5f14ed4e48eb5611031e74
p6d0d27ba89e5347b1fb97a3e703e73c9,c7fa9dcece8439d0b20fb2f8fe0ef47db
p6d0d27ba89e5347b1fb97a3e703e73c9,c70e6b351a5a85da6c0d21cd68663cd31
p6d0d27ba89e5347b1fb97a3e703e73c9,c76da3d5210fa1dcc491e1a11a8a7f90e
pa0dd07c8c912fd32b034379cd62d1cf6,ca4704fd35f0308287f2937ba3eccf5fe
pa0dd07c8c912fd32b034379cd62d1cf6,c66c1b4232ff79679fb474f891210edac
pa0dd07c8c912fd32b034379cd62d1cf6,c92d909e2ae45ed6c55a55088f1d46394
p4613db08885d8363bc73797884a9d8ad,c00e6c77594614c63f1a543c7056159f9
p4613db08885d8363bc73797884a9d8ad,c61ee5a22cd5f14ed4e48eb5611031e74
p4613db08885d8363bc73797884a9d8ad,cbcda16f481d41f93665d8c4766f824f7
p4613db08885d8363bc73797884a9d8ad,c6be1de8be34b2a53a6f6937684a38f4a
p4613db08885d8363bc73797884a9d8ad,ceea8f7c33dc2f64e72b4f4f9d2b96e1d
p4613db08885d8363bc73797884a9d8ad,ce6a33aa227bbb51c55a285440bf7366c
p4613db08885d8363bc73797884a9d8ad,c5299064276e3dcd4da6409f7ed87b15b
p4c4668675c5a9960c7d9ca24a2fd5682,c25d72fc2c168b79ae5327878e134e6cc
pf41dd25b0cc7c873da91d7d4c2a8b2a6,c04a83927cfa1af6ae14f94e90aab9ebb
pfa7e40e8fd97b0b9a258dbca817e6cc3,c77631ca4f0e08419b70726a447333ab6
pfa7e40e8fd97b0b9a258dbca817e6cc3,c41171a0fcd362ce98b5f0f11398713b6
pfa7e40e8fd97b0b9a258dbca817e6cc3,c78463a384a5aa4fad5fa73e2f506ecfc
p9d1b29aace7460a3056d3844a44ad48b,c550eadb88a230018bf043d1b6ad15863
p9d1b29aace7460a3056d3844a44ad48b,c7020647d6ae9501163537884fa89b4ad
p9d1b29aace7460a3056d3844a44ad48b,cad1ec60c9e1f10f6a9f5d9f2c5254bc6
pe3bf31f311efc9b3ac4a04592f8055c9,c77631ca4f0e08419b70726a447333ab6
p93f76519f880ee6c71fcbc4564de602b,c97329209778fec9e3d27dc37747c3255
p93f76519f880ee6c71fcbc4564de602b,c66312fab784c6910aa4c9620187b557a
p93f76519f880ee6c71fcbc4564de602b,ccbe04761110d9dc0ec79c329c87a7565
pf3336bdff2893c7410566c1b6f58d468,c77631ca4f0e08419b70726a447333ab6
p1cd0f909b04155d3ea6f1da6f984e132,c02608a40a77716ec475898b2d1abea8c
p1cd0f909b04155d3ea6f1da6f984e132,c479628082c301a5dc7fc4f707cd2e89f
p1cd0f909b04155d3ea6f1da6f984e132,cd5ec40428438d98781c304059e0e3262
p1cd0f909b04155d3ea6f1da6f984e132,c28e2d0d6bae48399f05d1550d0cee48b
p52e4d7b96e201e7b366b6fb1712b93d6,c25d72fc2c168b79ae5327878e134e6cc
pfa6dba84d93c6f7965b2aaa2f2273f57,ca4704fd35f0308287f2937ba3eccf5fe
p5b7a8619fb9ae4bb93d09fc0b2a55c12,c7befbb90a3756d0425a13a4777575122
p5b7a8619fb9ae4bb93d09fc0b2a55c12,c1e759e9af8386a8de2e3b62c66dc8158
p5b7a8619fb9ae4bb93d09fc0b2a55c12,cce7f0ea2a17bb40d9f52fe4b4d1852b0
p5b7a8619fb9ae4bb93d09fc0b2a55c12,cacf4604aa27a29372c7ca087b7299e8a
p5b7a8619fb9ae4bb93d09fc0b2a55c12,c8d071d4bd0e5ec426830415d934c564f
p5b7a8619fb9ae4bb93d09fc0b2a55c12,c0df1c4616b74f4dc6849f468eb2014f9
p5b7a8619fb9ae4bb93d09fc0b2a55c12,c9e1d2ac65c1854c0467de10c630fd535
p0819b49a5862f0efc542071da6421524,cc8205c7636e728d448c2774e6a4a944b
p0819b49a5862f0efc542071da6421524,cec47388b272f906a796414eaf6ea8563
p0819b49a5862f0efc542071da6421524,cd334dfcea59127bedfcdbe0a3ee7f494
pec03fd02401a04f2cea9de3f41e59f78,cdae52b80711ee1029c7006f95018d300
pec03fd02401a04f2cea9de3f41e59f78,cc8205c7636e728d448c2774e6a4a944b
pb374c52f2f6235a56872601bd96207fc,caada29daee1d64ed0fe907043855cb7e
pb374c52f2f6235a56872601bd96207fc,c571094bb27864b600d8e6b561a137a55
pb374c52f2f6235a56872601bd96207fc,cc2ba7e785c49050f48da9aacc45c2b85
pcee1368b10416e2462a080eaaa456f43,c184daff620aca4ad23fd2bf70d0b76af
pcee1368b10416e2462a080eaaa456f43,c07a3dd247ad6bec7fe401aa11619959f
pcee1368b10416e2462a080eaaa456f43,c992a0f0542384f1ee5ef51b7cf4ae6c4
p91d574c06cc9c075b05b8980ae957cd6,cad1ec60c9e1f10f6a9f5d9f2c5254bc6
p91d574c06cc9c075b05b8980ae957cd6,c4b1b4dc8cf38b3c64b1d657da8f5ac8c
p91d574c06cc9c075b05b8980ae957cd6,c195fbb57ffe7449796d23466085ce6d8
pa1abb4ffa44da028461dc08d6132e8b4,c1bfbcce75c3c9a52a464d4cb0984488a
p1a38079b9959bcb360e37d5b6e70069c,c3f078e2078e846653d53f53553a76587
p1a38079b9959bcb360e37d5b6e70069c,c266a9339882a417f8fe9733c781e58c6
p1a38079b9959bcb360e37d5b6e70069c,c972ba94a25272ba17f92e46e712b22ef
p1a38079b9959bcb360e37d5b6e70069c,cbfedd9b0c7b346d3b9a6ec6c2b482316
pd37c8ed27c1f1b567a1bbb459665e0db,c8aace3ec18d83874d22850b7eee93c7d
p792867beff16ea1189fd986dec7228f6,cef087651eb482bae4624478696f4ad4f
p6795124c02a81206fe107f5f885e81ef,c28e7ba64d30df722a77036dc19635264
p6795124c02a81206fe107f5f885e81ef,c615e89ef014a44e8bb2b53f015c49375
pde91cfaa6923b98286bf678bbebac7dc,c60e46aeaed758964902dd7ae99858f03
pd8c430c001d90e55c6d2879f5786d32b,c0ff9644f14add08624ae72d5f9a043e1
pd8c430c001d90e55c6d2879f5786d32b,c26f32917b027528d6efce5c5f591e346
pd8c430c001d90e55c6d2879f5786d32b,c788972f8c12b189ea1ce4f863ed37513
pd8c430c001d90e55c6d2879f5786d32b,c4d98f40ab9e99c69dd636a96ff5c7a21
pd8c430c001d90e55c6d2879f5786d32b,cc9b268e4be311d8a343683d952b426e8
pd8c430c001d90e55c6d2879f5786d32b,cd32b708ce36fbbaf0dcf4f3b2536c007
pd8c430c001d90e55c6d2879f5786d32b,ca10e4b66469eb699c2b5bfa943c806b0
p558eb2fd8ce9631a0485f86ad513b067,c77631ca4f0e08419b70726a447333ab6
pb283ae3872d52b92e322473ea3d700bb,c77631ca4f0e08419b70726a447333ab6
p62bba5af8207c9219ebacd9394b064dc,c0ce02dbeaece33a45f3ed260b3363197
p62bba5af8207c9219ebacd9394b064dc,ca05c713dedc5f0eeeb68f3b981f8a6c5
p62bba5af8207c9219ebacd9394b064dc,cb4b93abd73114cc87eec4c97fa9a2af6
p62bba5af8207c9219ebacd9394b064dc,ccb62a7e21b4a896c5cbf3004bb630bde
p62bba5af8207c9219ebacd9394b064dc,c1ed5072bd2f8d34de9cb124ed0338268
p3ef4a4dba8bf297b05843a790a6b3a59,c77631ca4f0e08419b70726a447333ab6
p3ef4a4dba8bf297b05843a790a6b3a59,c655d20c1ca69519ca647684edbb2db35
p3ef4a4dba8bf297b05843a790a6b3a59,cc05f6c233521207f6fe311afef550c3c
pc1a27b82bf5d02c014e5b51c78aaa4cf,c689202409e48743b914713f96d93947c
pc1a27b82bf5d02c014e5b51c78aaa4cf,c99442e94b8aedfaff00e0752719ee7b9
pc1a27b82bf5d02c014e5b51c78aaa4cf,c8c88565cb04f9c9f8cb8c9cb9309d1f2
pdea52c7fc3710e888fea36f3a47a1cf0,cc1277123570e7d399d8021afb48f0b1c
pe353dbe42c8654f33588d4da0b517469,c77631ca4f0e08419b70726a447333ab6
pfbff9163fe40f32b65d12867125aabe0,c03c2e7e41ffc181a4e84080b4710e81e
pcb74dbd7b0536616dfc920eb4196273f,cc7feb1ce1dce8dd2da59208e69e83dcf
pa07d2f9ef20d3e404a90d8b989b7da81,ca4704fd35f0308287f2937ba3eccf5fe
pa07d2f9ef20d3e404a90d8b989b7da81,ca9d2534e7355c3065e78c1bcd0986eb2
p261a7464615194a8b1f8290693a8246c,cad1ec60c9e1f10f6a9f5d9f2c5254bc6
p261a7464615194a8b1f8290693a8246c,c4b1b4dc8cf38b3c64b1d657da8f5ac8c
p261a7464615194a8b1f8290693a8246c,cfa3e5edac607a88d8fd7ecb9d6d67424
p905a74314a8be21b849660727bf1a2fa,cac70412e939d72a9234cdebb1af5867b
pa40cfdd4c3fd0a2f346b128d079106aa,cc172d0b7b7d4c61a931d50369d37b11f
pa40cfdd4c3fd0a2f346b128d079106aa,c47c14840d8e15331fa420b9b2f757cd9
pa40cfdd4c3fd0a2f346b128d079106aa,ced98fd4f2d1aeadad43670b2d07d5b40
pc7772a6160d3a95c73b7d667f1736c75,ca4704fd35f0308287f2937ba3eccf5fe
p392c36ed4b026b48da88322438a2f2b2,ca4704fd35f0308287f2937ba3eccf5fe
p80fddd37b59ddcaf8c22b0ebaa8f6ca8,c60e46aeaed758964902dd7ae99858f03
p157b469fdb8c21a15a40c4f96da1c0a7,c77631ca4f0e08419b70726a447333ab6
p34ed6d924a80c4d1a4591a0a59c25317,c72cc70aac8720ea030bf1a412422537e
pdec76c0cd132123ed4f146e282ba131c,c2770fb7b80f3c459d058bd4ca341a42b
p11e0eed8d3696c0a632f822df385ab3c,cd70cf7dc4f97545c95520fe97b6bd350
pca75570fa0bfea01006dbba5f643e86a,c77631ca4f0e08419b70726a447333ab6
pb527d6d833d7294d7d9f9be2ebdeb60f,c9139ec6f0890e320c49fb778a7a2e3b5
p6f9a2c20b4b90282bdfadae83a4069c0,c77631ca4f0e08419b70726a447333ab6
paf1f6d0edba76bd05b6daa1cc6136e6f,cb133ad579435cfc931fc4843bcf0256d
paf27bd83e1516bc1845499a9b6e58761,c3a69b34ce86dacb205936a8094f6c743
pc21cabd84973e279250dead82f160f56,c4f11950e3e2628f6c5afd38f3e692203
pc21cabd84973e279250dead82f160f56,cdd47febfc66f3919761d0eedf7eeb80e
pc21cabd84973e279250dead82f160f56,cfedf7ba6075fb5526a7ace0b9385528d
p9d8db1bc4ec611328509b78533a8bf9e,ca4704fd35f0308287f2937ba3eccf5fe
p92b1da7e5ff29f60009a476392a17ecf,cd52387880e1ea22817a72d3759213819
p92b1da7e5ff29f60009a476392a17ecf,c7acea768faa38ac5ca6798c85785a5a8
p92b1da7e5ff29f60009a476392a17ecf,c827452688eed02a12178e96f924ac529
p6ec531137c6dc2780d2144888cc235a0,c93b35952d0f7a6db338dc3cbc4e43df7
p9191e73d138bddc8161e6b536faa8e5c,c5ef1fee24721e732203e36ba2ba9c5d0
p9191e73d138bddc8161e6b536faa8e5c,cbf2f9a21db2f8ae24e4cd56133c50971
p9191e73d138bddc8161e6b536faa8e5c,cee9a01d8d817e67242c8566698462e6d
p9191e73d138bddc8161e6b536faa8e5c,c0c60b3967cd3d75d624a2c1bca757cde
p9191e73d138bddc8161e6b536faa8e5c,cb18cd1b5751de4814f9d8e187139f78c
p0535090f4db22382f9f9fad2025af185,c77631ca4f0e08419b70726a447333ab6
pb02333fd8415f3f06081be6bcd844208,ca4704fd35f0308287f2937ba3eccf5fe
pd018a84d96f8fbcf97bd5be3f756751a,cfd69c5cf902969e6fb71d043085ddee6
pd018a84d96f8fbcf97bd5be3f756751a,c01122a97dca927210827560cb7d76af8
pd018a84d96f8fbcf97bd5be3f756751a,c423e555c5ec3885f2bb5d9d2d6627f63
p677027dba99782a421d17b0a5f9d7a9a,c77631ca4f0e08419b70726a447333ab6
pb88716d1c041d3cdb6dc052f74ec5d1f,c35ba1271dff4019593d3034c929e1bbc
p19f46ef5847f66ed28472399128e65f6,c60e46aeaed758964902dd7ae99858f03
p65db11f358d6f3b0aa6e59fe24bb5a4b,c84a8921b25f505d0d2077aeb5db4bc16
p5efdc2ddf7a41ed7a888afb378658da5,c07a3dd247ad6bec7fe401aa11619959f
p5b485422aaa12e27c8bcf5a0e20ffea9,c4e97aeeaa8b15ca1180fcd1f3ac478d1
p5b485422aaa12e27c8bcf5a0e20ffea9,c843e353f7a5a6842b926bf213dfefe86
p7d21d568ee798fb073e4afd0903cfa7d,c39e61d57e9209611edd4f884e9e47c11
p7d21d568ee798fb073e4afd0903cfa7d,c843e353f7a5a6842b926bf213dfefe86
pdc985524c60dadb960550cb20fb147cc,cd6ee70e770c59e3596d9ed94a010bd6f
pdc985524c60dadb960550cb20fb147cc,c8af0f5c3edad8d8e158ff27b9f03afac
pdc985524c60dadb960550cb20fb147cc,ca840409441ca0fdaa1f999e884d0c3ec
p122a5be771e882e2c85bd5e8cf95802b,c77631ca4f0e08419b70726a447333ab6
p122a5be771e882e2c85bd5e8cf95802b,c971fd8cc345d8bd9f92e9f7d88fdf20c
p122a5be771e882e2c85bd5e8cf95802b,c0359d8eb3142b3ff7f3e39fc075105d7
p134416e1715cc75528533c8911816ec0,c77631ca4f0e08419b70726a447333ab6
p0dad89ad96a19181c92f9dca4c8af7a9,c08af5a3dd894d145eeb8d838145a811b
pc39e62c81fb4ed5bf80ae24a8bef41d2,c6cec4a985ab55185529e417f7fe091af
pc39e62c81fb4ed5bf80ae24a8bef41d2,cd4980617892420cc149c6ac4b7b6a06d
pc39e62c81fb4ed5bf80ae24a8bef41d2,c7c19187658a47ad3a75437e4ef5a62f6
pc39e62c81fb4ed5bf80ae24a8bef41d2,ccf33608f1dd7f447ab3914d226c10202
pc39e62c81fb4ed5bf80ae24a8bef41d2,c98402eecfbcefc336954458a01752131
pc39e62c81fb4ed5bf80ae24a8bef41d2,c5b57d08a00c94ba2fef1c739c690f364
pc39e62c81fb4ed5bf80ae24a8bef41d2,ce04d1bcee667afb8622501b9a4b4654d
pfdb27ccf1069b9baee23f7f50cb0d589,c7c19187658a47ad3a75437e4ef5a62f6
pfdb27ccf1069b9baee23f7f50cb0d589,cf8c62474c5dd99164f4db29496a111d9
pfdb27ccf1069b9baee23f7f50cb0d589,c8e741fcb38041e4493936ad48af358fd
pfdb27ccf1069b9baee23f7f50cb0d589,ce179cd8b54895a1ba725d04c6e436013
pfdb27ccf1069b9baee23f7f50cb0d589,c74b9a4b5806b5fb097a3548daa57fdc7
pfdb27ccf1069b9baee23f7f50cb0d589,c0e9d88a4af4feeb0592737101eae1d1e
pfdb27ccf1069b9baee23f7f50cb0d589,c31ca059a99f12e9db38e90984ec31c42
p63e33fdfb69d84b701620ad4c65a7174,c60e46aeaed758964902dd7ae99858f03
p9193d89aab797d49c0563efe4c6365f3,c77631ca4f0e08419b70726a447333ab6
pfe25d5f19d628e00376c812f9be22de5,c77631ca4f0e08419b70726a447333ab6
p81e7719c1e20a9953873222fcca91386,c32970f54c315ab41c0582e2ed8eb4a7c
p81e7719c1e20a9953873222fcca91386,c86c1e32c05338b57578313d8a6fa892d
p81e7719c1e20a9953873222fcca91386,c4c3880bb027f159e801041b1021e88e8
p24ae15f04ca897da7bba643451fb5f98,c77631ca4f0e08419b70726a447333ab6
p24ae15f04ca897da7bba643451fb5f98,cda009f2198c5a6e44656c91ddcecf341
pfd4c62358666e490ffd2fc6658788c39,c77631ca4f0e08419b70726a447333ab6
padd74276cc0023c642180aa5ced6c64d,c92d3a56e45f42d8178a4d201b14d6a1c
p1da5aa87c3f2232e770aa7d560e76c32,c87bfc8a76da7497bec96c0895ce458a1
p1da5aa87c3f2232e770aa7d560e76c32,ccbf44511d041dc6d1dd73cc0c033122c
pd2dca923395e74779425e73ea61b035e,c718179b3bcff69a9d3f010aca0e9901a
p606a81b602e3b71a5e35f5198e4a00bc,ca4704fd35f0308287f2937ba3eccf5fe
p606a81b602e3b71a5e35f5198e4a00bc,cc2cc7082a89c1ad6631a2f66af5f00c0
p606a81b602e3b71a5e35f5198e4a00bc,c47c954121886a5e5aaca7eece461b56f
p468b8fe1946a4b2663bb0854cb46eadb,c52b8ffce119fe77b28034f2fdd35eb5f
p468b8fe1946a4b2663bb0854cb46eadb,c7481c057222d9cd6533531c266b5ca39
p468b8fe1946a4b2663bb0854cb46eadb,cfe9bf79396cb093675bcd87ba6ffe56d
pfc833e0ac2c5b8c4d7ff0e19ec49d602,c99ffe63a11891e9f275013e9dfc28552
pfc833e0ac2c5b8c4d7ff0e19ec49d602,c52bfb302990cbb35359e0104a619ce5a
p0ac942c48031b4e98ef27d30691d8009,ca4704fd35f0308287f2937ba3eccf5fe
pc5ec6d6f2db0f7b387827512711d5bf2,c82c157eeaf8ddca2825cde531b58f0ee
pc5ec6d6f2db0f7b387827512711d5bf2,c43938d60fdd1fcab218c1cc0b0033ecd
pc5ec6d6f2db0f7b387827512711d5bf2,cfd69c5cf902969e6fb71d043085ddee6
ped569a36047d05d18ec913bd3ddf8e26,c1145080a0de16b4599ae68c1da4fc50b
ped569a36047d05d18ec913bd3ddf8e26,c64ef07ce3e4b420c334227eecb3b3f4c
pc32b851b2d509eaceb956f4debaa77ac,cf159e3b5b75d56b92e5123cc548f8e96
pc32b851b2d509eaceb956f4debaa77ac,ca7c7ef364971e753c5010b9b84b64c2d
pc32b851b2d509eaceb956f4debaa77ac,c0c81162e3cf6019e2134562e5103093d
pc32b851b2d509eaceb956f4debaa77ac,c675f2f2cf27b7d3454312f5a5e590aaf
p33d7a4ca1b430b6d3e538500d2ad5a31,ce47c11bbcdb83cf25ee17e4b91b6b2dd
p902f67813c3fbdd206421bfc798ca6d8,cf22794f69ce5910cb4be68ff9026570d
pccf15cbdb266259f73bcf50a6309bcbe,c2f5650e484fa195949ac6c8d11dca4fd
pd2a1140bbdd55a4794173f79e42daf41,cf2481eaec0f0951d6d9bf1f6f10c1833
pd2a1140bbdd55a4794173f79e42daf41,cd71e9d8cba9b7a7690de1f98094c3dfb
p8805b83a0ec632f2fc1bb2e87a9ed732,c986b20cc359e0bd03e82c78f04dff241
p8805b83a0ec632f2fc1bb2e87a9ed732,cd71e9d8cba9b7a7690de1f98094c3dfb
p8805b83a0ec632f2fc1bb2e87a9ed732,ce8b6e1ed98606407b326ff7585ebd8b3
p8805b83a0ec632f2fc1bb2e87a9ed732,c2a0dca4b25279f5c41574ddf08d87ba4
p8805b83a0ec632f2fc1bb2e87a9ed732,c9042fe54794e77c58da95cde5f5f9310
p61545b252ec57120c5b0425b4401a7b2,cc6947910bd3303a6d627d66788a16e6a
p61545b252ec57120c5b0425b4401a7b2,c8090e23ec0204e88859389f09ca04b04
p61545b252ec57120c5b0425b4401a7b2,c51f2731256f1a43578c97cf18d4c5802
p61545b252ec57120c5b0425b4401a7b2,cf649ead40a9d923936731706224f4d7d
p61545b252ec57120c5b0425b4401a7b2,cb7e9c6f7a17a63ddd8eeb999ec10ca96
p61545b252ec57120c5b0425b4401a7b2,cbff1d075efd58787eac4490b3dc63c18
p61545b252ec57120c5b0425b4401a7b2,ce29d3271fc0ee41bcd9d68a53bb5a685
p61545b252ec57120c5b0425b4401a7b2,cf958abeb8dbec60d93138d4f1990c1ad
p61545b252ec57120c5b0425b4401a7b2,c65ad407df47c6025e31308966dfe1382
p55f4bb97507879ab8c4a731dc1ae2909,c2e1b9b8bc1c0ecf35b60283449157929
p55f4bb97507879ab8c4a731dc1ae2909,c48f9bc699f289618e6dfabbab4d055a6
p55f4bb97507879ab8c4a731dc1ae2909,ce45d1505dc5d2f46315ec63ddb40524b
p55f4bb97507879ab8c4a731dc1ae2909,ca38a712a46e7d9d82c2426c764ecea54
p55f4bb97507879ab8c4a731dc1ae2909,c70ca9b8693723b699a626930ef4ca623
p55f4bb97507879ab8c4a731dc1ae2909,c29d36a18abfe64d8c99df41dfa174d78
p55f4bb97507879ab8c4a731dc1ae2909,cad6667653b5e48cf3d837ff444060011
p55f4bb97507879ab8c4a731dc1ae2909,c4beeae69572a9b60df62fe529e244393
p9a26732208b0faa2e9f3ada27aac95b9,c77631ca4f0e08419b70726a447333ab6
pea743fa95531b33d28522d74f1047648,ca1f2999e30039ae234c0831d7a24ace6
pea743fa95531b33d28522d74f1047648,cf29fabe637a472bf5222b12a0bc5df77
pea743fa95531b33d28522d74f1047648,cba7232c7dd8a21aaa0b961b9356cdebc
pea743fa95531b33d28522d74f1047648,ce91e6348157868de9dd8b25c81aebfb9
pea743fa95531b33d28522d74f1047648,c64ef07ce3e4b420c334227eecb3b3f4c
p3a1ce5eba0cdb91e1c4d2efcf170d848,c9ab545a5ce943f50e5d2f1223ddaf254
p3a1ce5eba0cdb91e1c4d2efcf170d848,cc4c696d78d97d24ce69ebe19fd7f8483
p3a1ce5eba0cdb91e1c4d2efcf170d848,c2bf8e985d63ece95d849a7485afd4691
p559573545c3c1a73d17fe998c9f4dcea,cf434668d1da82d4c2d1690f1df7b35bc
p559573545c3c1a73d17fe998c9f4dcea,c0b27de4a97ba5e8c69c5d5896a713132
p559573545c3c1a73d17fe998c9f4dcea,c6ccf929934691710135f3f0df7cc43c5
p559573545c3c1a73d17fe998c9f4dcea,c8ca30add586790e257d7a5d9e60616b3
p559573545c3c1a73d17fe998c9f4dcea,caadc2e16d30e8efcce590db78d8abb3d
p1d0f8a47fa41813be6d2655b5bcdda18,c9e083ec666c9f3db044bb7c381640227
p46995dde52fa1eda9753b62a2c40319b,ccaa20be848e6976ca02673607319eb51
p46995dde52fa1eda9753b62a2c40319b,cdf2c63c042a67aaede4818716d2d7a48
p46995dde52fa1eda9753b62a2c40319b,c57d6e3e7d340939ba67f2bd486219e14
p46995dde52fa1eda9753b62a2c40319b,c782f5c05f3ab30bb99a1f84b0804d1ca
pd8d17fa6cb5276f6c00e7787f58301e6,cadb52c752fff890a7a2b3be07cc9c0d9
pd8d17fa6cb5276f6c00e7787f58301e6,c63f69c7f958795918b41fbcd71a8c811
pd8d17fa6cb5276f6c00e7787f58301e6,cf109af57b1121cbae96cd774d40ed7bd
pd8d17fa6cb5276f6c00e7787f58301e6,cc70a904daa782dd468095c92363dc079
p4a5c6b1206787526346154b19ea50f83,c222a267cc5778206b253be35ee3ddab5
p0b13ef2a3709053b02079761c9a2dbb8,c77631ca4f0e08419b70726a447333ab6
pc73d1eb1ed25af5632f4036d337659c0,ca4704fd35f0308287f2937ba3eccf5fe
p8c7394a95d48c117258421b67aff298f,ca82be0f551b8708bc08eb33cd9ded0cf
p8463204e878870b2a73f92c8240a4b55,c452653085babc8e959485a9fada702c6
p8463204e878870b2a73f92c8240a4b55,c952859ec92e9f3da8b57750eee777afa
p8463204e878870b2a73f92c8240a4b55,c95d0b5426259be3b618e67b123003f0c
p8463204e878870b2a73f92c8240a4b55,c5c18ef72771564b7f43c497dc507aeab
p8463204e878870b2a73f92c8240a4b55,c0833e1b03cf6a27bbb5febc738dd2e57
pf3ca29f18b5cd3719b408e5125d491d9,c820b8f74ad843d1574106ec4cadfc07e
p5d63b2f2835c342c8bb7bdbb30dcc0c6,c4e68c9ab3af73f1f52db99b282481fc1
pb63c3fd7c3ec8f1a279282446970fb68,c4e68c9ab3af73f1f52db99b282481fc1
p8c4fdfc7c8b17507792f06383f9fc185,c7407fb7e6a4df6392aaabd2368157312
p8c4fdfc7c8b17507792f06383f9fc185,cfb1b6e23a3767d2a31ef7899e6dd3f1e
p8c4fdfc7c8b17507792f06383f9fc185,c086247a9b57fde6eefee2a0c4752242d
p9ab4156f864339490f392adc9fbe5efb,c77631ca4f0e08419b70726a447333ab6
p80c95284d544f284c96f614ffa814a92,ca4704fd35f0308287f2937ba3eccf5fe
p80c95284d544f284c96f614ffa814a92,c34e2d1989a1dbf75cd631596133ee5ee
p80c95284d544f284c96f614ffa814a92,cc4d73b22e1efa7b4cf555a4268c99720
p959d573fcd3255709778f06f64692380,cb0a6bba4af2ae76641fdd8e8c87cb3ca
p959d573fcd3255709778f06f64692380,c93d1ba74926cab0c0ce27908d9da0197
p959d573fcd3255709778f06f64692380,c3964d4f40b6166aa9d370855bd20f662
p959d573fcd3255709778f06f64692380,c771f60e7436ebcf06fd6cbb02cf4be4a
p959d573fcd3255709778f06f64692380,c30995bc861a2c6740f4c6a613a92f2f8
p959d573fcd3255709778f06f64692380,cf38211b1ebfd380abfcbdee70f1c0b40
p959d573fcd3255709778f06f64692380,c90d4a71888d8ca05fb28b53e09b8283f
p265f8f67fd046cd99e2b6b5186dc6544,cfb152dffd38213996eaf3fa6fc7f9377
p265f8f67fd046cd99e2b6b5186dc6544,cb83de8f0ae45748289ffc9328aa57c94
p265f8f67fd046cd99e2b6b5186dc6544,cb98470db6511b986fab725359793910c
p265f8f67fd046cd99e2b6b5186dc6544,ccc9856b5bbbc79a0211fe16df6fd6324
p265f8f67fd046cd99e2b6b5186dc6544,c0d5b6d2408281d2e60ffb91cfe72de51
p265f8f67fd046cd99e2b6b5186dc6544,cc721c194868aa8085632d3cb0bff10c3
p4a5726f45feed0942bc5680b9a2aa7eb,c77a07e249971e00ce42d5d47fb579618
p4a5726f45feed0942bc5680b9a2aa7eb,cb79f0fe59e235fd09d44bdb3c79bfae0
p4a5726f45feed0942bc5680b9a2aa7eb,cfbb725b92cd9f96718d58346b4cc0df1
p4a5726f45feed0942bc5680b9a2aa7eb,c44c94e79dd60b8dcfdd20d4e32467718
p77af72e05ac3067a92f866314b8db6a4,ca4704fd35f0308287f2937ba3eccf5fe
p76b829049ba951acdbc644f70617e3a5,ca4704fd35f0308287f2937ba3eccf5fe
p76b829049ba951acdbc644f70617e3a5,c2c4817abf85cc7dfaaadf127e3d8e244
p76b829049ba951acdbc644f70617e3a5,cf788561db599c30ee4958498e8501d09
pab3f0fed8e587ed8d46ed0bfcd93c46d,c23f7245fccee2e4f5261bcca160d3093
pab3f0fed8e587ed8d46ed0bfcd93c46d,c4d7d53f587343ea37821b2c325350ba5
pab3f0fed8e587ed8d46ed0bfcd93c46d,cdf41a0689fbca1dcfe8387c21523230c
p05d5ebfa107ba86f3c84dda11ef392b0,c8b18d9845744f050df7223e98dda8694
p05d7f64ae12c30bceef8c176631b04e5,c104b8923629f6502329186b7770707bb
p05d7f64ae12c30bceef8c176631b04e5,cfd27f01aaa6e98426267a1d710ded14a
p05d7f64ae12c30bceef8c176631b04e5,c96a6cd008a8e4c0c65f2f26a56f32149
p05d7f64ae12c30bceef8c176631b04e5,cf489a0a983fc552f005937b042ca269b
p311b1431290b1894a6256a66653be284,cef432a595b8399bb5a99bb7be17ca191
p34d1e58c4fbf4229593c51f82a72dda7,ca6c976387577732f9631166ed818f591
p34d1e58c4fbf4229593c51f82a72dda7,c33c565eeccc5e304396910614acb8af7
p34d1e58c4fbf4229593c51f82a72dda7,cf8c04101b1d66ea892ecab5338b38bcc
p34d1e58c4fbf4229593c51f82a72dda7,c3267b2920be6cfeeb7682af4ba5da598
p34d1e58c4fbf4229593c51f82a72dda7,c66e037fa20cbaaca6954345dad3b0fb2
padb9fdbf186edb69575d8ba5b5b23d60,ccae6404c4aecf46684930fe2a86676a6
pb9c60c2bc2bc0e89028bd57114c67eae,c639af8384f00ccbe2e95856f17bf26a4
pb9c60c2bc2bc0e89028bd57114c67eae,c2d63188a3e737fb3d3cba84a90b07475
pb9c60c2bc2bc0e89028bd57114c67eae,cae8e8d23c8793a5a0240d2f0ae32a7e7
pb9c60c2bc2bc0e89028bd57114c67eae,cc322b70484b3308cfe57e204e1ddb240
pb9c60c2bc2bc0e89028bd57114c67eae,c7bba5d01d3778f550d69f87dca50fc3f
pb0e14b291534cd0a3d0a84a2eea7e98d,c2deb9002fa0e0f57cdd9cbcd82dca1b7
pb0e14b291534cd0a3d0a84a2eea7e98d,c38f5be489f79b392a328cb050b3e9c3e
pb0e14b291534cd0a3d0a84a2eea7e98d,ceadff9c63b3efd4f7269fb2dd6476fde
pb0e14b291534cd0a3d0a84a2eea7e98d,c114faf5b225341a00f29d93d30ca0028
pa0da8eddc9c03e62c94b2bb371f982da,cb8da6df14bf06283cbf588df6998722e
pa0da8eddc9c03e62c94b2bb371f982da,c4b1b4dc8cf38b3c64b1d657da8f5ac8c
pa0da8eddc9c03e62c94b2bb371f982da,ca4704fd35f0308287f2937ba3eccf5fe
pdf0c56907a0a2806fa98cead5ab94289,cddfdc2a2b4c277158589a9f95fa2fbd8
pe122d36552a5cbbe3aadd961a1c94e4e,ccf270e40d273f9e7fd7c3061729060c3
pf2a7b10c6d0a97518e32f9cc525da063,c222a267cc5778206b253be35ee3ddab5
pf2a7b10c6d0a97518e32f9cc525da063,c1cc6e91785bf1a950ca3424ff3ccbcb0
pf2a7b10c6d0a97518e32f9cc525da063,c35ba1271dff4019593d3034c929e1bbc
p17ae4753daba3e07f9b4731796fd5359,c271aa2fdaeb524af30faf88584424763
p17fc78462d20742681bd4f21f940543e,c1f2c282c0a3cd84869027e5ea2f5bf80
p17fc78462d20742681bd4f21f940543e,c00e6c77594614c63f1a543c7056159f9
p17fc78462d20742681bd4f21f940543e,c8a7bdba9c932f268ef73922c0dab071c
p17fc78462d20742681bd4f21f940543e,cf6db6e62bd4eb32c1c211436b01cf418
p5f4e5ce1f997c5e848476eb4be10e780,c027a5217b659e8bedb70978dea494d6b
pf321ef15348c27b336ba55ac5e78701f,cfebd2e6375ba37e2e17d3bf29f70e5ec
p82a71894a4b9bb522c44067e8a60905f,c77631ca4f0e08419b70726a447333ab6
pc01de505176408982c3d1b7e5582e08b,c77631ca4f0e08419b70726a447333ab6
pc01de505176408982c3d1b7e5582e08b,cc8205c7636e728d448c2774e6a4a944b
pe1ec7cc5545076298c975f79a4dc34be,ca4704fd35f0308287f2937ba3eccf5fe
p15ae6b6810d21dbef863697fe0e23597,cddfdc2a2b4c277158589a9f95fa2fbd8
pdac5ece95257957fa442bc023a307b98,c77631ca4f0e08419b70726a447333ab6
pbc2171939d3424aa6917453e56cdc9c2,cadbf4737160e10be825f4fbb5309fc0a
pbc2171939d3424aa6917453e56cdc9c2,caecd275691f97066ce8726b7468a336c
pbc2171939d3424aa6917453e56cdc9c2,cae8eda36e1283e303e8a611b6fc5d19e
pbc2171939d3424aa6917453e56cdc9c2,c9af3f60fec051a4b4ccfe07f156e1396
pbc2171939d3424aa6917453e56cdc9c2,c38daa44207b62c3a8706fe9fa16348cd
pbc2171939d3424aa6917453e56cdc9c2,c2c271d464e37e9050198520140c51f13
pbc2171939d3424aa6917453e56cdc9c2,c57a683506d5b23e99241fa1ea2ef73e1
p061169578c5b4cae98df8860775af437,c15800a60d4e7b6e48da83d7b95a9c066
p6a5ad199ee1c88d38329a3cee73b2554,cb4c2b550635fe54fd29f2b64dfaca55d
p6a5ad199ee1c88d38329a3cee73b2554,c3e43207685247008d9e1ae53ecf8cab3
p6a5ad199ee1c88d38329a3cee73b2554,c03937134cedab9078be39a77ee3a48a0
pc2ef61df5afbd2143ad3770f387ccc15,c77631ca4f0e08419b70726a447333ab6
p4d0bd7fa6c7d8eef35e812d530cf0eee,c77631ca4f0e08419b70726a447333ab6
p4d0bd7fa6c7d8eef35e812d530cf0eee,c101222f5de28a8ada8477a7dd32d01ac
p7b6270e1d20ef7f9b4f781cf6605e71f,caada29daee1d64ed0fe907043855cb7e
pe379fe3646756a7f68ede15cc7a84a84,c975826920e100645fa7b60f265742446
pcb4ee43cd3e5b35866a6d97dc991d980,c77631ca4f0e08419b70726a447333ab6
pcb4ee43cd3e5b35866a6d97dc991d980,c45ebe6bd838f67040a398bf6fd40841d
p51c55ecae0b1ced7733b7e152443041f,c77631ca4f0e08419b70726a447333ab6
p51c55ecae0b1ced7733b7e152443041f,cc8205c7636e728d448c2774e6a4a944b
p46d653d3260b3b8fc4424b12cd133ecb,c8ceff07c3d48bff84bff102c6677e711
p46d653d3260b3b8fc4424b12cd133ecb,cabda25a99881ca1d76539e3a709332b6
p46d653d3260b3b8fc4424b12cd133ecb,cf6ba12c41a831c701112c77755a69df6
p75944bd3bb94d54517c2cdef811fac46,ca4704fd35f0308287f2937ba3eccf5fe
pa57286aed36a462618423fc1eaaf23c7,c1e984dbe12c8a779526c498701b8bc73
pc47b88d89700206ae0ee896c9dac4ec2,c06c2cea18679d64399783748fa367bdd
p462a0981654a5bc9135ad168e8f2d931,ceae639a70006feff484a39363c977e24
p92da8de10b1045c99d61a6e0e35ada5b,c77631ca4f0e08419b70726a447333ab6
p83e86df5ad39a0afbd3846e303dffd04,c77631ca4f0e08419b70726a447333ab6
pf281c7221afbee4c027b6f494d4ae888,c77631ca4f0e08419b70726a447333ab6
pbecb585217479147de88ca6f938d9eec,cad1ec60c9e1f10f6a9f5d9f2c5254bc6
pbecb585217479147de88ca6f938d9eec,c4b1b4dc8cf38b3c64b1d657da8f5ac8c
pbecb585217479147de88ca6f938d9eec,cfa3e5edac607a88d8fd7ecb9d6d67424
p0e7d7baffb3adbe5ee526373feb75de8,ca143f1aeb36a38d1814609f13027e12a
p9f1821868be3bd73c57bcdc2b8122781,c4c72d232d1a1406e6c26251bbf6c3b25
p9f1821868be3bd73c57bcdc2b8122781,c185ec3ece71e6873edf517d5401192a5
p6e03b2401a3f247a6e60b1b5b2cec188,c2ed1afe3c9215523e4272f46e6186b31
p6e03b2401a3f247a6e60b1b5b2cec188,cad1ec60c9e1f10f6a9f5d9f2c5254bc6
p6e03b2401a3f247a6e60b1b5b2cec188,c4b1b4dc8cf38b3c64b1d657da8f5ac8c
p0fda6ca444f81430ec7d866f7b3034d3,c60cb02cb6abf784e39de55af19d6a670
p23e1dc24c642f1f427ab8d87ea9fc797,ce16b5b7f26f54214445cbe38d72c2828
p23e1dc24c642f1f427ab8d87ea9fc797,cf39181116a0042e3b50710c2a1e70f74
p23e1dc24c642f1f427ab8d87ea9fc797,c91e475593218d6580d3aca41253abc01
pd2209a3e07bf47129894e57a53e46e22,c929f47df8202b445a47ebd49d74555b0
p1014c74222db9b0b24513ff7a9829a25,c77631ca4f0e08419b70726a447333ab6
pe327f691a8e006cd05a4e06c386e66ec,ca4704fd35f0308287f2937ba3eccf5fe
pd5de71c79e35f01e2b532a9fc3a3b7dd,c08bbaaef7ba3ba833dd326255d137f11
pd5de71c79e35f01e2b532a9fc3a3b7dd,c35f35fe579c03a9a6a217efff2494bb4
pd5de71c79e35f01e2b532a9fc3a3b7dd,c8af0f5c3edad8d8e158ff27b9f03afac
p004c9a174d89338187030eac6c4afd4b,cc178ab306d687db75c3a654ace13e81d
pea3e212816e7f3dd665a184382abd714,cc7ee61e0be3ab2116d455ef1e3200c99
pea3e212816e7f3dd665a184382abd714,c080804b915884e91a0fdcaef05eef549
pcc6da4be348e9c04a035cb4dd8e9e779,c7241cd05e181f32e761da80b20e5ce68
p8bb9f5e75498121e9e118346264057d5,c63f52c44034c82dffccc84344a124db6
pabf3277755a1ef63ac2ecd7f6691356a,c9d0996a44c6d51cf223e833dceecb286
pabf3277755a1ef63ac2ecd7f6691356a,c98ded198ba3a0a30e7cc64e4a6a93f45
pabf3277755a1ef63ac2ecd7f6691356a,cc5823899096e70d9cdffe66169cddb9d
p1a97c5dfe9ef5f902c5a9757487c69e5,c60cb02cb6abf784e39de55af19d6a670
pc01416c34338a8e30afba63a9a67a489,c77631ca4f0e08419b70726a447333ab6
p376950a02e1cea249e2a30669ff87a2d,c93a3dac9f6f376ab6f967314ec375687
p376950a02e1cea249e2a30669ff87a2d,c0fce192be1061d52c0fba32a9468b09d
p376950a02e1cea249e2a30669ff87a2d,c3ca9bde214c4daa3abc45af4d9d61a76
pf65c393a6f9e9111b85302fb7ed7257d,ca4704fd35f0308287f2937ba3eccf5fe
p99c498b5cce8773c625261a08ac5bf57,cbe38c0ad5dfd34ba4f67c5fbf4a7769d
p99c498b5cce8773c625261a08ac5bf57,cc8dfd3addfd3ff5cd7206f24dbb7b113
p99c498b5cce8773c625261a08ac5bf57,c7aede49e48ba5f87e021f30abec36791
p97506c93970cde10e5aaa7ea607a91e2,c77631ca4f0e08419b70726a447333ab6
p97506c93970cde10e5aaa7ea607a91e2,c6132295fcf5570fb8b0a944ef322a598
p1debe80782bf9434f526e3e1c741c377,c246d155780b0827ede6772955f1854b3
p1debe80782bf9434f526e3e1c741c377,c05dc4afe009464372a1191713caece68
p00fc442bbc6e2d97d6045ed3239afb16,c03bfaee27b3b5cfb28deef84a0f416e5
p00fc442bbc6e2d97d6045ed3239afb16,ceb6d8ae6f20283755b339c0dc273988b
pe9158b168e0fec86bbb45fdd8fc63adb,c77631ca4f0e08419b70726a447333ab6
pe9158b168e0fec86bbb45fdd8fc63adb,c9b6545e4cea9b4ad4979d41bb9170e2b
pe9158b168e0fec86bbb45fdd8fc63adb,cf027f27d0d548351e4d362e9b90678a9
pc1f7789de772431c8470b8d25aeefb1d,c77631ca4f0e08419b70726a447333ab6
p0b1c5f1ced9527f5000a974358d5f5f8,ca4704fd35f0308287f2937ba3eccf5fe
p5ec9e58da988b785e6a2b84b63a0b51b,c827ebdf1a7bb5a5085da7c8e516180b7
p5ec9e58da988b785e6a2b84b63a0b51b,c2dfee1c718e9ae657d4f74d2e3a8b7da
pff7cae6439ffb2ff086a2631bb90dc4d,c0d61f8370cad1d412f80b84d143e1257
pff7cae6439ffb2ff086a2631bb90dc4d,c8337107bdc8203958177f55a772628e4
pff7cae6439ffb2ff086a2631bb90dc4d,c8ad3ac3b37da9462c65a4ed9d3c6a86b
pff7cae6439ffb2ff086a2631bb90dc4d,c9d6d664209abe738390af710abed6017
pff7cae6439ffb2ff086a2631bb90dc4d,cf3453ce44685398a83b7fe3902d2b90c
pff7cae6439ffb2ff086a2631bb90dc4d,c4cca2d031018977241ff72c723b3d93b
pe1aa21e8cfa05184c11b504e4c12e6c6,c77631ca4f0e08419b70726a447333ab6
p163d41355451ee04cc4e8568ec0c88f8,c8b78001ac999625de3787acfc3b5b2c5
p572681834f961cf07d7beda23a7e9ad2,caea23489ce3aa9b6406ebb28e0cda430
p88340cea814810bda4f430507e426893,c222a267cc5778206b253be35ee3ddab5
pfabf8077565ee5f8cbcd417f26a807d3,c415937f73524fc3a3409bd7b5c7288f3
p1e824b880b13178a81146e49b67bb3c9,c77631ca4f0e08419b70726a447333ab6
pe8f141e57e70aefae121130bacffff53,cc1b1b8e1c17594d9ffcec85e34d39c8f
pe5e4e17255051f71712021d988fab754,c1983e50ac17f616255100282439f8ecf
pe5e4e17255051f71712021d988fab754,c03652605b04b8493af507e5b73eed7c6
pe5e4e17255051f71712021d988fab754,c2b1b78c96448cca5d0d1d3a9e2b1caed
p0b2d83f59e6504075a67c95064997eda,cf2a547f20bb917c78fd87bdd8215e611
p4ec65972d3dc72280d378b1e2b28c61a,cf7f4264e04f5892876019901c2bb0286
p4ec65972d3dc72280d378b1e2b28c61a,c60b41232a7afccdd335ecd96fee59bd3
p4ec65972d3dc72280d378b1e2b28c61a,cd098c79b35e811d0d88db17f183ca85d
p4ec65972d3dc72280d378b1e2b28c61a,cbd0ddc3412094f6cc43a30e755e9aa6b
p4ec65972d3dc72280d378b1e2b28c61a,c20c39e81fa85fc0d909d84d686bdaed5
p4ec65972d3dc72280d378b1e2b28c61a,c4b3f24573ab6216e3cd5ba5620a532d0
pb04c2b490450f7f9df2ffd10d30bd383,c77631ca4f0e08419b70726a447333ab6
p7d5629b248e09aa935bda0b8cfb24141,ca7cf005bb511b203df0e377eb953dda6
p7d5629b248e09aa935bda0b8cfb24141,c07e01d7a96d9fd76cf08aa5916f7c788
p7d5629b248e09aa935bda0b8cfb24141,c8af0f5c3edad8d8e158ff27b9f03afac
p71af33bd5d91e170d26d342e71cf11ed,c87d17f4624a514e81dc7c8e016a7405c
p71af33bd5d91e170d26d342e71cf11ed,cc8205c7636e728d448c2774e6a4a944b
pe98beb1f0184aeca18c53195fe284c60,c3027001e66d3a1e4b1adcb042972f0ea
pb5e84fdb6e2b43dbfa08a57b0946c044,c78f7ae96bb4ed51c106b4e448ba71ba4
pd19fc868a1816d11fa14009a1a9041b4,c5ae7fb3197b6fd8c723c7766a5680e2e
pd19fc868a1816d11fa14009a1a9041b4,c87374a5ff147c456329ff21ccaa0c205
pa30e9a934cdb958ceaa04111a378a43e,ce7c770a61dbdf81ca922ae0260e327c1
pa30e9a934cdb958ceaa04111a378a43e,cce5dcee0dbc496743f68d2911b7cd05b
p7946d89574d5e9f1e0e9ef1e6b5f4a4a,c90bf0fbd91f7fd49c297bd0944d74707
p7946d89574d5e9f1e0e9ef1e6b5f4a4a,c679fe1db8dc7308e44404587d0348c5e
p7946d89574d5e9f1e0e9ef1e6b5f4a4a,c68f5990bc906fecbb278798a9aa9dff7
p0380c7ee2d71fb4edd17bd337bde7914,c41178642cae095a6bdb909119b4d16e8
p3cfeef22b48996a2a493b8f3556b3a97,c82d9ed2cb89069c6ba60b27c812979fc
pf91e6ca2c7ee635e87be3d395eb33ed8,ca4704fd35f0308287f2937ba3eccf5fe
pf91e6ca2c7ee635e87be3d395eb33ed8,c4bac8b29a785f62220607ed2d9aa85c0
pf91e6ca2c7ee635e87be3d395eb33ed8,c1b531ab76343253f9e0f23228acaee0a
p1fb35f01f061c519960827a4b14e24b4,c8218dede85f620da6a8330c4df3fb52f
p1fb35f01f061c519960827a4b14e24b4,cae0c5409f299115335a46e161a574501
p1fb35f01f061c519960827a4b14e24b4,c9a85244cfb1838062f00a1f3d1a89018
p1fb35f01f061c519960827a4b14e24b4,c59f2da35bcc39525b87932b4cc1f3d68
pdd3546f7d9679916648ac482cebb8ad3,cf9a2859df1f2546ec9ecb272e28da6f5
pdd3546f7d9679916648ac482cebb8ad3,c34fff350fd88809513ceb81a2bbc8b2b
pdd3546f7d9679916648ac482cebb8ad3,c820b8f74ad843d1574106ec4cadfc07e
pdd3546f7d9679916648ac482cebb8ad3,cbb85f66cb13869db28ed2cfbb4f71924
pbfb206181e16906de0db75b4e8487a05,c862ec3485ba32605ae7175efac3f19b1
pbfb206181e16906de0db75b4e8487a05,c7f950dd398e97a32855a7413b4d918c8
pbfb206181e16906de0db75b4e8487a05,cff8ddfaa92d134447705879bdb2f5276
pbfb206181e16906de0db75b4e8487a05,c118cc552d2fe08a6321f2a724a166611
pbfb206181e16906de0db75b4e8487a05,cb5acf002de883922105154b4c520a3c6
pbfb206181e16906de0db75b4e8487a05,c1096d23285109ee57caef5f64cb9327f
p996aa9c554b094976f78713dd99421e2,c98ded198ba3a0a30e7cc64e4a6a93f45
pe45cfe2d6299766cff9d489eded732fc,c77631ca4f0e08419b70726a447333ab6
pe5ff88cd2a7a6b3c85929d1c336cd368,c3cddbb8f43a4e074e2c2ce3e8622f43e
p80f30b39112609cb46984f58dd4b81d0,c77631ca4f0e08419b70726a447333ab6
p0a86ed4324cc332722927b590f68a877,cf13eba9049cc11b79c21e5d686437239
pc2ef45e87dcf8864c242c9e131eb72bb,c8af0f5c3edad8d8e158ff27b9f03afac
pc2ef45e87dcf8864c242c9e131eb72bb,c78463a384a5aa4fad5fa73e2f506ecfc
pb1f88cc7a844fdb5a5605215e5cded3e,ce501816c98cf69ae0554cdb306a57828
p7464c40e72393e0f34005b78445953c7,c77631ca4f0e08419b70726a447333ab6
p7464c40e72393e0f34005b78445953c7,c93b35952d0f7a6db338dc3cbc4e43df7
p96b43b5d447957a36f940ebb7f20bf76,c77631ca4f0e08419b70726a447333ab6
p06ef67a2bce88d875d97506584dbdf9c,c365a7eac12c19a4ea716d4bac73473bf
p7414e75ed97d6df9d011d94d31df2931,ca4704fd35f0308287f2937ba3eccf5fe
p7e0baf2e59a785bd86e64b977baf604b,ca4704fd35f0308287f2937ba3eccf5fe
p826b22828906473570557b4e98e4453c,ca4704fd35f0308287f2937ba3eccf5fe
p4cfdc4781c6b90522d54cef29df6ca29,c8e8f80f69b775a56aad51f74c3ffa73a
p4cfdc4781c6b90522d54cef29df6ca29,cb702b2f14ef07b630836c2bc716d7541
p4cfdc4781c6b90522d54cef29df6ca29,cb4973248c9abf51a25ef754b0f50a793
p4cfdc4781c6b90522d54cef29df6ca29,cebae17841ce69e653df838d8c20ace8d
p4cfdc4781c6b90522d54cef29df6ca29,c40db945ac8a9a1ec8bbf8f3c3c4e003d
p4cfdc4781c6b90522d54cef29df6ca29,c8c754a8b160d16c1303fffb3428af16c
p4cfdc4781c6b90522d54cef29df6ca29,cda27787f68c18d9fd8c1d3b9e9fb3f6e
p4cfdc4781c6b90522d54cef29df6ca29,cefe79c321127e9bcc1ad7f6956d52ca6
p85d2d9641150e1f804a5f74993fd063c,cffc76680cc670c734ff4d0aeed7558f6
p3007fa0aa1989035a27244a340c2fe7c,ca4704fd35f0308287f2937ba3eccf5fe
p92060896e49a3ca652906628feedff13,c8337107bdc8203958177f55a772628e4
p92060896e49a3ca652906628feedff13,c26dcda5742ab454c1d64434b2ec4d9a7
p002e2d55940ade2ef685d23d74b123ea,c81791c4202479dbd6b13bd216ac86fac
p002e2d55940ade2ef685d23d74b123ea,c0fce192be1061d52c0fba32a9468b09d
p002e2d55940ade2ef685d23d74b123ea,cc1f458d128be89ecb3b6bb24894c5091
p002e2d55940ade2ef685d23d74b123ea,ce04d1bcee667afb8622501b9a4b4654d
p002e2d55940ade2ef685d23d74b123ea,c9b53e999d77dab568559dd6e19bcd2ee
p002e2d55940ade2ef685d23d74b123ea,cdc6867b53718f6ea313b31ff524a725e
p002e2d55940ade2ef685d23d74b123ea,c12683409ab697004a8b24eb6d363f5aa
p002e2d55940ade2ef685d23d74b123ea,c68c483c5490b7ebf26271a9ea598e8b6
pf87cbd9a7629f0b42efbfb23e3ebcfd9,c4854e5d3d3de8be066a2a863b1886709
p53b9f16661009a8b6c789f06cee5942a,c77631ca4f0e08419b70726a447333ab6
p53b9f16661009a8b6c789f06cee5942a,c8189ecf686157db0c0274c1f49373318
p53b9f16661009a8b6c789f06cee5942a,c6b2b5614a23abed4834b7cb7b91c6887
p196e2eef9d3a80a4e97df9a87d8818e8,ca4704fd35f0308287f2937ba3eccf5fe
p196e2eef9d3a80a4e97df9a87d8818e8,c25d72fc2c168b79ae5327878e134e6cc
pf1c15429c2af5afb411ece8ea93949f3,cd7a84a9fb236df685f29540da550488c
p38a08e074810cdaeeb38fb007db23513,ca4704fd35f0308287f2937ba3eccf5fe
pef067e2293ea384579bce7c393bccc80,ca10a9bcd450087de1ce1f80b35f44883
p7a510d802f5395a2c81b2df7a0f1bdce,c77631ca4f0e08419b70726a447333ab6
p48c6627d42724ad10541d2b02f12287a,c77631ca4f0e08419b70726a447333ab6
pc905640881c1795c127e9878d22457d1,caf29aa178ae43211319e28f627e96590
p3ecc4bdbba86dfa0c8bea09bdb9098ad,cad1ec60c9e1f10f6a9f5d9f2c5254bc6
p3ecc4bdbba86dfa0c8bea09bdb9098ad,c4b1b4dc8cf38b3c64b1d657da8f5ac8c
p48422287bac4275b9d00def8cb55f4b3,c2f11bced07af78b88fe03a5894e86382
p636eb32086f90e00fe633a10941cf971,cad1c9cd3e7b07e2c364c985f73188054
p636eb32086f90e00fe633a10941cf971,cc5b7460e9b0485d062c85e1feeadba33
p50be4319e9f426e8abac45e20d1738d3,cdae52b80711ee1029c7006f95018d300
pf2424e5a3eab015725a5982acdf0cc85,caa9d1edf15750600cbc92f1361943599
pf2424e5a3eab015725a5982acdf0cc85,c9b99bf7d2bfd4b09363304c166832734
pf2424e5a3eab015725a5982acdf0cc85,ce39862e7418e344c1e1f7a920c62ad65
pf2424e5a3eab015725a5982acdf0cc85,c5a8d9c1382bb71230ac5a323c40cd71c
pf2424e5a3eab015725a5982acdf0cc85,c127c926781d058ccca7d7f445b3010c0
pf2424e5a3eab015725a5982acdf0cc85,ce83d3fe72413a16d0036dc1965b81a70
p86ad0d593bb0f876b1a8b92a2fee92c5,c2dd4472245a696bc0b4b944db2a8b519
p86ad0d593bb0f876b1a8b92a2fee92c5,cc8205c7636e728d448c2774e6a4a944b
p3f0c5ae37d014fa3931b6c1f68b1e6d0,c77631ca4f0e08419b70726a447333ab6
p3f0c5ae37d014fa3931b6c1f68b1e6d0,cc8205c7636e728d448c2774e6a4a944b
p2ce8285ed986513419e35663907648b0,c77631ca4f0e08419b70726a447333ab6
pba56f3eb2830d0f8ccb2f225e80854cb,c350e2f043da24af421369ca4d0178371
pba56f3eb2830d0f8ccb2f225e80854cb,c88fac409baf592beb25e285d8663edcb
pba56f3eb2830d0f8ccb2f225e80854cb,c675056ad1441b6375b2c5abd48c27ef1
pfe7814212839227e222d2ed1b7de21f5,cde8504b73ea228d0ea9bbce69752092e
pfa7d0939e4d3233ffa74d9adf507ebde,cf23ffd3d324c32d55df7d89d469c8777
pfa7d0939e4d3233ffa74d9adf507ebde,c967bd1625f6818e792329c2c2e14ab30
pfa7d0939e4d3233ffa74d9adf507ebde,c140d2aef853f44d5318888de6fd9308b
pfa7d0939e4d3233ffa74d9adf507ebde,c359a142e7b2469af938f600db00d3cc7
pfa7d0939e4d3233ffa74d9adf507ebde,ce04d1bcee667afb8622501b9a4b4654d
pfa7d0939e4d3233ffa74d9adf507ebde,c82c92855160867376ed0610fb163d2e4
p78ca57f8f470928f8fad3c9f551e114b,ce04d1bcee667afb8622501b9a4b4654d
p78ca57f8f470928f8fad3c9f551e114b,c1afa74da05ca145d3418aad9af510109
p78ca57f8f470928f8fad3c9f551e114b,cd4f8a6c3fbcdc30ca91f161a85c5070c
p78ca57f8f470928f8fad3c9f551e114b,cd874f6e071f3f3f1ecf32d5586ac36f2
p78ca57f8f470928f8fad3c9f551e114b,ca76299e3fcc8eeb550db1320176ac000
p78ca57f8f470928f8fad3c9f551e114b,cee8966bcaa6a61ff54a1427fa9cbc46a
p78ca57f8f470928f8fad3c9f551e114b,c81861c829fa095b479dbcbbfb24ecd65
p78ca57f8f470928f8fad3c9f551e114b,c34f5faa82b6c5585daf0c574720ad299
p49c1266a64d193328307d8e1cc6580c0,c521276b333f2672d37b853f7e76dec27
p49c1266a64d193328307d8e1cc6580c0,c9d0996a44c6d51cf223e833dceecb286
p49c1266a64d193328307d8e1cc6580c0,c549533baa6d9771620d7caf24031693b
p49c1266a64d193328307d8e1cc6580c0,c874f2667a4e02fceaaa2383583b5cdce
p49c1266a64d193328307d8e1cc6580c0,cd0130cda0ec55f9bfb02721f212f13ea
p49c1266a64d193328307d8e1cc6580c0,c212e01643498b989c358e9e29ac838c9
p49c1266a64d193328307d8e1cc6580c0,c579b30b40dd856232fc20eec6fcf697c
p49c1266a64d193328307d8e1cc6580c0,ccf11b3eb116468c4ee58fe69943d1471
p49c1266a64d193328307d8e1cc6580c0,cb1f975d5e57f73d265bd450020825183
p3c10836f38ea579181a32cd53348115c,c1afa74da05ca145d3418aad9af510109
pc2bc5fe455ec8496aeb9186127261f4a,cf4fb2aff0c8257f5a460af8a8cd1b15d
pb031407498a0e630eb05211aaf7868df,c7e1321b3c8423b30c1cb077a2e3ac4f0
p11a43a2fa83b88b43dad164d7eab5f05,ca4704fd35f0308287f2937ba3eccf5fe
p62fc748a66b51c666e241e68bda52bce,c0162bce636a63c3ae499224203e06ed0
p62fc748a66b51c666e241e68bda52bce,c4b1b4dc8cf38b3c64b1d657da8f5ac8c
p62fc748a66b51c666e241e68bda52bce,cfe94bf938933aa622a23766e6bacb8fb
pec4a6eb11f7297b439a269a00a8e3d25,c77631ca4f0e08419b70726a447333ab6
pb058d99d0d97d3d6c9ee2591c45a2f8c,cd12eb053dbb7c2fa4c8b5b605eef5fd2
p0e3dad35c67d78c4074e5d13caadc882,cd12eb053dbb7c2fa4c8b5b605eef5fd2
p0e3dad35c67d78c4074e5d13caadc882,c9b6545e4cea9b4ad4979d41bb9170e2b
p0e3dad35c67d78c4074e5d13caadc882,cf027f27d0d548351e4d362e9b90678a9
p97df0cf1fefa4b5b15faa7570b4a4f65,c38c50b731f70abc42c8baa3e7399b413
p57b9420a969825dac6f1afd7bf6c6969,ce498749f3c42246d50b15c81c101d988
p57b9420a969825dac6f1afd7bf6c6969,c36d284d95f5fbf45ee537b8d5cf22d95
p57b9420a969825dac6f1afd7bf6c6969,c6269bd2616757900daa02a4c9440d5c3
p57b9420a969825dac6f1afd7bf6c6969,c63f69c7f958795918b41fbcd71a8c811
p57b9420a969825dac6f1afd7bf6c6969,ca0da8eddc9c03e62c94b2bb371f982da
p57b9420a969825dac6f1afd7bf6c6969,c53a9e37a219703369d7e7b43621166dd
p57b9420a969825dac6f1afd7bf6c6969,c3cb419a6c2fe5ee9b38f7630c73ca83b
p57b9420a969825dac6f1afd7bf6c6969,c97d6a31dbc29ef73eb7b8048b2976b50
pa73bbf6be0c04c220a6f7789c9eb01d5,c58e4d1d0d300cddbb2aba74ccceb3934
pa73bbf6be0c04c220a6f7789c9eb01d5,cb8204a3486c8c171a6cf735fa2c521b6
pa73bbf6be0c04c220a6f7789c9eb01d5,c1d1630790f0c688cddf5d9d24357fc23
pa73bbf6be0c04c220a6f7789c9eb01d5,c1e6ac6583f4bcc089feb8dfe17a4d3a5
pa73bbf6be0c04c220a6f7789c9eb01d5,cdcf70b7f7f5e17a067ea101af98c84c9
pa73bbf6be0c04c220a6f7789c9eb01d5,c11d8198a37a230e6917b50e5c38f26ef
pafc3d62ffbd2b8ee2ac00c17adea2412,c57391192dfa1f247ad015a0fe2eca48e
p3e287f828f7fac8f4b081defaea2bd45,c1c2eaa5d56340808f2a94368501e5496
pcb2ee724845a577ad05a3fa270ce2823,c827b1b3da582cd562ee87a9bfa227d5b
p5d45aca6332f73ec91aeea99b0fce304,c45d2f19d9c6c350dc616268f2ee45e0e
p5d45aca6332f73ec91aeea99b0fce304,c94063d3fbbd3ad3cbc4578a486481585
p5d45aca6332f73ec91aeea99b0fce304,c6472ce41c26babff27b4c28028093d77
p2673860cdac4b80966b9a860a6b1c509,c5e674fc22a3566c3836d071a6b9395e2
p2673860cdac4b80966b9a860a6b1c509,c5cac04d76aee8b7d9b2444fb3549a445
p2673860cdac4b80966b9a860a6b1c509,c945f08fc7e023094eb687f476a4ab0ef
p9fc2d6918e064edfcb78d2d0b439e1bd,c5873d47cc0d35f2f419238bcd859befb
p9fc2d6918e064edfcb78d2d0b439e1bd,c6d06fb0ce7b886a537d4895f9996af9e
p9fc2d6918e064edfcb78d2d0b439e1bd,c7a497bc864085e8b19295463177d2f54
p0fffcd50f00bc5accfc59c2bcae49e35,c9b62305de14f24a0111b59ac6e687b80
p0fffcd50f00bc5accfc59c2bcae49e35,cd6af9c1eaff2a89ebd3f8d0c542be12b
p0fffcd50f00bc5accfc59c2bcae49e35,cb72a19a47c3aa6017104cde8789b36ef
pfbfcb8596398e01c6be2434cf4d4a5d6,c827b1b3da582cd562ee87a9bfa227d5b
pfbfcb8596398e01c6be2434cf4d4a5d6,c8b18d9845744f050df7223e98dda8694
pfbfcb8596398e01c6be2434cf4d4a5d6,cb72a19a47c3aa6017104cde8789b36ef
p57454d33944c5336265ce24cb67d01f8,c77631ca4f0e08419b70726a447333ab6
p1ae4b2683610c7848f921ce67ed21b7e,c77631ca4f0e08419b70726a447333ab6
p34cbeeebb8d591c9a759eeecaaa1a5d6,ca82be0f551b8708bc08eb33cd9ded0cf
p34cbeeebb8d591c9a759eeecaaa1a5d6,c700172587c791cceb2ca5c6744e211db
p76580a8b51830af0b6a9dec8a68f4442,c77631ca4f0e08419b70726a447333ab6
p76580a8b51830af0b6a9dec8a68f4442,cd0e6bc9b7a0b99d3c99c6a6f7db9e9d6
p76580a8b51830af0b6a9dec8a68f4442,cf2a543f6af0227d70b90992db94c01f1
pc01d0b866439b4ecf8bb9e8c975c3e2f,c60494f02d440f316319dd0fad40ad007
pc9f8c9f5c9931249019a97fb1d189359,ca4704fd35f0308287f2937ba3eccf5fe
pc9f8c9f5c9931249019a97fb1d189359,c93b35952d0f7a6db338dc3cbc4e43df7
pc9f8c9f5c9931249019a97fb1d189359,c512d6102506da4ae0c35312fafcf7376
pa977b2e421831d1a18f77850d54d89b9,cf6068daa29dbb05a7ead1e3b5a48bbee
p931b5bfdc00f7c95bea965519fdaadf5,c39ed26f336ae538df4d2dc8a75a01282
p1c6f38562e6bcfd6a0dad9de9f0f7720,ca4704fd35f0308287f2937ba3eccf5fe
p1c6f38562e6bcfd6a0dad9de9f0f7720,c3654bc6af3040c02652952f1fb3c5f43
pb94218218a46f1b1516f309b948c6922,ca4704fd35f0308287f2937ba3eccf5fe
p5e7a76f591af0664bb20cb6a161fa7f0,c7034d72178527959767784e9faadfca7
p9cf09a683ff55d3097f044ea65f06523,c557c6481538b93bfe0a10a1cbc11aa07
p5cef977012c80f0e7b7112a5142a8d23,c557c6481538b93bfe0a10a1cbc11aa07
p997c6aaf0d6c513590ae9e0cc84e1f23,c27adb0b3f92d9b8f7fa4cb55b60114cc
p76b8442205c0770bda34de8739c3ae53,c443a58b358f4982d4cd55f8222be13ae
p76b8442205c0770bda34de8739c3ae53,c56b9951f7d788c259eb62479835f3342
p76b8442205c0770bda34de8739c3ae53,cb8ddc45987ef5c3f7ace5d4b42e8ffef
p74786c7e9f08fd20c5c001d16de3ee97,c5b275acdeb8fc301e8a22e4d15b10f67
p74786c7e9f08fd20c5c001d16de3ee97,cfa9a2a83439199e8a7fcf6acee7bff95
p74786c7e9f08fd20c5c001d16de3ee97,c4069408fff143a94bc2f24e5dd060652
p74786c7e9f08fd20c5c001d16de3ee97,c7b63287afccd7c7daff497d834a46733
p74786c7e9f08fd20c5c001d16de3ee97,c6e81c80d752aa5b3fdb3f7621b54572f
p74786c7e9f08fd20c5c001d16de3ee97,c99522acd8b269ce9d84e2bb9d2ed4b29
p74786c7e9f08fd20c5c001d16de3ee97,cf056f570a2a780ad8e2e8c9cb28bbbdb
p1eafea2840a80789806ab1d661753c28,c0819eb30cc2cd18cf6b02042458c5da1
pebb596311632d3dee7a3ccf8469d9e46,c89d7b10cb4238977d2b523dfd9ea7745
p0514c3af57249d64209e0d1af1fc56ef,c08781b29d5ac13d64089d3da1902d0cd
p44f512068a2d336a1f62f4b4f9413e44,ca3e8ae43188ae76d38f414b2bdb0077b
pedfdbaba42727ea4642babc2993ee0a0,c8226588f03da49b857e5ddf8c508dd2d
pc701d1a0a28a66a7b6758abd81166310,c77631ca4f0e08419b70726a447333ab6
pe0e924b6d2112bbae7869e75c3f33b90,c77631ca4f0e08419b70726a447333ab6
p02b1643aab266f84f9e059c76502db41,cf6068daa29dbb05a7ead1e3b5a48bbee
p458da4be11fb6359f465d860551b533b,cf41378dc2401a066a07547accdc467d0
p7c3db930f7263095c1a0515566d62f25,c275dfccfece442bef6586d62ab24d475
p7c3db930f7263095c1a0515566d62f25,cd41142bc02387f74ecbd1b7ac93ad012
p7c3db930f7263095c1a0515566d62f25,ce1faba7ac7607fae397536ecbb04ab7f
p2a102d89b92fb5c6b811d181dd308746,ca4704fd35f0308287f2937ba3eccf5fe
p2a102d89b92fb5c6b811d181dd308746,cad2ee48af836d71513e02e3b82b34e48
p2a102d89b92fb5c6b811d181dd308746,c4994a8ffeba4ac3140beb89e8d41f174
p2f0b68b11d907dc1561ee96f6535a81a,c93b35952d0f7a6db338dc3cbc4e43df7
p86c9e1183fe0efb0c7e4f1c7117ba54d,c370964eec07cba8c52acb1ce1b35ab6a
p098c64927ffc506695bd68067ed7b93b,c571094bb27864b600d8e6b561a137a55
p098c64927ffc506695bd68067ed7b93b,cc2ba7e785c49050f48da9aacc45c2b85
p4b2ea42a7834fbd2b3ecbbaaf296c630,cc1277123570e7d399d8021afb48f0b1c
p4b2ea42a7834fbd2b3ecbbaaf296c630,c181900dad960beccb34f53c4e0ff4647
p4b2ea42a7834fbd2b3ecbbaaf296c630,c35bf1210e6727959a7a88a00462db959
p909e4b5827092b372d858f7f4a9ae92b,c05f3ffc654665a471bb908da391d2e0b
p909e4b5827092b372d858f7f4a9ae92b,c6bdb7dbddcd02a417438b5bbfe421548
p909e4b5827092b372d858f7f4a9ae92b,c18110fbaed819451ae7ee84f27964b91
p909e4b5827092b372d858f7f4a9ae92b,c82f30903e278ee397416f3792bdbbd8f
p909e4b5827092b372d858f7f4a9ae92b,c2ce2dfbc027b2ccf3f83eed3d82e5def
pe1361495e64506801f874c8605f389de,c03937134cedab9078be39a77ee3a48a0
pe80c050e7b392939a646ce81ceb4e069,cde710e92e2b5f71c4705421cdb896b70
pe80c050e7b392939a646ce81ceb4e069,c2ce2dfbc027b2ccf3f83eed3d82e5def
pe80c050e7b392939a646ce81ceb4e069,c0541ac1db87b205c93e0dfb5f23c1e28
pe80c050e7b392939a646ce81ceb4e069,c2a30bb44d8369f150a8ca8a90c895815
pe80c050e7b392939a646ce81ceb4e069,c77dbed08f2e551b745ef325280f592c5
pf75d94ed50fedce087f0de50a563a31b,c1de0cc94f381baa599628e43cbf815e0
p0b5cb257f473847cdf681259dd1d447b,ce29d3271fc0ee41bcd9d68a53bb5a685
p0b5cb257f473847cdf681259dd1d447b,cc36e53d92ce8bad41ec437f9995b8c48
p0b5cb257f473847cdf681259dd1d447b,c952f625491d3deee916e06094c09fdc4
p0b5cb257f473847cdf681259dd1d447b,c8fe5161d085e6588565498bf166fd5f8
p0b5cb257f473847cdf681259dd1d447b,c46b32c6db4cdca78732a2d71eea0cd82
p2e855188b1c077cf022446f13b913164,ce807e20026b449069c06fa40c8f5b219
p2e855188b1c077cf022446f13b913164,cd23c5976e63fa74abd91d2395d0355a1
p2e855188b1c077cf022446f13b913164,c5e1b316ae7795cadd4d72ffdb97eda8c
p2e855188b1c077cf022446f13b913164,c01c92b87f042a8773daa9bce93f31ed0
p2e855188b1c077cf022446f13b913164,c775af972bcb8b2454fab5649b32e09a5
pc583ad817e912998060ba8f0027af627,ceee4ee5b8e11e22d2855a1291e1e1c7d
pc583ad817e912998060ba8f0027af627,c978cf1f908ebc4113219721565fb4a69
p568f43f07d4d7e283ba34a34eb17f5ae,c77631ca4f0e08419b70726a447333ab6
p568f43f07d4d7e283ba34a34eb17f5ae,c3732267a3c9833c1d85fc6cfe21f9977
p568f43f07d4d7e283ba34a34eb17f5ae,c1c864549d87029c25641463368074c20
p0f39ce4352efe4b4c5039af838954c39,ce17310830c72d17857bf7df1ddf80dfe
p0f39ce4352efe4b4c5039af838954c39,c6679e65c932b2c5ad98080ee21a4f0d4
p0f39ce4352efe4b4c5039af838954c39,cfd69c5cf902969e6fb71d043085ddee6
p56d85c5ec527884f32e63407517c392e,c5f04cfaf269fa89ee3bf0a84383ee9cf
p56d85c5ec527884f32e63407517c392e,c161a5ffcff82faef2df0328cfde05523
p967f52b18e7d3d9f3b0e6ff207052696,ca4704fd35f0308287f2937ba3eccf5fe
pc0eeb9e62ab8ddee3825f95144693407,c374adb5709d000ab0d6fb1532aef9692
p3186c7ac4a556dd25a801e6879466315,ccae6404c4aecf46684930fe2a86676a6
p41ff98f21380045febf03d17e1fc85e3,c77631ca4f0e08419b70726a447333ab6
p58dc1cb4d0d8cb6af0072f6c7a28f748,ca517747c3d12f99244ae598910d979c5
p58dc1cb4d0d8cb6af0072f6c7a28f748,c1d17cb9923b99f823da9f5a16dc460e5
p58dc1cb4d0d8cb6af0072f6c7a28f748,c181900dad960beccb34f53c4e0ff4647
p689dfb407dd7aede2816d01ec0351754,c8d2e2a9aa15c335bb293e36ee949f493
p689dfb407dd7aede2816d01ec0351754,cd29649a4215e6b797e78e9c6bd2b82e1
p689dfb407dd7aede2816d01ec0351754,cc1dcf9c0743ab2a858378d624cc3b821
p689dfb407dd7aede2816d01ec0351754,c39ec3d8b22c19a86248c2a733b2e6f82
p689dfb407dd7aede2816d01ec0351754,cfaf1b4a99f60f9c345ab00a424e5487a
p689dfb407dd7aede2816d01ec0351754,cc51059240a32a45cc4e399943d398659
p6d350a727d1bb32014200f3488ed0fa6,c053ad9bd62b61d132aee8892781be483
p6d350a727d1bb32014200f3488ed0fa6,c62bc8725a2c124f9e9526e929a913121
p6d350a727d1bb32014200f3488ed0fa6,cc1090365127e149060ecd33e52f167d8
p6d350a727d1bb32014200f3488ed0fa6,c0de7d2ef58b855ee00677bca08585a70
p6d350a727d1bb32014200f3488ed0fa6,c79a72b1492aeb0907c4c4337aa5200f7
p6d350a727d1bb32014200f3488ed0fa6,cfb8b6699a07305ead3c946d099c4ebc8
p6f78472e66cd966b0aff06404edffff4,c77631ca4f0e08419b70726a447333ab6
p6d81d558bbbf165a5fbdab5193d99fa5,cc735ca28f98e533a5534dab7927509d8
p6d81d558bbbf165a5fbdab5193d99fa5,c55939ea3e3d8fb18af20c3ec65497d4f
p6d81d558bbbf165a5fbdab5193d99fa5,cebd0ab7b9c2dd9f9af853f688c426171
p6d81d558bbbf165a5fbdab5193d99fa5,cea024b152cde976b59029a8c6b155e80
pdcb7300c6acf9f5f6d306857c28aa997,c77631ca4f0e08419b70726a447333ab6
p8a9ee1a0797d6d2e73691d34461aa0e5,c704b5561562b054400f33f22cf61c5f5
p8a9ee1a0797d6d2e73691d34461aa0e5,cfd69c5cf902969e6fb71d043085ddee6
p8a9ee1a0797d6d2e73691d34461aa0e5,c06b185256c71c1aec263c6e22bf8ef6b
p07315a62dd905282f02c4a95f8939aa6,c77631ca4f0e08419b70726a447333ab6
p07315a62dd905282f02c4a95f8939aa6,cd78f25cba2eaa3ff49f3ccfbacf1445c
p429e00dda51603d4b87e18447e8a4bb1,c25d72fc2c168b79ae5327878e134e6cc
pab2c95d4a1db5e02b60dcf4436d95319,c77631ca4f0e08419b70726a447333ab6
p6a02e6eb9ead0c01052171ba7be279a3,cdf8e371b799b2cf7fc3a7efe68a66de7
p6a02e6eb9ead0c01052171ba7be279a3,c333aba968c38d95e63061cddc3924d56
p6a02e6eb9ead0c01052171ba7be279a3,c3eb7e866b13172df016428663010aab9
p344d93ef0c6de49c06282634a042bc51,ca4704fd35f0308287f2937ba3eccf5fe
p344d93ef0c6de49c06282634a042bc51,c1d17cb9923b99f823da9f5a16dc460e5
p344d93ef0c6de49c06282634a042bc51,c181900dad960beccb34f53c4e0ff4647
p83ff97a48ff1beead20642ece9eb53a1,c25d72fc2c168b79ae5327878e134e6cc
pc3845e2f81e635788ace024a93415201,cbd544a1c58305927057b5e6a8a79f6d6
pcc0b7424298940018ea15551a339b505,c1bfbcce75c3c9a52a464d4cb0984488a
p319e09cb09bdbc740e0ef81ec5971ed6,c44cc246b0c3bc5602ca81ab19e6a364f
p319e09cb09bdbc740e0ef81ec5971ed6,c27226c864bac7454a8504f8edb15d95b
p1a0dc81b7b959fd8db736268ad3e1d02,c28c02808d035abd3371299d909f5e0ad
p86cad47067fb1a743c2170da3cd9bc6d,caddee1396a3e20ceea8071ed6da54866
p60866c0979e1bcc2a886e019a1800085,cbb4c4b555a0eecbc815ffc53f0f49362
p9788f711af9eb5a3b824cf01fe79b152,ca4704fd35f0308287f2937ba3eccf5fe
p9ee194437885fed58c68b8f3702112c0,c2360b62e3759f9711062795c82d0b5ae
pb38116b03cda386e1c9f27049e291584,ca559b87068921eec05086ce5485e9784
pd2924092675521ae2c1ef574f58ffcb2,c77631ca4f0e08419b70726a447333ab6
p362278385a7a030d4e24328e33f3b311,cf027f27d0d548351e4d362e9b90678a9
p362278385a7a030d4e24328e33f3b311,c9e727fdd3aec8274f46685441900280d
p362278385a7a030d4e24328e33f3b311,c5c835c22429f25992b4371691ecde1a4
p16f2aa671883aba1dae038ae4800a391,c1bfbcce75c3c9a52a464d4cb0984488a
pfb07f8c465aba7332fb052f836e0b001,c83caede80f1dc1c223ee74adf661844f
pfb07f8c465aba7332fb052f836e0b001,cd656c1d4eec9e1413dfb1ff18cf91d48
pfb07f8c465aba7332fb052f836e0b001,c02f128b67fc2113ce07dd45267085b9f
pfb07f8c465aba7332fb052f836e0b001,c6fbc58e7f7ead6d68424b252c58052d2
pfb07f8c465aba7332fb052f836e0b001,cd1fba8439c2b8b001bf8d5fcb2980161
pfb07f8c465aba7332fb052f836e0b001,cffeb4fc5dd5990de8a7996682c739337
pfb07f8c465aba7332fb052f836e0b001,c47324bb669e33ff18ed02e4361ad9c99
p69b5bf9e37a7283f2359636d3e1ebe57,c1b0ffaae3973401f71cd000ab9f7856e
pa10cda79ec8907c64cebdcbff9c5b5b1,c87d17f4624a514e81dc7c8e016a7405c
p344d93ef0c6de49c06282634a042bc51,c2e5bc8831f7ae6a29530e7f1bbf2de9c
p344d93ef0c6de49c06282634a042bc51,c288aae25bc408055f50c21c991903a44
p344d93ef0c6de49c06282634a042bc51,c21c0deceda8fcd848728fa545cf4c3d0
p344d93ef0c6de49c06282634a042bc51,c455f7fd6efa816bd660e78d3c04d315a
p344d93ef0c6de49c06282634a042bc51,c793b899a4f8fdf8109b9b0e71aa0f28e
p344d93ef0c6de49c06282634a042bc51,c178f0c890b24366d05501851156f4e55
p344d93ef0c6de49c06282634a042bc51,c4c203b76e2847e3b6e1bdf7bf2ad63a2
p0a646e7a29207b0f5d26949b3ad0d570,ceeed8f7e4151fa6466df5b3d152f1754
p0a646e7a29207b0f5d26949b3ad0d570,c12be761f63274cb369924661d364e7cd
p0a646e7a29207b0f5d26949b3ad0d570,c21c05cbc80a40ee7ad203ff6af809a71
p0a646e7a29207b0f5d26949b3ad0d570,cf6642d11ed61616567df0fc860695bad
p0a646e7a29207b0f5d26949b3ad0d570,cc4ff3f301ad8e7ee3e8c2533e7a3099d
p6d920fc42d698b2e2641768ae06269d8,c24f47cdbe9ddba774a7cc53e51d9032e
p6d920fc42d698b2e2641768ae06269d8,cfe4dbcab9b910577e5035e97ac068dae
p75ecaf2f5ea0f538e0e75c3e162dafa9,cc7ee8a08509745b00fb81c3521b3bc10
p75ecaf2f5ea0f538e0e75c3e162dafa9,c50708853f21ddc8571c044591ecc810b
p75ecaf2f5ea0f538e0e75c3e162dafa9,cb10823a7051ecd711f7fb245f5d1c2b2
p75ecaf2f5ea0f538e0e75c3e162dafa9,cc05f6c233521207f6fe311afef550c3c
p75ecaf2f5ea0f538e0e75c3e162dafa9,c00e6c77594614c63f1a543c7056159f9
p75ecaf2f5ea0f538e0e75c3e162dafa9,c98645315dd4836ab401e587b712d63ba
p75ecaf2f5ea0f538e0e75c3e162dafa9,c055592e262cd8a0a72ca75caf4bf3c40
p75ecaf2f5ea0f538e0e75c3e162dafa9,ce9ef48a7c8104721d7c1a8e767232597
p6b9a75105ce4821153bd16048842d505,ca76d4ef5f3f6a672bbfab2865563e530
pd1325d29c52d5109d0c1f7105e96b809,c77631ca4f0e08419b70726a447333ab6
pd1325d29c52d5109d0c1f7105e96b809,cfb1bb2ec89f997993fa5e851a60267f5
pd09a0223678f76c058f86ffd66dd6df4,c5ae7fb3197b6fd8c723c7766a5680e2e
p08d6fbbb14981ce2a5082314651df9a7,c77631ca4f0e08419b70726a447333ab6
p08d6fbbb14981ce2a5082314651df9a7,c65ccf0f205fb154d14c470767026d75e
p08d6fbbb14981ce2a5082314651df9a7,c35bf1210e6727959a7a88a00462db959
pb851e43a46792a84fb09a342164b47f3,c77631ca4f0e08419b70726a447333ab6
pb851e43a46792a84fb09a342164b47f3,c256fc422c39806403615d76c9074764f
pb851e43a46792a84fb09a342164b47f3,c0945359809dad1fbf3dea1c95a0da951
pcdaadc2fc78b448203b3a8be589092fc,cd8f0e941067f8cd4a9b807eec3705a8f
pcdaadc2fc78b448203b3a8be589092fc,cbe9af22f2c9daa9f570849535c4159c0
pcdaadc2fc78b448203b3a8be589092fc,c32707275e50c0b0e8dcc15b91df14252
pcdaadc2fc78b448203b3a8be589092fc,c3f5e0c8798b9fc074974547bb0845ecb
pcdaadc2fc78b448203b3a8be589092fc,ccdcfcb7f3e58cf3e44a9c95ba0df5d06
pcdaadc2fc78b448203b3a8be589092fc,cf96aa1eb2728ab394b3aa09c09bb11e6
pcdaadc2fc78b448203b3a8be589092fc,c9d0996a44c6d51cf223e833dceecb286
pcdaadc2fc78b448203b3a8be589092fc,ce42e9093617f1f463dad815ccbc918c4
pcdaadc2fc78b448203b3a8be589092fc,cf7d7ac9d83944f4e1d1e375bf890740d
pcdaadc2fc78b448203b3a8be589092fc,c6385ac3e72c5d55a0646cf09737c0f78
pe2fbf80166193b13e1278774a7691ac4,c77631ca4f0e08419b70726a447333ab6
pd42a56227d159264e32c6eb52d73397e,cd6ca854caf350ca51dd759127bcf24c6
p54cba8e806ae1ab822dd9aa9b86fc574,c77631ca4f0e08419b70726a447333ab6
p48caad3d02f840506f9bb4a341133422,c1ddf333c6654f7f89c739dddfb4cc429
p48caad3d02f840506f9bb4a341133422,c77631ca4f0e08419b70726a447333ab6
p59a7d734a0d8a3abf0bdcbe2174a5bad,c77631ca4f0e08419b70726a447333ab6
p359011bde78c103891099a7b04ca9b66,c62a57b5e72e50a748797f61e3e945988
p03943b8eaa4150f3bdbda96e4fe0713f,c5d63bc7f7edb868ae9eb11e26867778c
p03943b8eaa4150f3bdbda96e4fe0713f,c25a81701fbfa4a1efdf660a950c1d006
p9eb860214694bd31ffcd3f4791dcd556,ca4704fd35f0308287f2937ba3eccf5fe
pd2a520ca7075f38a7792c2cec59389cf,ca4704fd35f0308287f2937ba3eccf5fe
p91a6a070abce2f65091d68a66eeff6f3,cfa9218f2927bf28f67029569c2c86b58
p6451038285006296592da6ba3bb4e7bc,c2822afdd3678922f1227a54c39d96624
p6451038285006296592da6ba3bb4e7bc,c256c97244a73abd667ef78c2a1a4a02d
p6451038285006296592da6ba3bb4e7bc,ca912a94d79b5124d876951f96ebb256f
p6451038285006296592da6ba3bb4e7bc,cb0c3695dbca51684ba456c26078b3bd3
p6b550a0cd898419d748818e468820b85,cdea0a476bf5226975bf9ae2076aa5c4a
p6b550a0cd898419d748818e468820b85,cfe335d097afc2b2893fdfd6e401b01d2
p6b550a0cd898419d748818e468820b85,cce8145c067f7c8d114b253d6597928ad
p6b550a0cd898419d748818e468820b85,c38d5bddb7f714a1ebaffdf97910f164f
p270741582ae9c2d0b968c74c7e5c1e90,c77631ca4f0e08419b70726a447333ab6
p6eda80b49fae7024f2ba0f21ec8c87cb,ca4704fd35f0308287f2937ba3eccf5fe
p6d2a08701ab840f6722f346f689d70bc,c8045a0a6c688b0635e3caccc408a1446
p6d2a08701ab840f6722f346f689d70bc,c98ded198ba3a0a30e7cc64e4a6a93f45
p6d2a08701ab840f6722f346f689d70bc,cefe79c321127e9bcc1ad7f6956d52ca6
p79f9870282090d0adf4c3bf1194f9c25,c5573c74299e0af37fd558445022c4b15
p79f9870282090d0adf4c3bf1194f9c25,c35ba1271dff4019593d3034c929e1bbc
p79f9870282090d0adf4c3bf1194f9c25,ce6f43c40ab1c07cd29e4e83e4ef6bf85
p0e1bd2e863d7853372f9f526e0203429,c77631ca4f0e08419b70726a447333ab6
p0e1bd2e863d7853372f9f526e0203429,c8045a0a6c688b0635e3caccc408a1446
p0e1bd2e863d7853372f9f526e0203429,c98ded198ba3a0a30e7cc64e4a6a93f45
pdd828aac5714fa1f2d53c07093bbdddd,c29f96f95c1bdcc7a7bcffd70c98ba25f
pdd828aac5714fa1f2d53c07093bbdddd,cf23cd42b70f45268022bd5d3cff5a05b
pdd828aac5714fa1f2d53c07093bbdddd,ce379992567cb339d5f0d42c113e08a74
pdd828aac5714fa1f2d53c07093bbdddd,c90e170c2665025f60111c8faacbadad8
pdd828aac5714fa1f2d53c07093bbdddd,c9ac5c0e58ab27523b4ba00d19925fe8f
p8de3065dd014a43e450c6a1c3bc262da,c0b06d2faded8981fc5de026b448e2e87
p8de3065dd014a43e450c6a1c3bc262da,c3503de58e4b2975f2956b370c86b0477
p8de3065dd014a43e450c6a1c3bc262da,c8d0b59b5eb0418053193fe299b739eb9
p8de3065dd014a43e450c6a1c3bc262da,cefaf22936da527455c75d397aab80ada
p8aee8b6feeaca51a6fc0ae1740eec107,c63fd528b6578a6b38d2648f353487e91
p8aee8b6feeaca51a6fc0ae1740eec107,cfcdb76644228e946ce4cbed84d141a38
p8aee8b6feeaca51a6fc0ae1740eec107,c9e083ec666c9f3db044bb7c381640227
p0925ebc95768a205cf3186cf4aaeacea,c825a3d98017bab11815ad2817201324c
p6b66bc029be48f8d6d592b12fd9577d0,cfb1b6e23a3767d2a31ef7899e6dd3f1e
p753aea2974b7ad7b0edd01836ae2e853,c130c13ff689d8496c91dc5f90b424530
pa9bf5ab3d717ede702fb09e65b8d2b11,c77631ca4f0e08419b70726a447333ab6
pa9bf5ab3d717ede702fb09e65b8d2b11,c8b18d9845744f050df7223e98dda8694
pa9bf5ab3d717ede702fb09e65b8d2b11,cb72a19a47c3aa6017104cde8789b36ef
p7c481c6148010d6d931a6dcb0f339cb4,c9b45575cb2708dca1073e80318b62259
p5527a7478785c89486d05e19d0b08d14,ce3b704cb82dc5c6c878c845263290461
p5527a7478785c89486d05e19d0b08d14,cf23cd42b70f45268022bd5d3cff5a05b
p5527a7478785c89486d05e19d0b08d14,c1afa74da05ca145d3418aad9af510109
p5527a7478785c89486d05e19d0b08d14,c10429a8986fff96788c748c4b6851016
pb913862ba7295ad01dabb3e558286aed,cd9344ca4c706423a2d74255886e06101
pcebe01fcf8261e104e09cd62a26725c7,ca4704fd35f0308287f2937ba3eccf5fe
p94eaf0d316c915590cfe9247a4d18329,c86ef321bfd381498f31a6e17c9fa3cd6
pbdd13c29784779ebcc151b06aeffa39a,c704b5561562b054400f33f22cf61c5f5
pbdd13c29784779ebcc151b06aeffa39a,ce353dbe42c8654f33588d4da0b517469
pbdd13c29784779ebcc151b06aeffa39a,ca4704fd35f0308287f2937ba3eccf5fe
p6c55487fa242b8d0d80f055d9ae41462,c392257c4628a5b47dfef533b8a6877d8
p6c55487fa242b8d0d80f055d9ae41462,cce5bf551379459c1c61d2a204061c455
p6c55487fa242b8d0d80f055d9ae41462,c7641e5f4e7e8517bd0477fd81e3de1b8
pdc4a2ef7fec9926f1db1a172ffb5afb3,caada29daee1d64ed0fe907043855cb7e
p6d01ec19bd827b170b2c153884f1bafe,ca4704fd35f0308287f2937ba3eccf5fe
pd0465449c37d7510ea0c7d691edc43d6,cca1b12f70c0a8471440324a11e4590af
p6513569d3f717c98216e6da257d0aad5,c7f80fcc452c2f1ed2bb51b39d0864df1
p6513569d3f717c98216e6da257d0aad5,cc8205c7636e728d448c2774e6a4a944b
pddd7ccb9acd706b597cc96bbeb60adcd,ca4704fd35f0308287f2937ba3eccf5fe
p6e16a502ad5ae3f4069cee8a0f5ba733,c60312e2a383d64ff5c14e895949f1b7f
p6e16a502ad5ae3f4069cee8a0f5ba733,c2e9b580ec0b1fe078e6c5dc653cc34f4
p6e16a502ad5ae3f4069cee8a0f5ba733,c3cc1b3c11f6fd44ac95321bdce11e3e4
p6e16a502ad5ae3f4069cee8a0f5ba733,cdcdc1ac079a91d513a5a759b0fb9c1dc
p6e16a502ad5ae3f4069cee8a0f5ba733,c2dfee1c718e9ae657d4f74d2e3a8b7da
p6e16a502ad5ae3f4069cee8a0f5ba733,cbfc4da3020d2f8980fef4c2b55866975
p6e16a502ad5ae3f4069cee8a0f5ba733,c40bc1f3d307487830d8ccd04e8fae579
p6e16a502ad5ae3f4069cee8a0f5ba733,c6f44bd6950e3b42a1da6852de74f184e
p6e16a502ad5ae3f4069cee8a0f5ba733,ca0b19b38c17e68255b96e89422d2db07
pe61a75c53ed3d917eaacbe8cdbc3e6b5,c8ddf793655a47d1de2721e32313ebf36
pe61a75c53ed3d917eaacbe8cdbc3e6b5,cdea5251e486aed942e1bc06e1d5c116c
p242f93acf86e4e3a2608fa7f7b88f457,c91f270f732e617a41dbff73680c57af5
p242f93acf86e4e3a2608fa7f7b88f457,cf777b8eed64d0536e38ca3d4ef066a8a
p754eeb1db6a9276b49559fffb439a317,c800efb76c88ed758854b775e2a554cd3
pe10d5e4e5daaa521975ca4f439681bea,c45888a4da062f16a099a7f7c6cc15ee0
pe10d5e4e5daaa521975ca4f439681bea,c0368238ce31694270e3f5d51452eaff4
pe10d5e4e5daaa521975ca4f439681bea,c8ddf793655a47d1de2721e32313ebf36
pfa3a8f77c5561799f4e1136999489bf3,c1ddf333c6654f7f89c739dddfb4cc429
p43def544790b89a4ab306dcdc34e77ce,c2ec085309df8955287266f8aa8764f48
p43def544790b89a4ab306dcdc34e77ce,c8d72db86a54b23f0cd6062a1c276540f
p43def544790b89a4ab306dcdc34e77ce,cc88209a1bc5e2a2d728a6c52f37529a8
p43def544790b89a4ab306dcdc34e77ce,cbe372d7a6c66257528eaf27a6bc2b91f
p43def544790b89a4ab306dcdc34e77ce,c3cf6346ebec084ca3ec3ae0162960db0
p46c427d45a9aa0bd8ea8cedba827da4b,cb39a035a995fc6597c8eb942210d1527
p7c4042e5168242d27ad31c89a95f230c,c77631ca4f0e08419b70726a447333ab6
p7c4042e5168242d27ad31c89a95f230c,c65ccf0f205fb154d14c470767026d75e
p7c4042e5168242d27ad31c89a95f230c,c35bf1210e6727959a7a88a00462db959
p7d9fa90ae843621648a167ad3cf24fac,c77631ca4f0e08419b70726a447333ab6
pd96a6e0c56d842e0d3eae81fe781dfc0,c960b44c579bc2f6818d2daaf9e4c16f0
pe5692f2556d38f130c393d67d8ead4fa,c4d5cdaeb09f26557fe22b6ff12289344
pe5692f2556d38f130c393d67d8ead4fa,cfd69c5cf902969e6fb71d043085ddee6
pe5692f2556d38f130c393d67d8ead4fa,ce353dbe42c8654f33588d4da0b517469
p698765b8f868202f4f269b7eea595e4e,ccdd7676ebf74f8af7f2e88715f627f4a
p698765b8f868202f4f269b7eea595e4e,c89dbf18c82322dabc4ef0ded5b5c3ce8
p41b120a547c19d8b2ebdf0142aa47b38,c05dc4afe009464372a1191713caece68
p5521af7a0fab5b19c34f26ee82559f66,c06c2cea18679d64399783748fa367bdd
p08dc80d0dfd6e201f7a0dac0a3808928,c60579bb8e65f31b5d6a675e90c2b7e73
pae92d71860c347c2ac92caadf4a0135d,c3cddbb8f43a4e074e2c2ce3e8622f43e
pae92d71860c347c2ac92caadf4a0135d,c52432cbd9f9df2483189ce2cb45f8bad
pae92d71860c347c2ac92caadf4a0135d,c685328de133c45adec07a1effcd3fa88
p84703a7ca7918bdb0f5a16262437dbb8,c2097a23edbedd03bc20d405a8610c4ae
p84703a7ca7918bdb0f5a16262437dbb8,c85931609e0ece151e1bdcf006a1b002e
pfc0d07215850040d9829f0a829813ce0,c59771db1b680dcaf85f1971aec2de5e1
pfc0d07215850040d9829f0a829813ce0,ce6f43c40ab1c07cd29e4e83e4ef6bf85
p6acd36863ba49e8d0254774b764bc0bd,c130c5b3473c57faa76e2a1c54e26f88e
p91f5706fea6845ac38734bcfc5793dec,cae160b4691f9e79ba0f78369237218d0
p9b8ab981e14b6e003bead48fcff48366,cd052704ebf0f76c9ece790b34fe49b11
p920e8d2696ecf2968f87d5f8152970da,c80de36cadcb7e968c5c866826e8a44f7
p5faa2c03f1d4ae49e3164b1ce076b840,c71e2ce9b9fdf9f422f74f3ed7b9b94d0
p5faa2c03f1d4ae49e3164b1ce076b840,c786b9eda06ddef1f8fa82bbbf085c232
p5faa2c03f1d4ae49e3164b1ce076b840,c7e9e6b18d471161980276c095bc892cc
p30a9511489625b236954a5388dfead24,c13b303a6c0d90897b5375ce901acc445
p30d7ea5735a049b733f11ecf7c94e7cd,cd2c89919e8340ab31e35ce34848d4812
p30d7ea5735a049b733f11ecf7c94e7cd,c2cac666fc8f27560f6fab0a1917e3e81
p30d7ea5735a049b733f11ecf7c94e7cd,c59830e37ce261d31ad0da0d5d270d0e1
pe999eab4a28530358cac1753467cdd0b,c69fcd1a3ce177f8c4fa52fa52e35fe6f
pe999eab4a28530358cac1753467cdd0b,c294387ed996ae8b600218ced96e27ef9
pe999eab4a28530358cac1753467cdd0b,cc81dd2b06d799ade5ace83fd06f4c406
pe999eab4a28530358cac1753467cdd0b,cffc59436e37fc716e4a33872e97e556c
pe999eab4a28530358cac1753467cdd0b,c51db4d1fe5e2c7808d0266be968eaf0c
pe999eab4a28530358cac1753467cdd0b,ca09ae787d5e8a72b3e2634d0392cc6c9
pe999eab4a28530358cac1753467cdd0b,c10e32d257a4ba1014b8c40818e78284a
pe999eab4a28530358cac1753467cdd0b,c1e6b940834702a4e2eeaaf7a4767a8bd
p35dbe0de4d5b3eab06de8cce1e83243e,c31840a66a8d6d223e5b0540138768838
p7d77cdcce8bfed66f5e220d4cb40b994,c93b35952d0f7a6db338dc3cbc4e43df7
p7d77cdcce8bfed66f5e220d4cb40b994,c25d72fc2c168b79ae5327878e134e6cc
p1fcc278bd60fffa1b4ef52b14fc2fec8,c654a9672469401ce8348a194f7c5e329
p1fcc278bd60fffa1b4ef52b14fc2fec8,c303ce8462e15f976fbb728ac984eee23
p1fcc278bd60fffa1b4ef52b14fc2fec8,ca448ffa969e691cd387eb7deac4f453b
p85ac01357722fd8239b44385250166bd,c5225763efc97aebd39e5a303fceb57ac
p026436b14ad86bed33dc16de1ee64937,c9c0f8130a55afd76fb735f5168b39a87
p3b9a0855055e3d46aa3774e8704eb9b4,c181900dad960beccb34f53c4e0ff4647
p90929ed3560655024607d59d5e3d16ee,ca854057827c42526efc64123bf69fe7d
p2e795f3aa2c3c89fbbf4abecc15cee55,c06c2cea18679d64399783748fa367bdd
pbc521f1580e3c79334ebc74f26366d8f,c1dddba7d449f7cb1aa7608f4c6288f05
pbc521f1580e3c79334ebc74f26366d8f,cf027f27d0d548351e4d362e9b90678a9
pbc521f1580e3c79334ebc74f26366d8f,c4d283a190adb01596c76c7c2b8172982
pbc521f1580e3c79334ebc74f26366d8f,c22928cc371557001ab3cf6bc5907ffea
pbc521f1580e3c79334ebc74f26366d8f,c376711da457ef7aad37d0cab3bf212ce
p6f3cd2df56dc3292f57a0078bb8107ff,c27226c864bac7454a8504f8edb15d95b
pc784e35b4b87b46ba6381340c86a46a2,ca4704fd35f0308287f2937ba3eccf5fe
pc784e35b4b87b46ba6381340c86a46a2,c2863bc264d070388a94111bc05f77f0f
p80063d0f08eb27cfb3212c7e7f7adce7,cfac632b55af23eb31e9bfd1311ca0ac5
pba020d724a0c8fef8a00ce07ee14f6fb,c6cb018049b694bb133264c739bbe59be
p8747127d50c842f1d04e9bc6ce57bcb4,c77631ca4f0e08419b70726a447333ab6
p17030fb4d020b3d49c46f1f7abd3172f,ca4704fd35f0308287f2937ba3eccf5fe
p17030fb4d020b3d49c46f1f7abd3172f,cb9855217adbf06c2069fa36959f7d291
p17030fb4d020b3d49c46f1f7abd3172f,c81588d326cebe6416d3904db93603af1
p18543fbd4ee98b461a9ac580f4a890cf,c28f407da8442d4100e6d7505a2890bdb
p18543fbd4ee98b461a9ac580f4a890cf,ca29e995d8432cb3e0c8b5ee9d5cff613
p18543fbd4ee98b461a9ac580f4a890cf,c7c19187658a47ad3a75437e4ef5a62f6
p18543fbd4ee98b461a9ac580f4a890cf,c19fc833ffe525d768089c7327a6e73d5
pb873e0689ad0e96471d4ed6d7222a550,c5ae7fb3197b6fd8c723c7766a5680e2e
p4f2eba868f49225764567dcb693690fc,c4ae35cd73aaab213ddab7bdf5b949790
p4f2eba868f49225764567dcb693690fc,c5b217abfcc4d73983f9fbc8ce4f3cab4
p4f2eba868f49225764567dcb693690fc,c0416ec83c462b4cf701f238a232e92fd
p095dc63b70b9abd6e1fe236604f6866f,cd4635edd8a35e8720fdecff3b75f803e
p095dc63b70b9abd6e1fe236604f6866f,c22eabc742bd26f2ef4b1a75260e74943
p095dc63b70b9abd6e1fe236604f6866f,c9462d52fc61b02b6bfdf22fcc190ac61
p095dc63b70b9abd6e1fe236604f6866f,cca4e6cd83ecf72552a1537e1052c97d7
p8679b267ccfaf686110cca8c48bd0018,c843abc968f70b347d7e5bde9e599c259
p8679b267ccfaf686110cca8c48bd0018,c2fa7b041eea9ee875e012bac495a639c
p8679b267ccfaf686110cca8c48bd0018,cd5a80c526e92ed9dba8de8d35c81f392
p8679b267ccfaf686110cca8c48bd0018,c63f69c7f958795918b41fbcd71a8c811
p8679b267ccfaf686110cca8c48bd0018,c9db61da6417bc27c2ed76b088ccf3d44
pf9b6a416f234701019618e8e85f97131,c292b2a47cb8a54678be1574cbd38b405
pc16210cb7bccd81ae5dfc0506262d821,c6200674dbd4d978bbbf98bf013a58894
pc31ced928528739fd7ecb7f733d304c6,c34d9459a28246e26e76240fb40900b85
pee3fc129abd1d9a909e44aa677bf4837,c77631ca4f0e08419b70726a447333ab6
p22eb756f85cb3f4b1a2ab055b09d2eb2,c39ed26f336ae538df4d2dc8a75a01282
p22eb756f85cb3f4b1a2ab055b09d2eb2,c13ad5ac690e735fa48cf982532174e79
p22eb756f85cb3f4b1a2ab055b09d2eb2,c4f1f6016fc9f3f2353c0cc7c67b292bd
pc94d629041a256c731228ea57f8ad1e5,c292b2a47cb8a54678be1574cbd38b405
pd1cc04304323ff46a01682ecda0e3a41,cd4f5a33e45ed97b36b1cf36ef196a57f
pe8ae255593175419f3f7223946e0b982,c9e727fdd3aec8274f46685441900280d
pe8ae255593175419f3f7223946e0b982,ceb92718ed6af8ad7884b54abc066a2d7
p029b07abf2b93cb38d88272a0755dcfb,c77631ca4f0e08419b70726a447333ab6
p029b07abf2b93cb38d88272a0755dcfb,c7acdf85c69cc3c5305456a293524386e
p029b07abf2b93cb38d88272a0755dcfb,c25d72fc2c168b79ae5327878e134e6cc
p5e2dba3b19f427bdd828e4a861c7bb29,c0ba29c6a1afacf586b03a26162c72274
p0812ebddb89fd62801f0cc5d3910841d,ce007936645ee34346b36c5d135c6e46a
p0812ebddb89fd62801f0cc5d3910841d,ca287e3cf8f643280c9a702c192de2b67
p0812ebddb89fd62801f0cc5d3910841d,c9656ce5c95bf9c2606bafc79daddf2cc
p0812ebddb89fd62801f0cc5d3910841d,c0672a0a27b1493126ec1ee35189fa4db
p0812ebddb89fd62801f0cc5d3910841d,c6b066703823b6e21eabc53287fb8b144
p0812ebddb89fd62801f0cc5d3910841d,c8b29471a8cbd9d74abf15de590dc517c
p734df2177d5b07f6f6786445852f5f6b,ca4704fd35f0308287f2937ba3eccf5fe
p734df2177d5b07f6f6786445852f5f6b,c984c52a196b00be4b98ba32c5ca70bfc
p734df2177d5b07f6f6786445852f5f6b,cafedf9afee367f51f98d7cf030c976a6
pe6d331af5b777407d50533b07b766041,c603dd2e9a51b26cc1ff9b614570643c8
p0a809580698ff3e79df196de2730c847,ca4704fd35f0308287f2937ba3eccf5fe
p0a809580698ff3e79df196de2730c847,c256fc422c39806403615d76c9074764f
p0a809580698ff3e79df196de2730c847,c4994a8ffeba4ac3140beb89e8d41f174
pf0d156b6a105f8a9715b42194789ec11,ca4704fd35f0308287f2937ba3eccf5fe
p19ff8118cbb1373953e50d6463b27d09,ca4704fd35f0308287f2937ba3eccf5fe
p39afdd1912edd217c3b6cf3256a338a4,cf397b7fccd4702bb9324e0e6c5fa351e
p39afdd1912edd217c3b6cf3256a338a4,c63c3852f49d7d24afce5a13dd414ec74
p39afdd1912edd217c3b6cf3256a338a4,cd1ba642eeb719c054071d87264befc52
p39afdd1912edd217c3b6cf3256a338a4,cb403abb409eca78b78f827e850c5fa33
pbfeffed5e940bbe41902ccd506d209df,cfb1b6e23a3767d2a31ef7899e6dd3f1e
pfe7532fa1daaac974268597e0892ccdf,c2bf8e985d63ece95d849a7485afd4691
pfe7532fa1daaac974268597e0892ccdf,c973969af72d3b5094d5b1598949375e4
pfe7532fa1daaac974268597e0892ccdf,ca45da96d0bf6575970f2d27af22be28a
p4f6eab7b1c18708ff331ef7015bde618,c8c16cbebef45d87fd2b36ce69f46c526
p644e4cd8c9d24bf001dc3b5509ce68d3,c9b62305de14f24a0111b59ac6e687b80
pb097ed8f57f45fe23175b0f438579ff4,c77631ca4f0e08419b70726a447333ab6
p5844ba17eae66485137f160ec70bb05b,c26fccddf2f94b1685b184267996e10f8
p5392355cbcbe7e1cebef598b0e4b1473,c26fccddf2f94b1685b184267996e10f8
p0cc551523bf6f68a55a4921795324a4a,ceada819634d0164c6a7547bdcc405033
p0cc551523bf6f68a55a4921795324a4a,c575e0dc3e4b24d90d2a216d4dc5d0f09
p0cc551523bf6f68a55a4921795324a4a,cdf814135652a5a308fea15bff37ea284
p4a6bc3229a37149d445992fd44afa7a7,c1de0cc94f381baa599628e43cbf815e0
pded754318d428af3ca7a19b49a6c001b,ca4704fd35f0308287f2937ba3eccf5fe
pded754318d428af3ca7a19b49a6c001b,c375d0a1607dc1c165590ca7db8f0e326
p0f41576b33ca3c22d24f40ddbe3e8b0c,c77631ca4f0e08419b70726a447333ab6
pa1a689bd6c179a56fdf1acadcf8157f0,c7848a22d65a63ea5290a7c4a2f3ffa73
pb0066347154bea18a019eb5ed7570767,c77631ca4f0e08419b70726a447333ab6
pb2da5d141470c0ebb4ef9e36873fc381,c12d5ec3626fe7777cfcdf95d0f55e3b3
pb2da5d141470c0ebb4ef9e36873fc381,c02ff34718b4ce6a13f74b2f628dd309a
pdccb5ea933abb6a80a690e24fe6dc62f,cac70412e939d72a9234cdebb1af5867b
p905e43c744cab2f3c77eea4554b47d4c,c33d7f1ec5fe18e7ba799474138e71504
p2f27d3fabb30e2e6821ace2032ada72d,ca4704fd35f0308287f2937ba3eccf5fe
p2f27d3fabb30e2e6821ace2032ada72d,c8ddf793655a47d1de2721e32313ebf36
p2f27d3fabb30e2e6821ace2032ada72d,c8f7ba58961e0fe40cfda61b412537fba
p0a19a87ea8161b46c6e8d5cd2c42007c,ce6fc8ca876d0d45d74d881f9ce9c974b
p0a19a87ea8161b46c6e8d5cd2c42007c,c6103f3cc99700c0c1f6ab8efd88756fd
p0a19a87ea8161b46c6e8d5cd2c42007c,c3a7622c57f47464a4fb9935d83d6c09e
p0a19a87ea8161b46c6e8d5cd2c42007c,c1c3be160b34b34a359cce1969450a0d0
pf5f8d6cbc39a923f9c4bab147236386d,ca4704fd35f0308287f2937ba3eccf5fe
pf5f8d6cbc39a923f9c4bab147236386d,c7f6c02d96265dd1d37b1101de1101541
pf5f8d6cbc39a923f9c4bab147236386d,ceb6d8ae6f20283755b339c0dc273988b
pdb2cd3ca0008644103f3c684155e8fe5,c6016a2b341113bf496b719905398ecd2
p92eb4214f777fac0a475a6b5bdec6f0e,cb3e69fc305deb4c9a98c9eca7d1a7746
p7914ccf4637fa282d77f9575490c7cca,c30a61870b0726430151d669fd3459ac1
pf8af18aafa85dac6be6eb754e9483a94,cc735ca28f98e533a5534dab7927509d8
pc7f4541eb5b9e2376f3eb473da959ce4,c8a5b357a1dbe7aaa6be4842b9f90a85f
pc7f4541eb5b9e2376f3eb473da959ce4,ce62d9a0bb29e53adf6aab5982f308218
pc7f4541eb5b9e2376f3eb473da959ce4,c05c2181f1c0bca06ab7d23e01946c01a
pc7f4541eb5b9e2376f3eb473da959ce4,c7a61eadb9dab5da3ccb5a4c0ee246e21
p9f7c0dc78a99134e2e2710ad97ac90d7,c77631ca4f0e08419b70726a447333ab6
p5559e7d7b29e00e123f63ab5bbec9f32,ca4704fd35f0308287f2937ba3eccf5fe
p5559e7d7b29e00e123f63ab5bbec9f32,cdd339507f8d1fd6487e492cec7398942
p5559e7d7b29e00e123f63ab5bbec9f32,c5b977909710855427ac2d915b3b7c38c
p8ddd53668571ab5e56cbc3dde86fda0c,cfdc32a55217f1ca054f1f2b51ef4f6ec
p8ddd53668571ab5e56cbc3dde86fda0c,c9bc05d0fdf5b16984c37b23709d0e7b4
p8ddd53668571ab5e56cbc3dde86fda0c,c86408593c34af77fdd90df932f8b5261
p4b67d408532192e6f19d51200387de10,cf03ab16cd58372c77ba45a3d9a5a1cb9
p4b67d408532192e6f19d51200387de10,c210a2592d5931ebaafe8d0b8380cfccf
p4b67d408532192e6f19d51200387de10,c0b79795d3efc95b9976c7c5b933afce2
pe0c0a3aad83f014c819bdd43bf4f1c06,c77631ca4f0e08419b70726a447333ab6
pe0c0a3aad83f014c819bdd43bf4f1c06,cc8205c7636e728d448c2774e6a4a944b
pe0c0a3aad83f014c819bdd43bf4f1c06,cf03ab16cd58372c77ba45a3d9a5a1cb9
p73b242ee5cdd6d0b44ed908c04125058,cf22794f69ce5910cb4be68ff9026570d
p554ad0586315c430ed04f5c95847bb75,cd9344ca4c706423a2d74255886e06101
pc12b45eb6b82d0c79b51c5bcc1614584,cdd339507f8d1fd6487e492cec7398942
p1c9693d434bee2327819dbbc1e6a417d,cb2917325dd1af610df915e0b878fda31
p1c9693d434bee2327819dbbc1e6a417d,c781f2a30a78c7de9e38d4597d32791a9
p1c9693d434bee2327819dbbc1e6a417d,c4295e8065f2f640103f566df3329e17f
p1c9693d434bee2327819dbbc1e6a417d,c9074d4992d118978696669561f06dfcc
p1c9693d434bee2327819dbbc1e6a417d,c0f217972ba4782e962e2a3eaeefffe9c
p1c9693d434bee2327819dbbc1e6a417d,cad63a35ea2ac8a42233e5ac6cb325d34
p1c9693d434bee2327819dbbc1e6a417d,c9dea51b41ad380aa83f2a25a7cecc5eb
p1c9693d434bee2327819dbbc1e6a417d,c66c3370bf227f8b017a619de7f5897fa
p1c9693d434bee2327819dbbc1e6a417d,c5434ab49a581254ba25426f757fa054b
p1c9693d434bee2327819dbbc1e6a417d,c928a87628e50136bb51b192950a945e9
p1c9693d434bee2327819dbbc1e6a417d,cd522b7276a4e7a8010992057a36479b3
p1c9693d434bee2327819dbbc1e6a417d,c96c5bb989692a6446449072b68a251c9
p1c9693d434bee2327819dbbc1e6a417d,cc1428964e049774467e62644b7769268
p1c9693d434bee2327819dbbc1e6a417d,c8f89d6b5a2580a8376ed5e4f879a457f
p21201236099d38806f8ae79a0f26b648,c77631ca4f0e08419b70726a447333ab6
p4e494a7c618f6b3a4e734af7778e40b2,cadf9f772a73f364e4ce6c52b9fae740d
p4e494a7c618f6b3a4e734af7778e40b2,c207341225027004efe5420dc7813c160
p4e494a7c618f6b3a4e734af7778e40b2,c9a166e7dc472ebc5217977d7f3cabd05
pfa7c929f16b7b48eaee871ce14162971,c00af9c51e8c7cc7b22e107b938d91fbe
pfa7c929f16b7b48eaee871ce14162971,cf96e345fdc19cbd4cf15256c251a39a0
pfa7c929f16b7b48eaee871ce14162971,c014f4ffd86811495a8e5c971bbb6c7ef
pf900f9138d3161561c47a3e8e61f616e,c0f9263536b9fc61ada745644735bfd8f
ped611e00c6e91aabde6cb4da2f781cf8,cfba65176871949c9cecf94c22b08f6fd
ped611e00c6e91aabde6cb4da2f781cf8,cda90adfe79373575be38489e34103d1a
ped611e00c6e91aabde6cb4da2f781cf8,cf1a29e0a17bdffd071ee50c7ab4c6daf
ped611e00c6e91aabde6cb4da2f781cf8,c43db3a754a9bd3f34a184e5350df85cb
pf025cd95b40550fce1ffd7bcefd47623,c7eec7b334c1248deb5c17712cd749a19
pf025cd95b40550fce1ffd7bcefd47623,ca1bc68e995c44d1f9fbfe3a7d60be32e
pf025cd95b40550fce1ffd7bcefd47623,c17ffd0ef72f7221866283fdda8cb13f7
pf025cd95b40550fce1ffd7bcefd47623,c052a369206e4fe3ef59d3d8d843c2cc4
pf025cd95b40550fce1ffd7bcefd47623,c2d1c23c9932879d320cc12e86895ad0b
pf025cd95b40550fce1ffd7bcefd47623,c26580239d43f65ab9e44760226fd2306
pf025cd95b40550fce1ffd7bcefd47623,c17596e73c6859a5ad525d3045837949f
pf025cd95b40550fce1ffd7bcefd47623,cd7a0beace0b949199a1af11cdce1f5a8
p428b02ec15aecfde66afbebbb39921b4,c7d7b41f7ccbb0f21672eb5465fbe0e2e
p428b02ec15aecfde66afbebbb39921b4,c1724529909565537523a32e123e88e3a
p428b02ec15aecfde66afbebbb39921b4,cdd7f99debe7ffde2824996f6cbb86670
p428b02ec15aecfde66afbebbb39921b4,ca052bdabfc2457b295bd819d25173a9a
p46c29935c7ce25f44f100042271791ac,c981b8fcee42e1e726a67a2b9a98ea6e9
p94729f2dfc7b76778fdf11560a10f963,c5ae7fb3197b6fd8c723c7766a5680e2e
p94729f2dfc7b76778fdf11560a10f963,cdd739212c2fa7eeeb733ee670e5f8e17
p94729f2dfc7b76778fdf11560a10f963,c0aa6f4210bf373c95eda00232e93cd98
p0fc2d5517987a04f1ea56cfb526c83ea,ca4704fd35f0308287f2937ba3eccf5fe
p0fc2d5517987a04f1ea56cfb526c83ea,c8c16cbebef45d87fd2b36ce69f46c526
p0fc2d5517987a04f1ea56cfb526c83ea,ccd69b4957f06cd818d7bf3d61980e291
p8fbf4482ebfa4dcb06dd2692dbc01c27,c6e599f7a2a9186d391be4537f105be98
p8fbf4482ebfa4dcb06dd2692dbc01c27,c8189ecf686157db0c0274c1f49373318
p8fbf4482ebfa4dcb06dd2692dbc01c27,c8e5d9dbc85b2f11b4b8bed57cadf53e5
pc6f9722b6bb44cc3f017ca7706a7850d,c3b302da76db58328de4f87af0085a24f
pc6f9722b6bb44cc3f017ca7706a7850d,c022bf62ac54f913f2bf4850782247637
pc6f9722b6bb44cc3f017ca7706a7850d,cced37c528b0510dc778000176ea5b45e
pc6f9722b6bb44cc3f017ca7706a7850d,c6bf29ee9d0d90da04ff77c3d3879f4e4
pc6f9722b6bb44cc3f017ca7706a7850d,c012d211b4ec576a35106dc4b9bff44e8
p8ee71f6d8cef270c1e876c56bc1778df,c77631ca4f0e08419b70726a447333ab6
p8ee71f6d8cef270c1e876c56bc1778df,cf39181116a0042e3b50710c2a1e70f74
p8ee71f6d8cef270c1e876c56bc1778df,cd7778d0c64b6ba21494c97f77a66885a
pe353dbe42c8654f33588d4da0b517469,ca4704fd35f0308287f2937ba3eccf5fe
peadea0c93a89733bf7922a2f34e93d76,ca1df235f31ab488efb8dad38948844e1
peadea0c93a89733bf7922a2f34e93d76,c4261be6f824fccea87170cf7c6b4b364
p7e7f05d6c3992277a88ccabd259a166c,c8a9e64d86ed12ad40de129bc7f4683b2
pe98beb1f0184aeca18c53195fe284c60,c6b435e72eab069c64ea6231dc94af030
p0324a0008b6681b5c87384fdba857ab6,c5d5b78699e57104f2fa03bbdf7b9197b
pd580218441bc1687984152b45803aa84,cf3d6d6f14fba9154c43c28a051ca3c40
p706f28123acaf24c556b957ebd3db999,c5d5b78699e57104f2fa03bbdf7b9197b
pa79ce9eaa7906a95eb2e70a085504337,cd685640410801eb03bb5dcb58186458f
pc3cc9963a5216089fa389e861d9e60a3,c5b400cb25bf8d47b71485a3c85c73c85
pc3cc9963a5216089fa389e861d9e60a3,c3f75663a007317ea12dda45dbeaa75ee
pc3cc9963a5216089fa389e861d9e60a3,c00fc3594abed94b9442768a87748ecaa
pc3cc9963a5216089fa389e861d9e60a3,c8d3cad9754a9e9838bb1c4467ce545f0
pc3cc9963a5216089fa389e861d9e60a3,cfaeaec9eda6bc4c8cb6e1a9156a858be
p62bfd8db394cac7d45b4549142335b35,ca4704fd35f0308287f2937ba3eccf5fe
p62bfd8db394cac7d45b4549142335b35,cd0bf1810982e9728fcf3ac444a015373
p62bfd8db394cac7d45b4549142335b35,cc55582518cba2c464f29f5bae1c68def
pb511c84b6d23a4fc2b035addfa986295,cb94d0798945de998a51091134381f174
p225e23294a25c745e26400b4e28f23a0,c77631ca4f0e08419b70726a447333ab6
pcc0c5b2181459cbe45ae223057312fea,c615e6f9baca5553d44683a098d342b70
p16b1778da826ff91b0443b659da28ac2,c77631ca4f0e08419b70726a447333ab6
p16b1778da826ff91b0443b659da28ac2,c5d1cf40864fe85e4760aa1d227945b32
p9cfba012c937d8e86790289fd13c27bd,cad1ec60c9e1f10f6a9f5d9f2c5254bc6
p9cfba012c937d8e86790289fd13c27bd,c4b1b4dc8cf38b3c64b1d657da8f5ac8c
p9cfba012c937d8e86790289fd13c27bd,c688937ccaf2a2b0c45a1c9bbba09698d
pf5e06790222da398db9841bee9093778,c5a8d9c1382bb71230ac5a323c40cd71c
p3ff6caa03f33f1a7af428cbce7d2d450,c07a3dd247ad6bec7fe401aa11619959f
p3ff6caa03f33f1a7af428cbce7d2d450,c98402eecfbcefc336954458a01752131
pee8665051dbcafe0f2cab78839a31d93,c28d0edd045e05cf5af64e35ae0c4c6ef
p513d601372bdcc0af9ab27fbfcc67ef5,c66312fab784c6910aa4c9620187b557a
p513d601372bdcc0af9ab27fbfcc67ef5,cb765297a41edb35cfd130400b04f76cb
p513d601372bdcc0af9ab27fbfcc67ef5,c42aceba8494eb9083153e40571592b08
p2726651847556840e2f1de0335dde309,c47df6dde6cfeda4405ec4d3bfd360828
pdf7a21c2ead2b7fa0ec0672f0776dcb8,cbe53a0541a6d36f6ecb879fa2c584b08
p6998940ec4a9be3ad08a0fff1c654bb2,c77631ca4f0e08419b70726a447333ab6
p3b2855ae2d62c7ef30e728431d32427b,c4d9ba0c70be930cc598307b366390e84
p3b2855ae2d62c7ef30e728431d32427b,c0c7d6cf19426e01dcfa32434828ed266
p3b2855ae2d62c7ef30e728431d32427b,c540b21ecdb276f5087ee585cedd6d5d0
pf61bd48248b654a919793154fddf27c8,cdb3c1c216f4094bebf69078b1136c069
pf61bd48248b654a919793154fddf27c8,c115ceb5d2368a351085417fd15db55a9
pf61bd48248b654a919793154fddf27c8,c022bf411396d2bef893d7ab1abce15e1
pf61bd48248b654a919793154fddf27c8,cb5f4b1ab6536efcf05f785145ab9b91c
pf61bd48248b654a919793154fddf27c8,cc6b6562c8fa2ded6315ce26983a20ea0
pf61bd48248b654a919793154fddf27c8,c09ffa1dd5c3af686d5965243e73b3eda
pf61bd48248b654a919793154fddf27c8,c6a43f5115d27f415dad8d16a0f9812e7
pf61bd48248b654a919793154fddf27c8,c3205641de1cf8fb3a4eebd42d8af3216
pf61bd48248b654a919793154fddf27c8,cb47560a8c940a34323cdbcdb8aa30ea4
pf61bd48248b654a919793154fddf27c8,cf5d4ae6a7c98fa391d256fc880da4ff0
pf61bd48248b654a919793154fddf27c8,c692ec4c6b010c98cc025bb7aa055786d
pf61bd48248b654a919793154fddf27c8,c9da290dd5127433e2d89e32715705b26
pf61bd48248b654a919793154fddf27c8,cdf64854ca2f188c03d38fc4c2a7478ff
pf61bd48248b654a919793154fddf27c8,cc05f6c233521207f6fe311afef550c3c
p414f075518a743ddccd0b103ef4b8fdd,c77631ca4f0e08419b70726a447333ab6
p61b7639e6ccd9b682f525ffceb86ebcb,c77631ca4f0e08419b70726a447333ab6
p52d3aa5b226103bef643b24ab5f1186f,c0dfcf23e6610dd9ef6092e4cfedd7c07
p52979c467dac7ef4f7d796a08bb86964,ca4704fd35f0308287f2937ba3eccf5fe
pd580b00199d9f9cd813dfb056674e6f6,c275dfccfece442bef6586d62ab24d475
p7422d3375b48fea2eb51b9dcaa35d7f5,c464e07afc9e46359fb480839150595c5
pb133d937f31d830cf9f3ed4bd8c32bcc,c704b5561562b054400f33f22cf61c5f5
p37adcf87531c84250308a24f36d086b7,c60e46aeaed758964902dd7ae99858f03
pff89a9cd60c7fe1d8ccf3a59dc38cd81,ca4704fd35f0308287f2937ba3eccf5fe
pff89a9cd60c7fe1d8ccf3a59dc38cd81,cf5a7924e621e84c9280a9a27e1bcb7f6
pff89a9cd60c7fe1d8ccf3a59dc38cd81,ce7c770a61dbdf81ca922ae0260e327c1
p06bcdbaf41bb23cb77c7b93c6745c62b,c77631ca4f0e08419b70726a447333ab6
p8a5709e3d9ab258f1d01b484f18ea8bc,c2686774f6e077bec0436a190954a87d5
p8a5709e3d9ab258f1d01b484f18ea8bc,caf6e9bb02286a0af61a3a3e72dadfb3b
p8a5709e3d9ab258f1d01b484f18ea8bc,ce564ca27bf34839c510238115698786b
p5e0053f23190aec0e278c648bd9034ca,c1d664bb4fa1dd8440600b66fc4e8d1ef
p5e0053f23190aec0e278c648bd9034ca,c64ef07ce3e4b420c334227eecb3b3f4c
p5e0053f23190aec0e278c648bd9034ca,c29e8eee8080186f2ad6e56e3c0aa56f6
p5e0053f23190aec0e278c648bd9034ca,ca5c7917c0cbd82c20304b1a0c304f571
p5e0053f23190aec0e278c648bd9034ca,c76b7593457e2ab50befe2dcd63cf388f
pb5b4e30203f17defb9ca6b9d61d74dbc,c77631ca4f0e08419b70726a447333ab6
p6d4f7149a954284e8dfe473945972050,c36ca8b27f92026a233b4a2f81dc92397
p6d4f7149a954284e8dfe473945972050,c98402eecfbcefc336954458a01752131
p6d4f7149a954284e8dfe473945972050,c944cf0b91745f3f0c9e112c3b2c83583
pe33ef6a9eb5e9bdc9dfb66b47e60c46a,c60e46aeaed758964902dd7ae99858f03
p089d324d2807e0264eab5d9dcbcdfe11,cbba95533b6f582e295b52fffd93cbb7c
p089d324d2807e0264eab5d9dcbcdfe11,c4c3880bb027f159e801041b1021e88e8
p089d324d2807e0264eab5d9dcbcdfe11,c7407fb7e6a4df6392aaabd2368157312
p90669298daa5504e06258e83aace0611,c77631ca4f0e08419b70726a447333ab6
p90669298daa5504e06258e83aace0611,c1b1cc7f086b3f074da452bc3129981eb
p90669298daa5504e06258e83aace0611,c2ceea82aab3ac5bc623e79186b389481
p98507e69be517eaacb3d748cb7bbdbad,c497031794414a552435f90151ac3b54b
p98507e69be517eaacb3d748cb7bbdbad,c14ecfbc5403b00fa4432000ad75d6e92
p56dd8c13650d9d57961993b015aa7d1d,c8f49c956f4f16c420457855918b61b24
ped0248bad94367d5daf7e488c13d9764,c250ea11a17851b86345df7854da92e01
ped0248bad94367d5daf7e488c13d9764,c1afa74da05ca145d3418aad9af510109
ped0248bad94367d5daf7e488c13d9764,c2df579f3d044331e74dce85d6a365dd7
ped0248bad94367d5daf7e488c13d9764,c8b8b52febc937f9aa0194a03aff80913
ped0248bad94367d5daf7e488c13d9764,cfcf8219012d1d848bb13d41c75c0ba3f
ped0248bad94367d5daf7e488c13d9764,c655c18297a39d562dbbae3d9a7485338
ped0248bad94367d5daf7e488c13d9764,cca06cf0518967c0166a3d97a7bbef4a3
ped0248bad94367d5daf7e488c13d9764,c9a1d4889c6f94364db18eafe67a48edb
ped0248bad94367d5daf7e488c13d9764,c8c3f6c149d169565a790298e26fb81f1
pc38fbf083a16242743c5bc03663f7014,c54482114bc2eb51176ab72cf0ff253e9
p0108b1b521b54580a50be4178c4026f0,ca4704fd35f0308287f2937ba3eccf5fe
p0108b1b521b54580a50be4178c4026f0,cf98714815862cc6a2f47e6a3e6f045a5
p0108b1b521b54580a50be4178c4026f0,c653ac32c6b9de96c55a6fcac6480ec00
p49bce4fd14e72ef7b699bc5a98ba7444,ca4704fd35f0308287f2937ba3eccf5fe
p7ceec94290efc544839eaf176d947e67,c93b35952d0f7a6db338dc3cbc4e43df7
p2615aff64964d72caf2a1a55f0f1bff7,ca4704fd35f0308287f2937ba3eccf5fe
p2e4aaa80d53d1afbb394e4845c8e6671,c33b2e2f1c263935b02a4f3d6556ac894
p2e4aaa80d53d1afbb394e4845c8e6671,cdd8049e7614c1a990198eba4d354fa1b
p2e4aaa80d53d1afbb394e4845c8e6671,cac70412e939d72a9234cdebb1af5867b
p201dbcb1aaaa07181024c406897c8da0,c25d72fc2c168b79ae5327878e134e6cc
p201dbcb1aaaa07181024c406897c8da0,c5d30f54fc5f12894fd1afbf4d41c5969
p201dbcb1aaaa07181024c406897c8da0,c2d9d499f457f866cd4e692bee7369005
p38576759983eea6eb5bd36eebab5f08c,ca4704fd35f0308287f2937ba3eccf5fe
p38576759983eea6eb5bd36eebab5f08c,cf5a7924e621e84c9280a9a27e1bcb7f6
p38576759983eea6eb5bd36eebab5f08c,ce7c770a61dbdf81ca922ae0260e327c1
p8611f4355831ae0ec9d1408168e16936,c00bd658f08e144a20fa99d011cd0b9a6
p8611f4355831ae0ec9d1408168e16936,c0b7db9103c2d1351f2a3006f13afa574
p8611f4355831ae0ec9d1408168e16936,ccc543c64c104746355106cdb676f75bd
p8611f4355831ae0ec9d1408168e16936,c7a4ba4adc20bf4c0087ff71ad9aecc63
p8611f4355831ae0ec9d1408168e16936,c0fa57570a53b9fa1fc2e94f2c8f1a72a
p8611f4355831ae0ec9d1408168e16936,cc05fefb8e23f737b175a03597a551518
p9e29e3a704121130554eb776a1466114,c77631ca4f0e08419b70726a447333ab6
p9e29e3a704121130554eb776a1466114,ceec89088ee408b80387155272b113256
p9e29e3a704121130554eb776a1466114,c430e23dfa8a1005a5eec889f0e7426ef
pae423ad9608c0569d7b0b7eee9cdedf0,c7fa7d28f823f91a33439076d82032b27
p9a9be591458e299d9efcae04663aa0c3,c25d72fc2c168b79ae5327878e134e6cc
pb5f58eab3d591c0c369993b6aa4a490a,c77631ca4f0e08419b70726a447333ab6
p4ee4f424c75a22f6d6052f82025a4194,cd5dab32b2a7e51b7744e488a9228b028
p4ee4f424c75a22f6d6052f82025a4194,cc2625a0aa7c47ebb8cda539a6589b372
p4ee4f424c75a22f6d6052f82025a4194,cfa5875048fcbbeed08e1c132c508cde4
p4ee4f424c75a22f6d6052f82025a4194,cd4f5a33e45ed97b36b1cf36ef196a57f
pe93ace01130757d33cfd8c23573ad450,c71c5d31a1cfd64f10465081dc2c9d158
pe93ace01130757d33cfd8c23573ad450,ce378791f8d0d473592c985a88cf9526a
pe93ace01130757d33cfd8c23573ad450,cdad7b48b50633a803b3fbdbb7e997458
pe93ace01130757d33cfd8c23573ad450,c178695b760a42b080f53e77092701c2f
p02d95f637a5e7a568685c8bf28d5c116,c39ed26f336ae538df4d2dc8a75a01282
p585ac66f247c8ae462d0ebd6cbe37109,c77631ca4f0e08419b70726a447333ab6
p6fdf8a13d120cd1b1ba89df7410b74ab,ca4704fd35f0308287f2937ba3eccf5fe
pba4506cbe778cb5d07396bea4d68accf,c25d72fc2c168b79ae5327878e134e6cc
p173629b1c24cec27bccd47195b6b5741,c475b62099bbf816e5a92df29364b210e
p337b4b32f5bd3630929d56836294c492,c4984667940802dedc139aa7a430a6553
p337b4b32f5bd3630929d56836294c492,c93b35952d0f7a6db338dc3cbc4e43df7
p79f0a3c58260a3b9f3ac948e07bf96aa,c25d72fc2c168b79ae5327878e134e6cc
pe5d68fe2646f81f950bb9f6b0e687751,c60e46aeaed758964902dd7ae99858f03
p9a55b7ba91f06feeddb327f34432ce46,cd7a84a9fb236df685f29540da550488c
pde402a70cfdeaa9a7125db6ad13aa5b9,cef087651eb482bae4624478696f4ad4f
p2900edb9bdfb11adba543353125d4d91,c77631ca4f0e08419b70726a447333ab6
p2900edb9bdfb11adba543353125d4d91,c8ae856a9f7befcb8ced7fb84160211af
p2900edb9bdfb11adba543353125d4d91,c84a8921b25f505d0d2077aeb5db4bc16
pca9f42f40dc6375da68ff76425b008e6,ca0ce26efd4738b4a8699a1db82c50d2a
pca9f42f40dc6375da68ff76425b008e6,c1724529909565537523a32e123e88e3a
pca9f42f40dc6375da68ff76425b008e6,ca1595abbb4c3a326636dd178757cd6c1
p664ed73019392d043afd5b620e0a14a9,c07a3dd247ad6bec7fe401aa11619959f
pcdbaa5142ec4205522ae07c8aa624b62,cad1ec60c9e1f10f6a9f5d9f2c5254bc6
pcdbaa5142ec4205522ae07c8aa624b62,c4b1b4dc8cf38b3c64b1d657da8f5ac8c
pcdbaa5142ec4205522ae07c8aa624b62,ceca60ae8611369fe28a02e2ab8c5d12e
pf4ef10f93369b145afbb7a3cc33ef3a6,cf5a7924e621e84c9280a9a27e1bcb7f6
pf4ef10f93369b145afbb7a3cc33ef3a6,ce7c770a61dbdf81ca922ae0260e327c1
pf4ef10f93369b145afbb7a3cc33ef3a6,cc6e190b284633c48e39e55049da3cce8
p7a288a80125ba8bc4998edf77c4735c8,c5bef12bd90c791166893bf2b7e96d47b
p7a288a80125ba8bc4998edf77c4735c8,c2a5d6fcf31c507c4584dead2a78aed2d
p7a288a80125ba8bc4998edf77c4735c8,ce19c0855187b9483009570e59e8b2079
p7a288a80125ba8bc4998edf77c4735c8,c07c715b91bfb2dbe489afc1f460b812d
p58c337790d6c72beb2c7db923fa34a7a,c09cc1306955a7d5b2ed367969d4e9d57
p58c337790d6c72beb2c7db923fa34a7a,cd0049d3b3a1ec2034915bf0782c6cfef
p58c337790d6c72beb2c7db923fa34a7a,c597287a4abdf489eb654d5c2397d1838
p58c337790d6c72beb2c7db923fa34a7a,c72ee368e4d91e4af67e722e31aa02673
p58c337790d6c72beb2c7db923fa34a7a,ce573b78adde60fc4562bfeadfff29e0d
p3fc59e44d7a6081ac251ea8a2fbf2f8a,c800efb76c88ed758854b775e2a554cd3
pea97d45ea5dd2922a8ca4d504c84bb40,c5f2bb13f26cf295c5e09ffa641a2c8a9
p7a4074b2fcd8316b2fc36721a22e461c,c87b3695bfd6f672e2c7c4da7ca2b46a8
pab48b77f4744d8533163b3dab8474765,c69f61539de3ecb8f598a0ad9c44dfdf0
pab48b77f4744d8533163b3dab8474765,cf5798b58cdb67cc9370cbbea667c2425
pab48b77f4744d8533163b3dab8474765,ce2113ff08d313a13c1f12eae087a64b9
pab48b77f4744d8533163b3dab8474765,cf2b0c941386d021c0b41e97811517411
p3d3b6e3c4c4bcd7117c015b0701ff2e6,c4e97aeeaa8b15ca1180fcd1f3ac478d1
pe353dbe42c8654f33588d4da0b517469,ca854057827c42526efc64123bf69fe7d
p25b31185f5b7a62ace7bbf713a0772b7,cd608eb0673e49b6c76c0eac10c65ba89
p25b31185f5b7a62ace7bbf713a0772b7,cd8d03160bde0a40339d63e7330ac5b78
p25b31185f5b7a62ace7bbf713a0772b7,cdcf60e282a820c6d8a0eb4fe4f9338f2
p8d3ef87fe970d8b57a69ca744ae23338,cd6b6b668dbca9d4fe774bb654226ebe3
p8d3ef87fe970d8b57a69ca744ae23338,ca5d083fbfc0611e061663c6b1a8ba698
p8d3ef87fe970d8b57a69ca744ae23338,cdcf60e282a820c6d8a0eb4fe4f9338f2
p8d3ef87fe970d8b57a69ca744ae23338,cba352145f3a2766a9891873fd0ef9efb
p8d3ef87fe970d8b57a69ca744ae23338,c8ab7b3f922dcbea814209decbc6571ed
p40f35b0e83a0b81b2b896788d5e96926,c0139c29ede5430437868e80474ff6a41
p40f35b0e83a0b81b2b896788d5e96926,ce73e164452558dc63e883315cac20abd
p40f35b0e83a0b81b2b896788d5e96926,cd07182257bce13d49a5c183864e4a277
p40f35b0e83a0b81b2b896788d5e96926,c45d9e571a29aa7b2fbce208102750fae
p40f35b0e83a0b81b2b896788d5e96926,cdcf60e282a820c6d8a0eb4fe4f9338f2
p40f35b0e83a0b81b2b896788d5e96926,c83ba600edb06010cc46772294c10d614
p2f7d88126c21bd4d5ea21b81cb791eea,c87557f11575c0ad78e4e28abedc13b6e
pa4ce044e6fe2ef9a7edb13d8006680fe,ce358240490ab8ea95a93577a5bfed218
pa4ce044e6fe2ef9a7edb13d8006680fe,c557cab77a87d7098085b9bc53082fc35
pa4ce044e6fe2ef9a7edb13d8006680fe,cf56ec2ab97d604832d90f6394e3f341f
pa4ce044e6fe2ef9a7edb13d8006680fe,cbc967dc2d57e6eff184a821bf7577a80
pa4ce044e6fe2ef9a7edb13d8006680fe,cde9bf85c1611c88a23a340148d424cf6
pa4ce044e6fe2ef9a7edb13d8006680fe,c8f2db90dd4a6fbd95ba8f0bc54fd6b27
p1318b95acdacd19ca74de81af124dcd4,cb0b84ffdb292477094e46e640994966e
p1318b95acdacd19ca74de81af124dcd4,ca42dc0468329263ee316a61b754bda09
pdaa094373aee533e99c5d4c991d9b7b2,cdd5f6a25ad0c5c0896f9780d016c0f11
p63d1fa2245dcc642eaeeb9b98036a318,c77631ca4f0e08419b70726a447333ab6
pf51d7b3a4d5d7c13e7da88b1fd3927ad,c77631ca4f0e08419b70726a447333ab6
p9822b8e1775163ec85f4bc41dd4b0186,c78efdb81c606abecf5203fbf8337b531
p29e00a2acc8ce8d43675e615ef3ea9c6,c77631ca4f0e08419b70726a447333ab6
p29e00a2acc8ce8d43675e615ef3ea9c6,c7a2df5ac764bc2ee72a11ce57c49851c
p29e00a2acc8ce8d43675e615ef3ea9c6,c25d72fc2c168b79ae5327878e134e6cc
p5441e5a9cb3b5e08a346c6963d83ecd0,cef974c0440396ad81f6e2b5de1b5dc01
pefe462bead509fdb13979d0b7d460411,c77631ca4f0e08419b70726a447333ab6
pa5a548e0a2f61bfb05e7e8379af98a10,ca4704fd35f0308287f2937ba3eccf5fe
pa5a548e0a2f61bfb05e7e8379af98a10,c1cc6e91785bf1a950ca3424ff3ccbcb0
pa5a548e0a2f61bfb05e7e8379af98a10,c35ba1271dff4019593d3034c929e1bbc
p75e59791e51b0f29fcaf124b523399ec,c77631ca4f0e08419b70726a447333ab6
p75e59791e51b0f29fcaf124b523399ec,cc007bc528903a0f0a28e840f88cf8148
p97b649573d107091c08d5775d6251557,c77631ca4f0e08419b70726a447333ab6
p97b649573d107091c08d5775d6251557,c9c0ca0cabbd78a5a02bf8447347eced5
pd81f97974ff209a6c67436730f8729c6,caa52110dbfce51cc1ec8a163264151e2
p3264095d6b93e17cc03da81a0669b617,c77631ca4f0e08419b70726a447333ab6
pcf6ff13abc0d130783d4bf1a1d9cf692,c3930f7be7967f063fec609a4004067e1
p24ad1d69696745c8fe8e7bd5e16fe9ca,c77631ca4f0e08419b70726a447333ab6
p24ad1d69696745c8fe8e7bd5e16fe9ca,cc98c19727b6a8b8fcf6b4bf5ded39488
p24ad1d69696745c8fe8e7bd5e16fe9ca,c4d9ba0c70be930cc598307b366390e84
p4ef26ee73f7eb970b96c25fcafa02437,c77631ca4f0e08419b70726a447333ab6
pe093fc53ff732f8b0da56d8f85ecae3b,cb2788e1ab6be65f1c38bf7d23cd081f1
pabf5bd5d3140ce8548b60a30fdad2ab2,ca4704fd35f0308287f2937ba3eccf5fe
pd633a27613ac518074195e8652248537,c490305d4e07887649c2393e9cd38d700
pd633a27613ac518074195e8652248537,ca61c2ff266c60a41ac6c29c86ce504e8
pd633a27613ac518074195e8652248537,c358f38c4a3b7525d92fa7caf93612e31
p549bfd6823cfce6913c1a5bf133ab43c,c1649aed298f99d587e2eb30c1db5946b
p4c352336b9e1700a7ce0c581074705e5,c571094bb27864b600d8e6b561a137a55
p1eaea174522f91a3a7632ff8a2126380,cfb2fef94c00a0db48c6130676ae4cccb
p1eaea174522f91a3a7632ff8a2126380,c7a7437382b504c2fa7943e701b4fb05a
p1eaea174522f91a3a7632ff8a2126380,cb4bb120cd24dda73c172c24b93b6daf1
p1eaea174522f91a3a7632ff8a2126380,c59ac425045102e3eeab03948166eecd5
p1eaea174522f91a3a7632ff8a2126380,ca840421fa2bc5ae09b8e0acdb92c1848
p4641cf2cb23096d71b6dff2294f76a0f,c488834d8aad5f9fe7e96bcf7fa88fc7a
p4641cf2cb23096d71b6dff2294f76a0f,c90a5bcd5dfa7252e33322d16930e7301
p4641cf2cb23096d71b6dff2294f76a0f,c02d37c225b177c03abb8981e971a5603
p4641cf2cb23096d71b6dff2294f76a0f,c679fe1db8dc7308e44404587d0348c5e
p4641cf2cb23096d71b6dff2294f76a0f,c05f7fc4da1b67e195cea49c59b26fe1b
pd4412031a1884d18f5cf2f2b78925508,c77631ca4f0e08419b70726a447333ab6
pd4412031a1884d18f5cf2f2b78925508,cf2b0c941386d021c0b41e97811517411
pd4412031a1884d18f5cf2f2b78925508,ce684d8eeee72ed2583865b78e8d3f57a
pe6315b5073479e1e563046b1b67e7cea,c970eed35cee1a20ccae4e529b5683276
pe6315b5073479e1e563046b1b67e7cea,cad225f707802ba118c22987186dd38e8
pe6315b5073479e1e563046b1b67e7cea,c78463a384a5aa4fad5fa73e2f506ecfc
p3c80fdd909da9a308c3d1247acba3ac0,cb3c5b21d2cb47cc950fd4667edaf404c
pcd9410ea962c512d1efa3322ace6eca6,c1bfbcce75c3c9a52a464d4cb0984488a
pf010211a45642f291661b9319bd340f0,ca4704fd35f0308287f2937ba3eccf5fe
pf010211a45642f291661b9319bd340f0,c41f50950c0be3fc32b1309250ac7ad78
pf010211a45642f291661b9319bd340f0,c9414f9301cdb492b4dcd83f8c711d8bb
pc6e6a5a50897291a549c0886a0cb7982,c77631ca4f0e08419b70726a447333ab6
p0e362f721c3a8731306fda010a111d15,c0daa797f165f322a7b565284e630a112
p0e362f721c3a8731306fda010a111d15,cc1bb19b27818343c1926119b958741b5
p0e362f721c3a8731306fda010a111d15,c181900dad960beccb34f53c4e0ff4647
p234b7f753f1ef1a0929526edb16002af,c6016a2b341113bf496b719905398ecd2
p234b7f753f1ef1a0929526edb16002af,c61d458d8946b919c7c2590e9d6cc0a57
p234b7f753f1ef1a0929526edb16002af,c28c02808d035abd3371299d909f5e0ad
p1e4d02b256dee2043683e9f79c1fd914,c86f5baf708c6c250204451eb89736947
pb40c035ebda6b71518582a12ba469b31,c2bcc11a20e7a1576acb8ec37696ed74c
pf5b84b197ab026d3d9ebfb182cf75a2f,c50c60ac437e4d4ef19c77bdca5bbcf3b
pf5b84b197ab026d3d9ebfb182cf75a2f,cc8b287075ce4f11c834d2a0ada967ddc
pf5b84b197ab026d3d9ebfb182cf75a2f,c1d17cb9923b99f823da9f5a16dc460e5
p7e1d54eaac6d7ceeb7d394eff0610f1c,c841ff1e59495fda6024d6df556abdaf0
p7e1d54eaac6d7ceeb7d394eff0610f1c,c4857b81b9ef8b55be91e34c3181d7e97
p7e1d54eaac6d7ceeb7d394eff0610f1c,ca412c5672abe906562f5668b3b1c2f39
p7e1d54eaac6d7ceeb7d394eff0610f1c,c63a006202a70bd7f6565d914fd41150e
p7e1d54eaac6d7ceeb7d394eff0610f1c,ca41871020174558e89b5b1174ccd6cce
p7e1d54eaac6d7ceeb7d394eff0610f1c,c9059130561ee2dacf45d5dcf13db1aee
p7e1d54eaac6d7ceeb7d394eff0610f1c,c4bf73c93e7ede9961acceb3476ffd86c
p7e1d54eaac6d7ceeb7d394eff0610f1c,c841d806fd1f9758dbbed5b4dbfcccfe3
pccc633d5ca45ee4ecad1ce5a482b4c91,c08781b29d5ac13d64089d3da1902d0cd
p5fdb0304541647d2809c2c66a787c431,c93a097009b6443e711996c50b5354adf
pcd9a248a33cd7dd388b525c59044fabc,c827452688eed02a12178e96f924ac529
p19c36abdefd107d8f98941ae8df27184,c929f47df8202b445a47ebd49d74555b0
p7d5e0651fefbdf7c11ad87e9ac59a703,c54e304df3f5a482298e835c60836c519
pce505a47e56f36d842604016330b6437,cbb9ee5151746072a0e7c359d49345f1b
p0520a5ea32123169f526758e9961f73c,c30693bc33782bc5a7a91233f452c1fac
p0520a5ea32123169f526758e9961f73c,c94e8a499539d1a472f3b5dbbb85508c0
p0520a5ea32123169f526758e9961f73c,cd61ebdd8a0c0cd57c22455e9f0918c65
pc4e00dbb470260083b4cb65b214ebd3f,c8fbf82a3ccb8e331c075caa529e8ef7c
pbb9536356830de70a830853a2cc7ab3b,c992ca1b0695c9656532e0b2aee8fcecf
pbb9536356830de70a830853a2cc7ab3b,ccf65cd2fa6e35b5d85227e57695723e9
pbb9536356830de70a830853a2cc7ab3b,c69f61539de3ecb8f598a0ad9c44dfdf0
pbb9536356830de70a830853a2cc7ab3b,cf5798b58cdb67cc9370cbbea667c2425
p8925a4ee4b5e4548e38ab7e3394fcfc3,c07e01d7a96d9fd76cf08aa5916f7c788
p3d021aecc5dea4b4903d9df8b03f90ee,c69f61539de3ecb8f598a0ad9c44dfdf0
p3d021aecc5dea4b4903d9df8b03f90ee,cf2b0c941386d021c0b41e97811517411
p3d021aecc5dea4b4903d9df8b03f90ee,cca42cd2cb8a6daa0e460f69f8020c47e
p3d021aecc5dea4b4903d9df8b03f90ee,c739e6d2a73723ec7b1919fa5a51f9b07
p3d021aecc5dea4b4903d9df8b03f90ee,ccbc6e9792f97c17c170caeb83895c44e
p5a3728a8ae59a12312563e972aaa9512,ca462c8874b0b12c7c598d2083e0f0c6c
p5a3728a8ae59a12312563e972aaa9512,c0b27918290ff5323bea1e3b78a9cf04e
p5a3728a8ae59a12312563e972aaa9512,ca45da96d0bf6575970f2d27af22be28a
p6930d8460db356575f6c320b31c17d75,c955cd8691ca89a6baa6ea10c7787e604
p6930d8460db356575f6c320b31c17d75,c181900dad960beccb34f53c4e0ff4647
p6930d8460db356575f6c320b31c17d75,c35bf1210e6727959a7a88a00462db959
pc0fa33d50562960350565f54c4aa9ace,ca462c8874b0b12c7c598d2083e0f0c6c
pc0fa33d50562960350565f54c4aa9ace,c6ec1bd1ea6a5d67a63b20c8f6172bddd
p2a3420ab8584f52257dd491ff93815ea,c5c835c22429f25992b4371691ecde1a4
p183172941a60e66c83df06d3a1b19fa0,c0d64a205a1b6a15c578087f7d303bfbb
p183172941a60e66c83df06d3a1b19fa0,c721296c5ac6d86d1da41b09879e37861
p183172941a60e66c83df06d3a1b19fa0,cfbae3b1930e98d4d34257f75f33d1b42
p183172941a60e66c83df06d3a1b19fa0,c7b46f454bd7438e4073a007078c10121
p183172941a60e66c83df06d3a1b19fa0,c1c3d19b09fd9005623bf201b936bfde7
p183172941a60e66c83df06d3a1b19fa0,c1afa74da05ca145d3418aad9af510109
p183172941a60e66c83df06d3a1b19fa0,ce4bef3e67caa0e8a791a968d8768b7ec
p183172941a60e66c83df06d3a1b19fa0,ce85a5d05a6018a4d5bc832fef0ab5c3a
p183172941a60e66c83df06d3a1b19fa0,c42ae466cda7f3803707abe0046067b63
p183172941a60e66c83df06d3a1b19fa0,c9a1d4889c6f94364db18eafe67a48edb
pab818566fc00976746510cdc325c491e,c77631ca4f0e08419b70726a447333ab6
p50d9a595d67aac0b3c70e4619960e931,c77631ca4f0e08419b70726a447333ab6
p779a14f2e6be35570769a11bd167b2e2,ca4704fd35f0308287f2937ba3eccf5fe
p779a14f2e6be35570769a11bd167b2e2,c8afda3fff34bead96d87f0a2d21c2f56
p779a14f2e6be35570769a11bd167b2e2,cad63a35ea2ac8a42233e5ac6cb325d34
p8e3227e08ec61af5144ba12311642565,ca4704fd35f0308287f2937ba3eccf5fe
p8e3227e08ec61af5144ba12311642565,c9768feb3fdb1f267b06093bc572952dd
pb704d443f4b554398469031f7d62461c,c370964eec07cba8c52acb1ce1b35ab6a
p6565f2b644632aebb3629dccbc59dd00,c77631ca4f0e08419b70726a447333ab6
paa1de2bbaa0f1506c43b39eacea7ea42,c77631ca4f0e08419b70726a447333ab6
paa1de2bbaa0f1506c43b39eacea7ea42,c053f42c6bae3432cae270ea978f7e638
paa1de2bbaa0f1506c43b39eacea7ea42,c48fd454f9865cd6ba8590cbe6ee54fb3
pa1ded921c76ee13b0ffe81abad330aa6,c77631ca4f0e08419b70726a447333ab6
p39e9d8986512e7bc63e59813b36e09b9,c2db29feca78ba722efc29c4a0944cf8f
p5edfb6c77801daab1f3a4de8342d4bee,c1de0cc94f381baa599628e43cbf815e0
p232c9cc039ae2a62dff6b8583846cb4e,cf5a7924e621e84c9280a9a27e1bcb7f6
p232c9cc039ae2a62dff6b8583846cb4e,ce7c770a61dbdf81ca922ae0260e327c1
p232c9cc039ae2a62dff6b8583846cb4e,cc6e190b284633c48e39e55049da3cce8
p2b4be3d416c73fb12328d0fe80567cf2,c77631ca4f0e08419b70726a447333ab6
p2b4be3d416c73fb12328d0fe80567cf2,c4b088aaa68446b6ec08cdc385d03516d
p2b4be3d416c73fb12328d0fe80567cf2,c9b6545e4cea9b4ad4979d41bb9170e2b
p4a8032409a330f1dbb60dd8105d5fff0,c36ca8b27f92026a233b4a2f81dc92397
pd89f891990aad59cc9eff38a65fb240c,c7a5259af76484b5a33dadefb4cd7caba
pd89f891990aad59cc9eff38a65fb240c,c8a6b65480e1687f03650d2b8a65e2811
pd89f891990aad59cc9eff38a65fb240c,cfcf8219012d1d848bb13d41c75c0ba3f
pa9b48599c270ebcb004f0cb40c59e652,cdd1f775e443ff3b9a89270713580a51b
pa9b48599c270ebcb004f0cb40c59e652,c5dd09b5059f55625a861719183fceaf0
p18d57b2671393d1f51c794bcf31fe4ee,cf6b2976d4003034fa24e4beac6fb9f79
p18d57b2671393d1f51c794bcf31fe4ee,c038a93b8fdbf00a6e5eab9a18f7c95de
p18d57b2671393d1f51c794bcf31fe4ee,ce055ef65cf32f3405d5795c72637616c
pb57a4bb2b2698f87980ad6cf02c730d8,c719d067b229178f03bcfa1da4ac4dede
pfc757c826c219fc4499b92b43f6640da,c77631ca4f0e08419b70726a447333ab6
pfc757c826c219fc4499b92b43f6640da,cc3bbd504b804bebf52a3973123ecd5f6
p25809346270fbbb1f80a4585c068a49c,cae8e8d23c8793a5a0240d2f0ae32a7e7
p25809346270fbbb1f80a4585c068a49c,c2bb387c51f0ebdab53cc485d53694d37
p25809346270fbbb1f80a4585c068a49c,c2dec941cb61f961815664d1a77550a56
p25809346270fbbb1f80a4585c068a49c,c4340fd73e75df7a9d9e45902a59ba3a4
p25809346270fbbb1f80a4585c068a49c,cd12e8be720c72ead05adbf52a42a123b
p25809346270fbbb1f80a4585c068a49c,cbe15f528687efa83a0d7b8e4ecfc88d2
p25809346270fbbb1f80a4585c068a49c,c20f5d52abf984339cd55cd14b90e6254
p25809346270fbbb1f80a4585c068a49c,c76dd0128a8e117090123248ec7947a93
p25809346270fbbb1f80a4585c068a49c,ccc7b88dbb06695edd827ef232e4c4dc4
pa599c891d961fd5b8343695a580e45d5,c0dfcf23e6610dd9ef6092e4cfedd7c07
p0fce779513f800037038f8a726ddefd2,c77631ca4f0e08419b70726a447333ab6
p0fce779513f800037038f8a726ddefd2,c97975c78a6188e1bfd0a11bb931d845e
p0fce779513f800037038f8a726ddefd2,ca912a94d79b5124d876951f96ebb256f
p2acb40e78545e87182f5026eb6c7f879,c78463a384a5aa4fad5fa73e2f506ecfc
pf387fb1201d443061afb1c768e1e287b,c1c6448d124d22fd466f1c2d410cb53bd
p02f127f4fdf6d36045cc9b4ec3920ad4,c77631ca4f0e08419b70726a447333ab6
p7d5c14a7b2b32ca0038843167329b9db,c3aab368c3fde73e33b09540aa86082cc
p7d5c14a7b2b32ca0038843167329b9db,c77a07e249971e00ce42d5d47fb579618
p7d5c14a7b2b32ca0038843167329b9db,cb7e9c6f7a17a63ddd8eeb999ec10ca96
p7d5c14a7b2b32ca0038843167329b9db,cb5bc503a79fa921cf8426394008d44df
p7d5c14a7b2b32ca0038843167329b9db,c79d166e8536a0d870d3fb7c851ff8069
p7d5c14a7b2b32ca0038843167329b9db,cbde05b3b363af5a8d1b77e03d9254bc7
p168174398d16810b50a0b424677e9b9e,ca854057827c42526efc64123bf69fe7d
p7f4255e6f645a7590429cdd667162536,cd9b34f6b58ef19ff55b0b372967ecee1
pd4a7774cfef0f43486584bcb4a7c51a0,cdae52b80711ee1029c7006f95018d300
pf01537aee634488850dc401de8c70f15,ceb2d9ac048f63b514bd26677c6142d1f
pf01537aee634488850dc401de8c70f15,c571094bb27864b600d8e6b561a137a55
pf01537aee634488850dc401de8c70f15,cc2ba7e785c49050f48da9aacc45c2b85
p92904bedd108bb3518fddc4400f12e4e,cef3b209be94f84a3e38cd571d52d4568
p92904bedd108bb3518fddc4400f12e4e,c3f078e2078e846653d53f53553a76587
p92904bedd108bb3518fddc4400f12e4e,c58e2e434a50c68c27db93585479e7890
p6154c42534182f5e7e3a8b3720c84786,c767ae4575f235465c0318145d85cd947
p7fa2b1b8cb24d0311123c9beb9c941a1,ca4704fd35f0308287f2937ba3eccf5fe
p95c15f4238617e1ae10af7e3f25227ca,c695c6ae413c00446733d926ccadefd8b
p95c15f4238617e1ae10af7e3f25227ca,cfd69c5cf902969e6fb71d043085ddee6
p95c15f4238617e1ae10af7e3f25227ca,c13348442cc6a27032d2b4aa28b75a5d3
p42c5b2cf31f136ccee35f7f82381bbda,c601560b94fbb188919dd1d36c8ab70a4
p42c5b2cf31f136ccee35f7f82381bbda,cc6c6f067a3ead9ce67a1c67a790fa26b
p42c5b2cf31f136ccee35f7f82381bbda,cd6e6cb19e3b9c02f89d6cd54cfa7c613
p8d2146cb4b5dfe96d4c0799d709169f7,cca0dbad92a874b2f69b549293387925e
p032b9bf044be8bf179ab1753e9650a7f,ca4704fd35f0308287f2937ba3eccf5fe
p3efe07947a93828fabfde5bd7f004759,c8189ecf686157db0c0274c1f49373318
p3efe07947a93828fabfde5bd7f004759,c2bf8e985d63ece95d849a7485afd4691
p3efe07947a93828fabfde5bd7f004759,ca78e86052038afe466ea22f414b32973
p2359480ef3c6e2cabfc14936b01f5057,c77631ca4f0e08419b70726a447333ab6
p2359480ef3c6e2cabfc14936b01f5057,cd52387880e1ea22817a72d3759213819
pdf1d8bfd100c47ccd0fb267a7ed8aa63,ce0193c7e33486e88d18411e271f2cfd9
pdf1d8bfd100c47ccd0fb267a7ed8aa63,cac0dc003370862c417c6d5ff8eef0f81
pdf1d8bfd100c47ccd0fb267a7ed8aa63,c66a5ae5e1c1543e5387df9846b2406af
p1c3a45175e6bc7eb2cc0d012fe55d961,c77631ca4f0e08419b70726a447333ab6
p1584f0eedecbf6a204d65f0deac705aa,c53c861c8d7f7cd4f3c693d244b4df928
pcdbc1e0e02f7a36d50dec27ef4b29286,ca4704fd35f0308287f2937ba3eccf5fe
pcdbc1e0e02f7a36d50dec27ef4b29286,ce353dbe42c8654f33588d4da0b517469
pd7b542b5c006c823591b563e83131fb8,cf4d34c46909092e5be2db314abd71076
p60e2f969a535141a26abadf1e9439203,c0285d5f3b493e36c3aa3d4ffa18df40c
p60e2f969a535141a26abadf1e9439203,c0baec1a005a096f917c2fd231e2c523a
p60e2f969a535141a26abadf1e9439203,c4ae35cd73aaab213ddab7bdf5b949790
p60e2f969a535141a26abadf1e9439203,c8f7ba58961e0fe40cfda61b412537fba
pb3b798e393b7bbde6270f3186df29a55,cdcf60e282a820c6d8a0eb4fe4f9338f2
pb3b798e393b7bbde6270f3186df29a55,cf08a0c5ed12bbe6830815cd6005da5ce
pb3b798e393b7bbde6270f3186df29a55,c8ab7b3f922dcbea814209decbc6571ed
pb3b798e393b7bbde6270f3186df29a55,ccc543c64c104746355106cdb676f75bd
pb3b798e393b7bbde6270f3186df29a55,ca5d083fbfc0611e061663c6b1a8ba698
p7974a048a20ad4298f9b3a5e16b210e2,c60e46aeaed758964902dd7ae99858f03
pe46a297b29a269b882ec54c46bb23e63,c30a61870b0726430151d669fd3459ac1
pf387fb1201d443061afb1c768e1e287b,c04a83927cfa1af6ae14f94e90aab9ebb
p0f7f9f4caeb7e8bb51e403267360ebf1,c3c258c73048c417474253ab865555b0f
p514f51e2bae5c278878bcfb14143475a,c756d97bb256b8580d4d71ee0c547804e
p123de073fc97b1550cb07a272fd11491,c5c18ef72771564b7f43c497dc507aeab
p222e9092c64a52464aae70e9f171da1c,cd78fd51582123eb64abe7c3299caa7ec
p808330239bde8ec15fb9e1db15f70dff,c1afa74da05ca145d3418aad9af510109
p808330239bde8ec15fb9e1db15f70dff,c2df579f3d044331e74dce85d6a365dd7
p808330239bde8ec15fb9e1db15f70dff,cba25d7102b6e9672eb8a2d6843fc089f
p9127d2274afbca2e7eefcd5d7b9a941d,c0daa797f165f322a7b565284e630a112
p9127d2274afbca2e7eefcd5d7b9a941d,cc1bb19b27818343c1926119b958741b5
p9127d2274afbca2e7eefcd5d7b9a941d,c181900dad960beccb34f53c4e0ff4647
p29d110a978425917ee39d955c2c670ba,c77631ca4f0e08419b70726a447333ab6
p9bf18a97918d971b4b3a3ca9bbc1ca69,ca3ef73935ededb612d856859c7cad041
p82c96f7cc185fc057f77ce762b6a092b,ceb2d9ac048f63b514bd26677c6142d1f
p82c96f7cc185fc057f77ce762b6a092b,c571094bb27864b600d8e6b561a137a55
p82c96f7cc185fc057f77ce762b6a092b,cc2ba7e785c49050f48da9aacc45c2b85
pa88e37d69b6a70b6e97b7619046a6c90,c0dfcf23e6610dd9ef6092e4cfedd7c07
pa88e37d69b6a70b6e97b7619046a6c90,c3b8b51872ff9b3b1ccaca1cfd05dc5a8
p9c182e32e25b757ccbc2a17cea5f882a,c36ca8b27f92026a233b4a2f81dc92397
p9c182e32e25b757ccbc2a17cea5f882a,ca05b0441bccdd08f885769d25d616e41
p9c182e32e25b757ccbc2a17cea5f882a,c5c6f5c90bde84e0d8ec341a478be73e2
pe933b77abbe3e734c434fed946468b41,ca4704fd35f0308287f2937ba3eccf5fe
p21af3ed27515d2eec4479f782f5c18a4,c77631ca4f0e08419b70726a447333ab6
p26327f9d8eb2b6cd1f411eb6a0d00168,cad1ec60c9e1f10f6a9f5d9f2c5254bc6
p26327f9d8eb2b6cd1f411eb6a0d00168,c4b1b4dc8cf38b3c64b1d657da8f5ac8c
p1527fce1fc0a37c5a609455ab9abda95,ca4704fd35f0308287f2937ba3eccf5fe
p1d261953839d21c069bda589e91f7021,c046391c4f14059fa55baaf199b4d238c
p2f2b635933be4e11d043d38edfc22a92,c02201850c318483fb086b523c7ff26cc
p2f2b635933be4e11d043d38edfc22a92,cd43e4f06a56ce0918ace437dc42ec644
p2f2b635933be4e11d043d38edfc22a92,c628f5f92e65d2bb2c403d994831fba9a
p2f2b635933be4e11d043d38edfc22a92,cb7226e3c9adb30e33755097a512cd59d
p2f2b635933be4e11d043d38edfc22a92,cef78fa19c1023d454e2e93d0d604a657
p2f2b635933be4e11d043d38edfc22a92,c3e7b2a52c2c3c97ee6db1e133d27b8b3
p75fdfacd5d4caf43724d5a9abf63b8d3,ca4704fd35f0308287f2937ba3eccf5fe
p75fdfacd5d4caf43724d5a9abf63b8d3,ca62d22910732d5343689f5117999abfa
p75fdfacd5d4caf43724d5a9abf63b8d3,c6139ad1a1a89a915abbcf0f6f8f400c8
pfcc92f8219099a487e4f1deaf3f075c4,c464e07afc9e46359fb480839150595c5
pfcc92f8219099a487e4f1deaf3f075c4,c3eab9b97def0e8619ab357f4f455b401
pfcc92f8219099a487e4f1deaf3f075c4,cb846a837002a8dac156bd1134140f5e0
pf1fd0f5727150e6c8aeacfa9de8b6ba9,cad1ec60c9e1f10f6a9f5d9f2c5254bc6
pf1fd0f5727150e6c8aeacfa9de8b6ba9,c4b1b4dc8cf38b3c64b1d657da8f5ac8c
pf1fd0f5727150e6c8aeacfa9de8b6ba9,cfa3e5edac607a88d8fd7ecb9d6d67424
p0c56713a16bc98ea05946b4e8cb0cacf,c181900dad960beccb34f53c4e0ff4647
p0c56713a16bc98ea05946b4e8cb0cacf,c35bf1210e6727959a7a88a00462db959
p0c56713a16bc98ea05946b4e8cb0cacf,cad1ec60c9e1f10f6a9f5d9f2c5254bc6
p06e2100cec45384afe10e169a3fa8438,c181900dad960beccb34f53c4e0ff4647
p06e2100cec45384afe10e169a3fa8438,c35bf1210e6727959a7a88a00462db959
p06e2100cec45384afe10e169a3fa8438,cad1ec60c9e1f10f6a9f5d9f2c5254bc6
pf9d89190e2459431afaf167f26a7673f,c77631ca4f0e08419b70726a447333ab6
pf9d89190e2459431afaf167f26a7673f,c4b088aaa68446b6ec08cdc385d03516d
pf9d89190e2459431afaf167f26a7673f,c9b6545e4cea9b4ad4979d41bb9170e2b
pa1fa4eed14d4380c200c0e27450dd54c,ce17a874deabea771963a5209f96f01ff
pfaff1d21a0a16ee2774f9c3e7eb43b89,c181900dad960beccb34f53c4e0ff4647
pfaff1d21a0a16ee2774f9c3e7eb43b89,c35bf1210e6727959a7a88a00462db959
pfaff1d21a0a16ee2774f9c3e7eb43b89,cad1ec60c9e1f10f6a9f5d9f2c5254bc6
p005012e929395804038906c9bf198790,c181900dad960beccb34f53c4e0ff4647
p005012e929395804038906c9bf198790,c35bf1210e6727959a7a88a00462db959
p005012e929395804038906c9bf198790,cad1ec60c9e1f10f6a9f5d9f2c5254bc6
pc89dd5cd9617ee78f164673583409233,c181900dad960beccb34f53c4e0ff4647
pc89dd5cd9617ee78f164673583409233,c35bf1210e6727959a7a88a00462db959
pc89dd5cd9617ee78f164673583409233,cad1ec60c9e1f10f6a9f5d9f2c5254bc6
p034e7b0af460fc42aeaabb1d9a5d8811,cd07182257bce13d49a5c183864e4a277
pbace3a333341d2f4df0e4e0abc0330ea,ce4a297a0f76119a442c2595ac040673e
pbace3a333341d2f4df0e4e0abc0330ea,cca822027ef9802957e598ddcb2326beb
pbace3a333341d2f4df0e4e0abc0330ea,cc2f493254b06a46832e043f236296ad3
pb00f293f9e794854ed35fe53818fdfe1,cd759d7253b388de175d925a37faf6fbb
p9370d535d34d4724cfdcaf0a88ec4c0a,cc1a04e13af0e7b2a460b25d0f8dd21cf
p9370d535d34d4724cfdcaf0a88ec4c0a,c793f9f5df08c7405270b13fda0383033
p9370d535d34d4724cfdcaf0a88ec4c0a,cc58ef9f75b82bc7c8a79f5d229a30af5
pfccc1e30e6a47d29d7a61552addfe0e0,c77631ca4f0e08419b70726a447333ab6
pf7777eb3083462def2cda1a79826e721,ce04d1bcee667afb8622501b9a4b4654d
pf7777eb3083462def2cda1a79826e721,cca72879fc0444740b103fe205eff88ab
pf7777eb3083462def2cda1a79826e721,ccbf91b9ef9669d67a59ee6d12fd21148
pf7777eb3083462def2cda1a79826e721,c571d4400d6dd88ba24a89d5c3bcd3396
pf7777eb3083462def2cda1a79826e721,c1156cc104e8bf8600e65a39e6cae344d
p986e31bebc57c663b8fd3d906e795e49,c929f47df8202b445a47ebd49d74555b0
pb2831077d1883f7382dccb92cc0b409f,cc1099f3799bcf9e2af53901a777bf3d3
pb2831077d1883f7382dccb92cc0b409f,cd272a3508cba427907f5c6ab8bc8f68c
pb2831077d1883f7382dccb92cc0b409f,c75e4d7d5ed80f2bb4c31b6b5a8dfc04b
pd8a3adbf3e32e2b1475f2c0a95031f70,cdb5eb84117d06047c97c9a0191b5fffe
p2ccdb2f25d1f53dfda2eb7213fb67f02,c77631ca4f0e08419b70726a447333ab6
p2ccdb2f25d1f53dfda2eb7213fb67f02,c2aaa3e8ae5da0cb963cd62087faf5566
p2ccdb2f25d1f53dfda2eb7213fb67f02,c8625e1de7be14c39b1d14dc03d822497
pf6a8eeb9b322bbf0307e481e2626a7eb,c5b0b997bbdd002b2f024ac6f2db6a449
pf6a8eeb9b322bbf0307e481e2626a7eb,c020f2224c1643ec2b47f84f78cd4ad01
pf6a8eeb9b322bbf0307e481e2626a7eb,c28d2266a62feced900cc2f18fd73a2d9
pf6a8eeb9b322bbf0307e481e2626a7eb,c59a477392f93acf71f7180adf777a4c6
pf6a8eeb9b322bbf0307e481e2626a7eb,c22f7c16313d62d8e6f49faa58f1ba8b4
pf6a8eeb9b322bbf0307e481e2626a7eb,cc2f9d4b5db688514768e7c2cdc369b3d
pd6c5f9ee8c2f4bd600a0605782a1f5d6,c77631ca4f0e08419b70726a447333ab6
p38b11d10b129d487d3a03ddb7242d4f8,c43b3693f3f59f85858db3d8167786494
p38b11d10b129d487d3a03ddb7242d4f8,cd75c45e11c8aeb13494dba59a388a164
p38b11d10b129d487d3a03ddb7242d4f8,c4994a8ffeba4ac3140beb89e8d41f174
pd47ca5c01d597ca996f2a9a7714661c4,ca4704fd35f0308287f2937ba3eccf5fe
p7ec0466f8cba14e9250e8f6627310a6d,c7641e5f4e7e8517bd0477fd81e3de1b8
p7ec0466f8cba14e9250e8f6627310a6d,c7b2970d4873d39e47447102079af953b
p7ec0466f8cba14e9250e8f6627310a6d,cfd69c5cf902969e6fb71d043085ddee6
p5a66250358008ed1ec7d748e4411c6b4,cd78f25cba2eaa3ff49f3ccfbacf1445c
p5a66250358008ed1ec7d748e4411c6b4,c49b50ec86446c8f3d71cc753b322eed1
p5a66250358008ed1ec7d748e4411c6b4,c92be50a24502e7df3f51f2cf08f45ba4
pae781669fa73f50d0428f4e0e2758623,cf9860fabb236fb56badb954fb12d98bc
pae781669fa73f50d0428f4e0e2758623,c194160d7ca0266fce14a00aee5a7121f
p0d55aed2ef54336f3bc68fb747a405bc,c557c6481538b93bfe0a10a1cbc11aa07
p5162475aa8c4fd6eaeca9d7c8c0a536a,cd845b75a5acf2b4483cc4b953d4a60c9
p5162475aa8c4fd6eaeca9d7c8c0a536a,c1afa74da05ca145d3418aad9af510109
p5162475aa8c4fd6eaeca9d7c8c0a536a,cde7a22a0c94aa64ba2449e520aa20c99
p5162475aa8c4fd6eaeca9d7c8c0a536a,c1cd086a05ccba59a4d7f9196f7a43ffc
p5162475aa8c4fd6eaeca9d7c8c0a536a,c79244ad7544342da679e8a642812d08a
p5162475aa8c4fd6eaeca9d7c8c0a536a,ca2ff7654ee96106efe9909a21608556d
p5162475aa8c4fd6eaeca9d7c8c0a536a,c5af30630bea350d7615b2cb39d26b32f
p5162475aa8c4fd6eaeca9d7c8c0a536a,ce5c303d82e8b702ccaba9f2b4bbe4c80
p5162475aa8c4fd6eaeca9d7c8c0a536a,cf110e95a586db736f0dc6c9137b21622
p5162475aa8c4fd6eaeca9d7c8c0a536a,cf5a28814c503a3d5eeb4c26ac791f791
p5162475aa8c4fd6eaeca9d7c8c0a536a,c51df8486702d9dc74aed15e033ea1fc4
p5162475aa8c4fd6eaeca9d7c8c0a536a,c4fd58d4bcfaf59f3dd466465d60bf9d7
pab402cd0ad7ee99b847e32321917eb66,c636b1fec0eda8536fe7d967f955ac60e
pab402cd0ad7ee99b847e32321917eb66,c875b0e30e76428bc0706b781b36b31aa
pab402cd0ad7ee99b847e32321917eb66,cbbe51039d025b265f9790490781cb201
p2159dc6b53111d0546bd5352b239f4ef,c429f8e6e19e3887fdb9b70d9195bb3fd
pecd9c586f49d51fa2d0ccab7f756a3f8,c77631ca4f0e08419b70726a447333ab6
p1dcaae164684f41695c5e4f7b787abe7,ca4704fd35f0308287f2937ba3eccf5fe
p1dcaae164684f41695c5e4f7b787abe7,c39e25ac3d737c46452305eefe324372c
pffd3811b8eccf79dc6b1ded2837ad57f,cf5a7924e621e84c9280a9a27e1bcb7f6
pffd3811b8eccf79dc6b1ded2837ad57f,ce7c770a61dbdf81ca922ae0260e327c1
pffd3811b8eccf79dc6b1ded2837ad57f,cc6e190b284633c48e39e55049da3cce8
pd204cd2b830515e7c0f3d562f91ce6ae,ca1f2999e30039ae234c0831d7a24ace6
pd204cd2b830515e7c0f3d562f91ce6ae,c22a9d9f466ec36b69d5c79ec5b5c088e
pd204cd2b830515e7c0f3d562f91ce6ae,cad68b8c53f4d2f113a16ede3486109d9
pd204cd2b830515e7c0f3d562f91ce6ae,cec4d1eb36b22d19728e9d1d23ca84d1c
pd204cd2b830515e7c0f3d562f91ce6ae,cd768e9e2025eace55ea3cb8edd839009
p79d90e7561f116de6756d8655d3bb655,ca4704fd35f0308287f2937ba3eccf5fe
p79d90e7561f116de6756d8655d3bb655,cbda7cc061d7a1576f1dcad33dd505cd4
p00f26f3a6b9561c8103ccf3ddd8dde7b,c43a9616a147c80fbefdfe2dbc988896c
p00f26f3a6b9561c8103ccf3ddd8dde7b,c700172587c791cceb2ca5c6744e211db
p00f26f3a6b9561c8103ccf3ddd8dde7b,c4f1f6016fc9f3f2353c0cc7c67b292bd
pe70ae3b25af1360e27fc5b68e7079e2e,c24a8557b4f4160706941ad95a9893602
pe70ae3b25af1360e27fc5b68e7079e2e,c9d6334613b7e7c76c3c312c894e93923
pe70ae3b25af1360e27fc5b68e7079e2e,c52af6853318d22edb4fbc8d5aa4e735c
pe70ae3b25af1360e27fc5b68e7079e2e,c51986451b496f06be822354e45d90ed8
pa47a3dc476115283fa89e72388c5d895,c2e5c3e8b106dbce75e6ae0decdafb320
pa47a3dc476115283fa89e72388c5d895,ce1ca32a5905fab967409f3d6d97b898e
pa47a3dc476115283fa89e72388c5d895,cc7bdfc736bd847d6313c4e55494c5f96
pa47a3dc476115283fa89e72388c5d895,cbdf9d0502cad5ce319ca18a63b04ceaa
pa47a3dc476115283fa89e72388c5d895,cef57c49f1378dce533c25bb700fa0a12
pa47a3dc476115283fa89e72388c5d895,c40f140370ff363d02a3d2d4a23a8fc74
pa47a3dc476115283fa89e72388c5d895,c856dc615015cb057a13c430fd993423b
p4bad4df58969e74fbc3b4885a4939bcb,cf358302b6db38c9fe83f38b3485cc842
p4bad4df58969e74fbc3b4885a4939bcb,c2c9a32e66ca4c4684ea4c4cd5832dfc8
p4bad4df58969e74fbc3b4885a4939bcb,ce24412df6a1cc5a0379625c4275ef505
p31e4a6145e6fb35836ac1cba9a9467da,cad6e7652b1bdfb38783486c2c3d5e806
p15e425a4ceff2e3b69120ec0b0b1b2b9,c6f4402d6ad62cafca8ecfaa58cc6a2a0
p15e425a4ceff2e3b69120ec0b0b1b2b9,c03727ac48595a24daed975559c944a44
p15e425a4ceff2e3b69120ec0b0b1b2b9,c4718c6d81f3a33c62ac04908cc7d9b71
pbad78a77e084df5eb56bf0eb059d4a54,ce57cdfbc09f4e0f7445c279d9f580bdd
pc92c0e50a995506b9ef023124a61a8c0,ccdb6d8a17ad1eff86c5c8468cdd0db33
p637c1178f228bd0c047f87de06825c6d,c9f6dc7ca4824a0bb1e5bdc8e3b7d64fe
pd65de25c2d35f4d523384f5cc65ac8bf,c77631ca4f0e08419b70726a447333ab6
pf73f583af088d17d2c4882b105e87f6d,caada29daee1d64ed0fe907043855cb7e
p201f02f0178f9f5a9c3d9adc481d1eba,cfba34c3f715f51e4d9a4ab3b56b07992
pda5c35d7946ece2a96a127dcd0bc0547,c4b1b4dc8cf38b3c64b1d657da8f5ac8c
p668daecf8ca41c5eafb61458782b592b,c77631ca4f0e08419b70726a447333ab6
pfe563ef03fbd8ab1b676a6c4f4e214aa,c9eadb6006cacea590f00cfa1117f5e67
p6d5658985a1b60057977824901f92470,cd52387880e1ea22817a72d3759213819
p5db61f1a6c7fbb2aa41c35afb7447a7c,c77631ca4f0e08419b70726a447333ab6
p5db61f1a6c7fbb2aa41c35afb7447a7c,cd6ee70e770c59e3596d9ed94a010bd6f
p5db61f1a6c7fbb2aa41c35afb7447a7c,c8a9e64d86ed12ad40de129bc7f4683b2
p96741b09aa277c07b198cc2dfc9edc65,cc8f1806cfed6c118edb79514b7c20547
p96741b09aa277c07b198cc2dfc9edc65,c7d16d5f74fcafb1de1680fe3e95caee9
p96741b09aa277c07b198cc2dfc9edc65,c6ee4de3a75334f756a6202e69770ac0c
p96741b09aa277c07b198cc2dfc9edc65,cdc75b1f7666987ab8223b4d661002a95
p96741b09aa277c07b198cc2dfc9edc65,cdec86847f4f005893718a1bbb19bc277
p96741b09aa277c07b198cc2dfc9edc65,ca9b72758dff7676e8777bf7e5d166fdb
pfca6c9355bc215231f76f12fbd96783b,cc05f6c233521207f6fe311afef550c3c
pfca6c9355bc215231f76f12fbd96783b,c8fbdf452cbd35828785081cec42e0dca
pfca6c9355bc215231f76f12fbd96783b,ce075936725c68d5309041ced68c0b533
pfca6c9355bc215231f76f12fbd96783b,c2884a0a728dc0a59da4b565e137e6cb2
pfca6c9355bc215231f76f12fbd96783b,cbffe7898e0faada14e4fb09bd6717314
p3460d230e5d88476ea581f1ca7096832,c4b1b4dc8cf38b3c64b1d657da8f5ac8c
p3460d230e5d88476ea581f1ca7096832,c829eadc8e29caab50cc26bc6a451a1f1
p3460d230e5d88476ea581f1ca7096832,c03937134cedab9078be39a77ee3a48a0
p7641143ce84f2afb34d6d665a7c47d0f,cec4d1eb36b22d19728e9d1d23ca84d1c
paa57c7a44764add187c827bcf3167325,cb77554d30d28b9e2f0d6b3640ff9175a
p412aa40fad78043efe32165f709be7a1,c25d72fc2c168b79ae5327878e134e6cc
p9a42590d42d9bdb9c4272a92bcad4654,ca4704fd35f0308287f2937ba3eccf5fe
p9a42590d42d9bdb9c4272a92bcad4654,c8ddf793655a47d1de2721e32313ebf36
p9a42590d42d9bdb9c4272a92bcad4654,c8f7ba58961e0fe40cfda61b412537fba
p97580bcf491cfb3c1e2e05796c7ea426,ca4704fd35f0308287f2937ba3eccf5fe
p61d5452150f59be731e77e1caef39867,c77631ca4f0e08419b70726a447333ab6
p61d5452150f59be731e77e1caef39867,cf3f06508d94ea4e2ae80e83fdf4c9254
p61d5452150f59be731e77e1caef39867,c575e0dc3e4b24d90d2a216d4dc5d0f09
p5be69ba2fe5de66fa17ac19caa8959eb,c77631ca4f0e08419b70726a447333ab6
p5be69ba2fe5de66fa17ac19caa8959eb,c3fcf026bbfffb63fb24b8de9d0446949
p5be69ba2fe5de66fa17ac19caa8959eb,ccf948ca3c9fa8aa0d50b7af90489dbab
p3012c72e2ea36c298a1683e6c3c1d9c0,c34e2d1989a1dbf75cd631596133ee5ee
p3012c72e2ea36c298a1683e6c3c1d9c0,cc4d73b22e1efa7b4cf555a4268c99720
pf5ae70359e2afcdd5ca799755d48dcc3,c34e2d1989a1dbf75cd631596133ee5ee
pf5ae70359e2afcdd5ca799755d48dcc3,cc4d73b22e1efa7b4cf555a4268c99720
p305c17d0c9c74d28cbb36d77d0e00bce,cf88d81f30cb0a78eb20ff11c4d0034c9
p279152e339dc3dd0ad18657125c1f5e7,c08941bfa04b656cd60ab0c798ec0130f
p279152e339dc3dd0ad18657125c1f5e7,c574fd6ba70655d9fa5053f56281f417b
p54c3379f87e958ea5919ed5ef8608a21,c4cfd3520a480815d4deefd5fcbb3f4ea
p9817a07e2356e63ad9bc175e996fc95a,c8ce4b16b22b58894aa86c421e8759df3
pfa5524448aa5f8c41948ff42b8f64890,c98402eecfbcefc336954458a01752131
pa7f581109d313abf4b05a97013f41b2b,c9d57fd0ff3756fb9cdb630078690f3c6
p75feb1caefbd75d9ffba26d2f0638376,c77631ca4f0e08419b70726a447333ab6
p75feb1caefbd75d9ffba26d2f0638376,c720f84c3d4dcb9a556ac6adfd1e75b8c
p75feb1caefbd75d9ffba26d2f0638376,c84fcf5d37086f2a93953734ce8f385b6
pf97573a5a4c14e1f28ace62a3da79856,c10b4eb76294b70d7fd6df997ff06edb1
p19ee2a0fd8a4628dd2cc6bf52097a241,c719d067b229178f03bcfa1da4ac4dede
p4560a36afccfa20bd4201b22a0b855d3,c63c692191aa084ce3b9a5b29ce2e12a1
p30904720bffe439aef4d0e693ddb0d0a,c1e984dbe12c8a779526c498701b8bc73
p5b0c657b980ab941b6930843b5ec8871,ccdf63afb9abc75b2b0f42937665ed97d
p5b0c657b980ab941b6930843b5ec8871,c7e6d11dd9dbeef53c1cb3cb896bce476
p5b0c657b980ab941b6930843b5ec8871,c9139ec6f0890e320c49fb778a7a2e3b5
pc6139400f72178dd89458890e7d54306,cd3e2e10b7c31f0ff4c14475c4fed5a22
pc6139400f72178dd89458890e7d54306,cb5fe5be2aae4f1cdd99ada6866d869aa
pc6139400f72178dd89458890e7d54306,c8b9f4390e6083936d40b4c446dd09096
pc6139400f72178dd89458890e7d54306,cf828c040cc4f5e4b3dedd773b1526557
pec580d0052386605dbf7401f59fca6c7,c77631ca4f0e08419b70726a447333ab6
pec580d0052386605dbf7401f59fca6c7,c4d9c3e3a889034766cd62d6c71c78f67
pec580d0052386605dbf7401f59fca6c7,c1145080a0de16b4599ae68c1da4fc50b
p99a0d56ccd9f8dad65028da26a489755,c77631ca4f0e08419b70726a447333ab6
p99a0d56ccd9f8dad65028da26a489755,c8c16cbebef45d87fd2b36ce69f46c526
p99a0d56ccd9f8dad65028da26a489755,c643562a9ae7099c8aabfdc93478db117
p446f6ee22231e632bad1c341c7dcd603,c77631ca4f0e08419b70726a447333ab6
pc62a650c06dee7d7cc12dcb8332073f7,ca4704fd35f0308287f2937ba3eccf5fe
p38f153d8385c23d0c17b1a4ac0fc870a,c77631ca4f0e08419b70726a447333ab6
pa370b4d75ffc4f3d518fd13ef0e3ceff,c77631ca4f0e08419b70726a447333ab6
pc940c33024f10f0ec4217d57b3209203,cadac628145e212ae990726b36f1aca94
p2701812c22403b0dfe185bc3bfb0315d,cb30409b72131c049f87156c6ac836905
pe147ac6a462128e19564b45489fe3e82,cad1ec60c9e1f10f6a9f5d9f2c5254bc6
pe147ac6a462128e19564b45489fe3e82,c4b1b4dc8cf38b3c64b1d657da8f5ac8c
pe147ac6a462128e19564b45489fe3e82,c1b539f6f34e8503c97f6d3421346b63c
pc95ac90352d7706b35463a6685bfcd00,c8ddf793655a47d1de2721e32313ebf36
pc95ac90352d7706b35463a6685bfcd00,c8f7ba58961e0fe40cfda61b412537fba
pc95ac90352d7706b35463a6685bfcd00,c1d5b12153a4d4fd24ec9174051003a27
pba684667f852c97ff80acd3040523e26,ca597130351814dc3161cdf3bda6241b6
pf488c9f6e152b69d4b061a71b31bdd51,ca4704fd35f0308287f2937ba3eccf5fe
p4b103b6145e33f52f71bd804b3f583c1,c63f69c7f958795918b41fbcd71a8c811
p4b103b6145e33f52f71bd804b3f583c1,cb69f8e31ddcfd0e72883a5e5694a1417
p4b103b6145e33f52f71bd804b3f583c1,cf8e39ed822aa8d1830a98b8cc0811da9
pcab2f9cb8fbaa647cd43c5a84a4a9cfb,c57a811c06197955dc74cbb358db20ed8
ped0bf367af40f591a931d29b0628f468,c77631ca4f0e08419b70726a447333ab6
ped0bf367af40f591a931d29b0628f468,c7acdf85c69cc3c5305456a293524386e
ped0bf367af40f591a931d29b0628f468,c25d72fc2c168b79ae5327878e134e6cc
p7b628a81d80cc76b9f4c86f6d277e1b7,cc3bf447eabe632720a3aa1a7ce401274
p7b628a81d80cc76b9f4c86f6d277e1b7,c8c16cbebef45d87fd2b36ce69f46c526
p7b628a81d80cc76b9f4c86f6d277e1b7,c643562a9ae7099c8aabfdc93478db117
pd02cedbe00dcd1fc313b1477f5fb0fb5,c77631ca4f0e08419b70726a447333ab6
pd02cedbe00dcd1fc313b1477f5fb0fb5,cf8c232b50b4e5b40d9d79333c9f7be1a
pd02cedbe00dcd1fc313b1477f5fb0fb5,c405d9a69e5139b9df0df6b66e18fc9e2
p6139286d095d907688ca990b5bb50161,c6f5c8925ae3ee09130488bad4c0b859a
p6139286d095d907688ca990b5bb50161,ce3c85fdcc9309ccb3ed83e4dc179860c
p6139286d095d907688ca990b5bb50161,c1938557789c9f923d8afa00fd02c59df
p6139286d095d907688ca990b5bb50161,c588df405bd9f48c9b1e7b9d5f067323e
p6139286d095d907688ca990b5bb50161,c9c0a2694f237cc0a61345c778e90daf0
p28e748965f28930bbfc1014dba262248,c24b9b8c0634a40138e76b2fb86894698
p8b2327f3b0529b2b677d2c3f4b5aa1cd,cb72ac10807b29c77f5b7e4b80ea40414
p8b2327f3b0529b2b677d2c3f4b5aa1cd,c99442e94b8aedfaff00e0752719ee7b9
p8b2327f3b0529b2b677d2c3f4b5aa1cd,c42a854b6da854e79a90cc0d8438cf559
p2bebdce44191d194525877ef5c42e36e,c301acc9847f5c6ea34402c17ff8cfec7
p2bebdce44191d194525877ef5c42e36e,cb1897515d548a960afe49ecf66a29021
p2bebdce44191d194525877ef5c42e36e,c42a854b6da854e79a90cc0d8438cf559
pc7c6c297929d27420ca4b99a8b38fc6c,c67ed1b563f9543eae3deaa78d9f182e5
pfbe20c9954a98e71fad4bb7e0dc85361,c42a854b6da854e79a90cc0d8438cf559
pfbe20c9954a98e71fad4bb7e0dc85361,c8af0f5c3edad8d8e158ff27b9f03afac
p94d03131cf4dbcbfc817f1fa97f8a8a5,c42a854b6da854e79a90cc0d8438cf559
p94d03131cf4dbcbfc817f1fa97f8a8a5,c8af0f5c3edad8d8e158ff27b9f03afac
p94d03131cf4dbcbfc817f1fa97f8a8a5,c1244cba6ca79bfda45de46141d32ea7b
p2bebdce44191d194525877ef5c42e36e,c0619afcc4c719e93dd65b393d861debb
p7bf630dd5e7f3dbd6e1b326cb1409cb3,caee29a47b41e6ec5d352b1a515c37e82
p3b3b340f7771f20374459eba1b649273,c09ebff1175d61ae651c221bb23068d78
p3b3b340f7771f20374459eba1b649273,c94b3f6ec070d43ba220fc34ed964ed37
p3b3b340f7771f20374459eba1b649273,caba85163c9c925e642021a3fcc44b0d9
p3b3b340f7771f20374459eba1b649273,cc87560487d3a21d4de65fa2343fcfd79
p3b3b340f7771f20374459eba1b649273,c4f6851e1a819d9d7de3eb5eec34514aa
p1f7f10a3f1ef154e229561899f5be83d,cad1ec60c9e1f10f6a9f5d9f2c5254bc6
p1f7f10a3f1ef154e229561899f5be83d,c4b1b4dc8cf38b3c64b1d657da8f5ac8c
p8d46066595130332ce8f7c5c301e7da9,ccf1665640f3efa2affb1599263aa4091
p8d46066595130332ce8f7c5c301e7da9,c9627157f4e1445b94d7eb13bc9cc026a
p8d46066595130332ce8f7c5c301e7da9,c2dec941cb61f961815664d1a77550a56
p8d46066595130332ce8f7c5c301e7da9,c62745bf107f71ae16241691a95b4d7be
p2348710f0d55e4210034e9a45291e16d,cdd5f6a25ad0c5c0896f9780d016c0f11
p7ead3febaca41222d73e942a3bc556bf,c77631ca4f0e08419b70726a447333ab6
pfc06a9777586dd33623e0e8324dac45d,cf6068daa29dbb05a7ead1e3b5a48bbee
p112075f2258c797140b38677cea73986,c77631ca4f0e08419b70726a447333ab6
p9cec38cd8a2945454ea92735bc056376,ca854057827c42526efc64123bf69fe7d
p08f5a813eb6edadf6c28230f1edf0e82,c69ce6fbc6d6ed323bdf44fba7a3680e6
p08f5a813eb6edadf6c28230f1edf0e82,c7a06b05bac99d8e557ba37608c0ff857
p08f5a813eb6edadf6c28230f1edf0e82,c51a01ce6cb588ef3ec06063c29f098f0
pedd77bc5effb5e64bdb9823c5becf38a,cf027f27d0d548351e4d362e9b90678a9
p2e9bf09bcc80cf2e2ff5d1a93159f364,cd9e63392a406594d70027496d57fef12
p4cd849f7da4f363462cde18625a98b53,c44c29edb103a2872f519ad0c9a0fdaaa
p0493d7c66a62de47314cd10c1e5d88e3,c1724529909565537523a32e123e88e3a
p0493d7c66a62de47314cd10c1e5d88e3,cb83bcfd079a8e68019925d4571d5d89f
p0493d7c66a62de47314cd10c1e5d88e3,cb6d19933a3b56a41d8f740180b53d0cc
p0493d7c66a62de47314cd10c1e5d88e3,c93d89ad1b3ad1a8c5ebd78835cce1392
p0493d7c66a62de47314cd10c1e5d88e3,c162dc08c1e1fc2f72bf5ce2dd7d2bee3
pa8a2978c2b6bc74245b821d24b2ac2a7,cb04ab3fefe35077f4227a3a42d18af46
pc48e249de149d6c003b2896cdadb98c8,c51734b7021a436e4d57894eefea06c5c
pbfbbd4e799065999803da3cebe3d7a97,cca0dbad92a874b2f69b549293387925e
p559318274d0a5dea12477c1d4003b029,c95c50c7cc68e399ac5540898dfd06820
p8bd54249f88387ea0795711bc13c23e8,cad1c9cd3e7b07e2c364c985f73188054
p90b76a4c91bbe0ad96ca12249c0c4eb8,c24f47cdbe9ddba774a7cc53e51d9032e
pc847d6cdcc621ae7a2f23d7ae7022c46,cb4c2b550635fe54fd29f2b64dfaca55d
p4c49d9437cb019dfd2a118596aef6e66,ca4704fd35f0308287f2937ba3eccf5fe
p315b142c6906a63094089aef134bcae4,c39e61d57e9209611edd4f884e9e47c11
pbe38c7745e9d1b440cc7da482fd5e44d,c78463a384a5aa4fad5fa73e2f506ecfc
pceeaaeb0f4aadedffcbebdb9d993cc59,c77631ca4f0e08419b70726a447333ab6
p372e6f664b1168ceedcc799e95f28051,c77631ca4f0e08419b70726a447333ab6
pdab4e9c125040e0f434cf5936a012cf0,cd6460d863cc7403c4d48eb8682d87784
p1367c643cc482958dd93f6cca9218ca4,cce7898536dd0e928d1640ee2ad531cc8
p42a472a0e76a25b103feb5f08c0c75ce,c557c6481538b93bfe0a10a1cbc11aa07
p7d975c15d211d09653f344f74f3aa817,cfb1b6e23a3767d2a31ef7899e6dd3f1e
p7d975c15d211d09653f344f74f3aa817,c92c0d04faca572533efaf20c0f6a6d90
p7d975c15d211d09653f344f74f3aa817,c981ca3b89b485c4ddcdf0deba8fd95f3
p8f3e89d08371150034ba0a72687f3e79,cd9f1524272c76123ad880eea7e209c0a
p8f3e89d08371150034ba0a72687f3e79,ce353dbe42c8654f33588d4da0b517469
p8f3e89d08371150034ba0a72687f3e79,c78ba2fafe33787c4f2c57e43427b01d1
p6cd2596151761f3b17c76529b31ea170,ce9672453b87ce3f2bb6c9af0f4ace264
p334c366598d0cac227026870b0b77779,ccc543c64c104746355106cdb676f75bd
p334c366598d0cac227026870b0b77779,c11a7a5d55a91adb201e113967eff93fe
p334c366598d0cac227026870b0b77779,c13d60b1925f413337824ed6278bcc93c
p334c366598d0cac227026870b0b77779,c90b44a908c390e361ad8ab10d91dca28
p334c366598d0cac227026870b0b77779,c7446050b848d839fe9847073ff94cfd6
p334c366598d0cac227026870b0b77779,cf549cd73f694aa6f5541b4ae30894eea
pb12a3673c8e30e5ee07c44a84a5ebb39,c07a3dd247ad6bec7fe401aa11619959f
pb12a3673c8e30e5ee07c44a84a5ebb39,c392257c4628a5b47dfef533b8a6877d8
pb12a3673c8e30e5ee07c44a84a5ebb39,c98402eecfbcefc336954458a01752131
peef3ae8adfefc6334b9b22ba2280922b,ccae6404c4aecf46684930fe2a86676a6
p43a8a021c4b41213ee10753c7d5b0343,c3f9614618259af51b102c33a7f5af821
p94c6d26fdcd43f5b1898266262c35d22,c4e97aeeaa8b15ca1180fcd1f3ac478d1
pb420d2e80a32179326c81ed91bc9d730,c4e97aeeaa8b15ca1180fcd1f3ac478d1
p7fd7553093624128216ff9b46af6d41f,c5ae7fb3197b6fd8c723c7766a5680e2e
pd8ae449a239c99fafa768a2bffb795f2,ca4704fd35f0308287f2937ba3eccf5fe
pd8ae449a239c99fafa768a2bffb795f2,cbc7546519a0f02925ae3de821f702c89
pd8ae449a239c99fafa768a2bffb795f2,c27616fc4aa0a449b4195c5ac348cc74b
p41cb1eee20ae8fffe7b34c450041bd50,c7172f17ae21babc12e0d2b80f0a9927e
p41cb1eee20ae8fffe7b34c450041bd50,c3262bfd7e123867c896e19eb33ea17b9
p41cb1eee20ae8fffe7b34c450041bd50,ce8a80a47d8e5665e26d2a3ccbefb65b6
p41cb1eee20ae8fffe7b34c450041bd50,c94dae0db9c3e60e3d682f6213dc1f408
p41cb1eee20ae8fffe7b34c450041bd50,c6f6df76f81b4dfe11c0d0155a60221cd
p41cb1eee20ae8fffe7b34c450041bd50,cbde98082126e1c9eb43a85b050ce5029
pfc722f333d55354f466483db8a606169,c7b46953d2c83eaa76ff4aa7afd0aa8be
pfc722f333d55354f466483db8a606169,c511ca32209b103027b0c541ef5c154e6
pfc722f333d55354f466483db8a606169,c60b185ad16ecc9942437ea41855e88b5
pfc722f333d55354f466483db8a606169,c27920ddcaed74a008d12aff27df6f975
pfc722f333d55354f466483db8a606169,c62691ae8d54861c544f75fe154170d2b
pfc722f333d55354f466483db8a606169,ccabf3ab8c01083d893221aeaca55fca6
pfc722f333d55354f466483db8a606169,c628f2179aaf2e6a613f0b947a1485e6e
pfc722f333d55354f466483db8a606169,c3d685a9395eb4bb6654330dce0924124
pfc722f333d55354f466483db8a606169,c3c20c7cafb95ac209bfc03b462e9a3de
pfc722f333d55354f466483db8a606169,c4a0f9734300b17e9bed6869fac3b3b95
pf69710bb30447333727804709c162e21,c2a5a93caf31cbc3e2b9073d7e7c7dd70
pb7992b65198f8ce9e125e766dc6feebf,cd5c0d98b77686a9f3bc157389080d5db
pb7992b65198f8ce9e125e766dc6feebf,cb361d44c761ae2ad7143c7e01f74f5ba
pb7992b65198f8ce9e125e766dc6feebf,cad8b56ff2376d5481ab40c01972a9057
pb7992b65198f8ce9e125e766dc6feebf,cf996b197bdcc7db9a49da0b613fd241c
pb7992b65198f8ce9e125e766dc6feebf,cc6d05ce7c212aafcb4e2cc937df98037
pb7992b65198f8ce9e125e766dc6feebf,cf661527190f15b4b5e9050d2d3508bb9
p08b233253bf04cd6e148d04f8774c0ca,ca4704fd35f0308287f2937ba3eccf5fe
p08b233253bf04cd6e148d04f8774c0ca,ceb6d8ae6f20283755b339c0dc273988b
p08b233253bf04cd6e148d04f8774c0ca,c278c491bdd8a53618c149c4ac790da34
p43c7d01e2ab9b98d84ad7266713d5ae0,c3d07fcca0a7a47df8f85629c753f246c
p43c7d01e2ab9b98d84ad7266713d5ae0,cba7232c7dd8a21aaa0b961b9356cdebc
p43c7d01e2ab9b98d84ad7266713d5ae0,cc05fefb8e23f737b175a03597a551518
p43c7d01e2ab9b98d84ad7266713d5ae0,ca5870141305325f67ea6de1c5bef155f
p9c2cf0e6da2e1edd7bf5865d10f4c7ea,cdd597955100af10d553670bb28862a4a
p9c2cf0e6da2e1edd7bf5865d10f4c7ea,c54d09cb392eca33c9a790bfcb42cbbdd
p9c2cf0e6da2e1edd7bf5865d10f4c7ea,c1dd5c1647025550544cdf1bc8e3aa1f0
p9c2cf0e6da2e1edd7bf5865d10f4c7ea,c38c8082ac5430d4bec30dd7bdafd79a4
p311b1431290b1894a6256a66653be284,cef974c0440396ad81f6e2b5de1b5dc01
p20d90de5628010c58a36950e0dd3115e,c086247a9b57fde6eefee2a0c4752242d
p9a75b23c615c3846fa3faa56eda1d73d,c06c2cea18679d64399783748fa367bdd
p234b479281fce3485488cc1c6172b37b,cad1ec60c9e1f10f6a9f5d9f2c5254bc6
p234b479281fce3485488cc1c6172b37b,c4b1b4dc8cf38b3c64b1d657da8f5ac8c
p234b479281fce3485488cc1c6172b37b,cfa3e5edac607a88d8fd7ecb9d6d67424
p4be195da37be02d484776e35513c259e,c77631ca4f0e08419b70726a447333ab6
p4be195da37be02d484776e35513c259e,cfbd3554ec6c31ddfe4183763eb585e5c
p1fca220cae04d03ed753f402c4d6e609,c557c6481538b93bfe0a10a1cbc11aa07
p20a448cca649becc324a62f34be954f4,ca4704fd35f0308287f2937ba3eccf5fe
p20a448cca649becc324a62f34be954f4,c0557fa923dcee4d0f86b1409f5c2167f
p20a448cca649becc324a62f34be954f4,c272f916f2e30cb40cb794caa6dbdac02
p0ec6354c259ff5dcb3078cc02c2395cc,ca15adae4bec50f3317d666972d3b9aeb
p406c60c8d761c8f3ae591e1416c55362,cb336c4bf5b854f89062dce8674bb45be
p406c60c8d761c8f3ae591e1416c55362,c3710e7296a613cac7c3b35db6f1658aa
p406c60c8d761c8f3ae591e1416c55362,c58b62f7238f04beb975c3fc61eddba16
p406c60c8d761c8f3ae591e1416c55362,cc1d67eb4a4687ee6e2c902880fe398d5
p406c60c8d761c8f3ae591e1416c55362,ce5d843536e117db006a4348df3dcc442
p6dbd38bcfd3618046f0138ee79a21c34,c06c2cea18679d64399783748fa367bdd
pcf6b9e0805f963b382c307ef848f42d5,ca4704fd35f0308287f2937ba3eccf5fe
p483b0b519ef3893281133e491db3eb9c,c52c5c05c1b6798f1948808908f508617
p483b0b519ef3893281133e491db3eb9c,c294387ed996ae8b600218ced96e27ef9
p483b0b519ef3893281133e491db3eb9c,c17cf22ee4def6cacdf2d03d802c39ab5
p483b0b519ef3893281133e491db3eb9c,c4bee709362a9fa7bba3439f07d6232f4
p483b0b519ef3893281133e491db3eb9c,ce22ed76fd97649537739bfbbdd75cc42
p483b0b519ef3893281133e491db3eb9c,c11481ed55fe28be606436dec78936e1e
pc04d4147561b4ba459857c1600482488,cf89b743f135cae28cb7125a5dad87977
pc34e5e2211a08d966aae52c12e5edf51,c6e49f3355a5580b63869548e9dae7504
pa7947ffa61c788063fbe516857d8a849,cf027f27d0d548351e4d362e9b90678a9
pa7947ffa61c788063fbe516857d8a849,c88885e969090a50a4acf5b14fa6a32b7
pa7947ffa61c788063fbe516857d8a849,c678c139ab780f88c824cf3935f31dae5
p151515050108460e4ec9f05e26549fc8,c986fc8ef8995b8e7d5f621b2b3c5b08f
p151515050108460e4ec9f05e26549fc8,ca8b113a589f5511ee1897832c3fb510f
p151515050108460e4ec9f05e26549fc8,c471dacea75a62298f21bd08196e91ef6
p151515050108460e4ec9f05e26549fc8,c67215dc318760263d78e7e1ed85c4342
p5a56e2ea73058ef38a3aa0196fc16945,ce04d1bcee667afb8622501b9a4b4654d
p5a56e2ea73058ef38a3aa0196fc16945,c2fb9d2117d6859403f0c0006311570e6
p5a56e2ea73058ef38a3aa0196fc16945,cc70a904daa782dd468095c92363dc079
p5a56e2ea73058ef38a3aa0196fc16945,ca4fd8bfadaf85e97a213b3515e319cf6
p93ba6df3d16c6a439428912c313ef524,ce04d1bcee667afb8622501b9a4b4654d
p93ba6df3d16c6a439428912c313ef524,ca4fd8bfadaf85e97a213b3515e319cf6
p93ba6df3d16c6a439428912c313ef524,c1cee4394510d8bc92be7b1d2a7a6dd57
pedcc08d14b90af7eca671689179adf0e,ca76d4ef5f3f6a672bbfab2865563e530
pedcc08d14b90af7eca671689179adf0e,c77dcd555f38b965d220a13a3bb080260
pda5234369bf6f1e3dafcf3486ca288e7,c27226c864bac7454a8504f8edb15d95b
p789537027d3f0152328652d5896411d9,c85ce9fbdac706be2d7d0c1472b752b44
p789537027d3f0152328652d5896411d9,c297920c8b870d0a3e43f269213724b92
p789537027d3f0152328652d5896411d9,c281858037f7dcf7ed49271bb92c60526
p789537027d3f0152328652d5896411d9,cd272d7f15ae4923f97a63328888bec04
p789537027d3f0152328652d5896411d9,ccd3d20b9461987685a810f405a9fcfb2
p789537027d3f0152328652d5896411d9,c8dda9c9448066c30bac70b35a6747f66
p60ec723371a68d090037379a5624e00c,ca82be0f551b8708bc08eb33cd9ded0cf
peaa450aed1cb421db16f3812632103e3,cb75fcdd2d72d9e000beab48622402d93
pf47e2881531c48e28f0e4eea99638ada,ca4704fd35f0308287f2937ba3eccf5fe
p9d0bd43f03087c841e82a3c105784df2,cd2ae9a8cce4fbd71bcbeb262f5c1020c
p9d0bd43f03087c841e82a3c105784df2,c8fea9135f9300abbaa4ab2d566a09148
p9d0bd43f03087c841e82a3c105784df2,c6f2f3868ac18250909648d648f924c66
p0cc5b54dbc389f96069d7e22d087f3de,c98402eecfbcefc336954458a01752131
pd5b0ddd05cb79f7dab62e32bbb9863a3,c5ae7fb3197b6fd8c723c7766a5680e2e
p108eb9baa522d7a14b9ad96ec0f66e8c,c93b35952d0f7a6db338dc3cbc4e43df7
p70d04b9090992e943c2fb54093c4d5e5,c08781b29d5ac13d64089d3da1902d0cd
pf1ad41802f327ef9ae18b7e8020ab4e6,c98ded198ba3a0a30e7cc64e4a6a93f45
pf1ad41802f327ef9ae18b7e8020ab4e6,c9bd242ef09ae36a8fcf2a385a5c53cc3
pf1ad41802f327ef9ae18b7e8020ab4e6,cef974c0440396ad81f6e2b5de1b5dc01
pf1ad41802f327ef9ae18b7e8020ab4e6,cffc59436e37fc716e4a33872e97e556c
pf1ad41802f327ef9ae18b7e8020ab4e6,c13348442cc6a27032d2b4aa28b75a5d3
pf1ad41802f327ef9ae18b7e8020ab4e6,c5d4174036e0ff4d939ac4bb1c92db008
pf1ad41802f327ef9ae18b7e8020ab4e6,cffc92c458b8c2fae185c283126663580
pf1ad41802f327ef9ae18b7e8020ab4e6,cb44d4008ab02a9370629ae43f851babc
p66f41a74c46e8d9faca68b2c931ce6d9,c42a854b6da854e79a90cc0d8438cf559
p2f8cf747143469855155cb3b85a14ca9,cb9f06d0c15ebfec15d2939dd5f7d3d3c
p2f8cf747143469855155cb3b85a14ca9,c25d72fc2c168b79ae5327878e134e6cc
p00f59524e844ba8987df97d03170ca93,c7372e03727d14171d0e28c22b8cc52bf
p9cf3b1ec3b3475dab46e50984736f4c0,cb30436827c2552cd1ee923f9f418b6db
p5ab8c4926a7574c77e7f94140d097890,c7e170de074e1630348aec1364ac26c3d
p72406520e2586a4569e9ca2d78e94fcd,c8d09dc9b9ff67177ebb9fc82624fd800
p6098abd3772a8fc3d955182e69fa0a37,ca4704fd35f0308287f2937ba3eccf5fe
p3a21ef5fb413fddeb647eefd671a248d,cc6da1037345f186bfad13bf4b7cf1051
paa64db6c3890f381122e013d4d6835b4,c77631ca4f0e08419b70726a447333ab6
pe407af2adf8ec333326d1143d724b841,ce353dbe42c8654f33588d4da0b517469
pbf2010d47f24e39a484b6bdccbe0b439,c2732a90d01770225a43236dac88d8552
pbf2010d47f24e39a484b6bdccbe0b439,c90c07032f51c653a5943eb7c30072cff
pbf2010d47f24e39a484b6bdccbe0b439,cec75a1bd380b0601760624c84918334a
pbf2010d47f24e39a484b6bdccbe0b439,c81399e7fc4944bd20d5ffdff3f11e3a3
pd71c368cc9a14ad9942027133940bf04,c93a6962b5340c4930df9c95d0d97e74d
p358c713714a5c7a16c28f04339955754,c181900dad960beccb34f53c4e0ff4647
pcc80a5859e80c133898ae05a531c34a5,c13a2f32d27602fcfebc368905a72806f
p126c928e7cf3ff826644de317dfdf435,c63f69c7f958795918b41fbcd71a8c811
p6141914059fdc94d2b9e5784518b0dd8,c06c2cea18679d64399783748fa367bdd
pb3fbb95ce63f6abc2dd156005f0d9d40,c77631ca4f0e08419b70726a447333ab6
pd47bc5cec529374abb674ecbfbdf4730,ca4704fd35f0308287f2937ba3eccf5fe
p1af646e81b7df830e9bdcfdad734fc53,c8da5a1fb52daec7b7e184bc5356511b5
p563dec8cce63e4ee6d1e3b2b255da973,c8b8ce009aa13e3370b53fa14a9eab5e7
pbfee36097c82254d7e13497a29422a47,c60e46aeaed758964902dd7ae99858f03
pd90af6acb2030bc4f57dd17b0967cc9d,c87d17f4624a514e81dc7c8e016a7405c
pd90af6acb2030bc4f57dd17b0967cc9d,c8124579383e90243e4b06323d2b37f8d
pd90af6acb2030bc4f57dd17b0967cc9d,cbf733d8a933c1601697f364223fc7ecb
p99482c9b577053ea38722adc2f4dbaa5,c2e54a377e035864c5547eae0e9fd6d69
p1f1364db3e05e38b5bd305d765465015,c1a66ab62bfc858b7bcf9e01aa9cd1841
pa2947963ab6a30497703fc070c05e74b,c77631ca4f0e08419b70726a447333ab6
pa2947963ab6a30497703fc070c05e74b,c1fbb1e3943c2c6c560247ac8f9289780
pa2947963ab6a30497703fc070c05e74b,c89590a24a356e054a64a9212d49c69d0
p8a453f957239d9b63660a00154df2e3e,ca80420eef88d11f77532f1b9cb467fa3
p8a453f957239d9b63660a00154df2e3e,c99442e94b8aedfaff00e0752719ee7b9
p8a453f957239d9b63660a00154df2e3e,c26fccddf2f94b1685b184267996e10f8
p34614182c905f9ea79f317055987d46e,c02d27077acec93af7e3a98cd2edd28bb
p8d4f5c2b69e7e8ac1363915b26055105,c7af4ea7172f321c741e4cf6bc02bc764
p8d4f5c2b69e7e8ac1363915b26055105,c48fda680184a95a3f20e845765ac7d34
pcdf20da362463b20a8326ff7ddcfc32b,c497031794414a552435f90151ac3b54b
p8921e6f06e7664295b8a74a501167020,c21234a0e100d74037a4da2e53f3200d7
p834bcb74cdfb535fa080642477633210,cf6068daa29dbb05a7ead1e3b5a48bbee
pf6c634c141a33d54a8b03dc36048f92d,c96a2e7258949101b611ca523622c517f
pf6c634c141a33d54a8b03dc36048f92d,c5c954b16b3b6e3e45f793c65f447de94
pf6c634c141a33d54a8b03dc36048f92d,c45fe97371af9964268d8d81afcf92252
pf6c634c141a33d54a8b03dc36048f92d,c9127cb8f91483e6a705f818b2d371bc5
pf6c634c141a33d54a8b03dc36048f92d,c820b8f74ad843d1574106ec4cadfc07e
pdcec7477fb3f1d563298fdd80e1d3b45,ca4704fd35f0308287f2937ba3eccf5fe
pdcec7477fb3f1d563298fdd80e1d3b45,c6c88c36ffaab88d255865aa3111d7686
pdcec7477fb3f1d563298fdd80e1d3b45,c9b62305de14f24a0111b59ac6e687b80
pae8ebafb12bc0dd0eb2cf207a9cdc37c,c8b18d9845744f050df7223e98dda8694
pd6619d2e60b44d957e745fa81a075ba4,c06c2cea18679d64399783748fa367bdd
pcff1edebfa8507fb43893164df149c59,c77631ca4f0e08419b70726a447333ab6
p13e680a82f365c91e57f79ec0a1426b9,c77631ca4f0e08419b70726a447333ab6
pa029c32ec8ec1e0a77aed296ef3eb6a3,c77631ca4f0e08419b70726a447333ab6
p51d54477da59bf741fdeae4fd3d3241e,cf8508f576cd3f742dfc268258dcdf0dd
p51d54477da59bf741fdeae4fd3d3241e,cc8205c7636e728d448c2774e6a4a944b
p8a1dadeb97688fe09ffcc933f19e3de0,c1eba226e4a1661315d2b35e3f2187a0b
p8a1dadeb97688fe09ffcc933f19e3de0,c9988b1d8a770677b8ba24111dbef6dc6
p8a1dadeb97688fe09ffcc933f19e3de0,cd0b10402b4afa174df9f883c36678e8a
p8a1dadeb97688fe09ffcc933f19e3de0,c80329bf50bdb9fa11f6779f5ea107fcb
pe21e13152f199dddcf3a5889478ba908,c0da0b9f479f691cec1902cf8c5a58d3e
pe21e13152f199dddcf3a5889478ba908,c104c9abb3f25d31b17b74c4bd6f27c7b
pe21e13152f199dddcf3a5889478ba908,c0e153021524f4e49a658c2a8b106fb82
pe21e13152f199dddcf3a5889478ba908,c3e864f42bab5a68692a18c3e49ee1b6c
p0bd79ef8fb72b30823f2df8e315e2a38,c34b6cd75171affba6957e308dcbd92be
p18c5106433ab14cb3b19d614cd9ccb54,caf452570c9053f20df58071588b10565
p18c5106433ab14cb3b19d614cd9ccb54,c66098970e4357dd62009bc7d2bde9335
p18c5106433ab14cb3b19d614cd9ccb54,cfa3a3b83563c04ff418feebf10a76b07
p18c5106433ab14cb3b19d614cd9ccb54,c56b9951f7d788c259eb62479835f3342
p18c5106433ab14cb3b19d614cd9ccb54,c1bcc13873adc70b80da67fb0cb0e0e04
p18c5106433ab14cb3b19d614cd9ccb54,c98645315dd4836ab401e587b712d63ba
p18c5106433ab14cb3b19d614cd9ccb54,c61284089c481eff095e7b110af2c4aab
p18c5106433ab14cb3b19d614cd9ccb54,c4a626b8286ad66efb9a0dc645e84cbcc
p095816d6592f9320109990e24d810367,c743b586056e7834aa02ef3463f906a8a
p095816d6592f9320109990e24d810367,cb71c55f1628a3d4244dcd5e16fc4c559
p095816d6592f9320109990e24d810367,c0bafd4c05b487437cb18af0ad9d9391d
p095816d6592f9320109990e24d810367,c31e8016de80762d9b8a9b9c6ec36b3b1
p095816d6592f9320109990e24d810367,cfaeaec9eda6bc4c8cb6e1a9156a858be
p095816d6592f9320109990e24d810367,cdc6d3943456a079153e662817c5817f1
p578a2e40929f80ea4b3ba62c57770965,ca7251aa1781d36333696d515780c8037
p4175554bda0dd773138c2b0ec52221cb,c0ff367ec9bade91f95dcddf94a4a761a
p4175554bda0dd773138c2b0ec52221cb,ceae639a70006feff484a39363c977e24
p4175554bda0dd773138c2b0ec52221cb,c599dcce2998a6b40b1e38e8c6006cb0a
p4175554bda0dd773138c2b0ec52221cb,c81788ba0d7d02d81c063dbca621ba11b
p4175554bda0dd773138c2b0ec52221cb,cbc2db13501ad5314418ff3ada18d8140
p6da0d2227fc97ba2a66e485daa5a1f80,cb1c94ca2fbc3e78fc30069c8d0f01680
pda8425c16c44425b7184b7997a64f81d,c77631ca4f0e08419b70726a447333ab6
pcca1b4af978f05f1e257619f0d30e0cd,cad1ec60c9e1f10f6a9f5d9f2c5254bc6
pcca1b4af978f05f1e257619f0d30e0cd,c4b1b4dc8cf38b3c64b1d657da8f5ac8c
p7399c6e6f017583244fac3054cfc30c0,c13348442cc6a27032d2b4aa28b75a5d3
p7399c6e6f017583244fac3054cfc30c0,cdecad5ef52d2734845f9ab4042f08f6a
p7399c6e6f017583244fac3054cfc30c0,c4cac2dfcb773da9e522a2718a2c7ac8a
p7399c6e6f017583244fac3054cfc30c0,c3abc33fb24ad895eadfac55536f370e8
pdc4c069842fffef796a00545f72c2619,c77631ca4f0e08419b70726a447333ab6
paac3031750a7935414eb0d403470794c,c77631ca4f0e08419b70726a447333ab6
p797185796b0b3b8313e8c7626d01f69a,c77631ca4f0e08419b70726a447333ab6
p38fffd1a5cdaa22c9dcb7a379e18f8f2,c7f80fcc452c2f1ed2bb51b39d0864df1
p38fffd1a5cdaa22c9dcb7a379e18f8f2,c497031794414a552435f90151ac3b54b
p38fffd1a5cdaa22c9dcb7a379e18f8f2,c5a35edab0f2bf86dfa3901baa8c235dc
pedf3e8a05395758fd4da2f0a05a4426c,c4e8394a91cf2848e5096809f3dda21a2
pedf3e8a05395758fd4da2f0a05a4426c,c07a3dd247ad6bec7fe401aa11619959f
pedf3e8a05395758fd4da2f0a05a4426c,cddfdc2a2b4c277158589a9f95fa2fbd8
pedf3e8a05395758fd4da2f0a05a4426c,c6ccbda3e403f81ddb60173ac5e2f2cc5
pedf3e8a05395758fd4da2f0a05a4426c,c6dbfd9e72c6f1df527604461b27241f7
pdb2d411ceef73b7fedb69bf77814997d,ccae6404c4aecf46684930fe2a86676a6
pbe08ca738c27cd373bda7eba6ca1e67e,ca4704fd35f0308287f2937ba3eccf5fe
pf6fce3cfbaca0ee8cba015c986944a26,c222a267cc5778206b253be35ee3ddab5
pefbf495187af910dd3872ded430f9b0c,c3bb7c24fcd6eb6468ddc51ea1dfdcee5
p1bc4b3d2a132ba0cd976c78fa98e0eb6,c4d5cdaeb09f26557fe22b6ff12289344
p1bc4b3d2a132ba0cd976c78fa98e0eb6,cfd69c5cf902969e6fb71d043085ddee6
p1bc4b3d2a132ba0cd976c78fa98e0eb6,ce353dbe42c8654f33588d4da0b517469
pd2883fb37f6143e42809898262c3b9ae,cc48f9cd3351c274490e883860faf2bd3
pd2883fb37f6143e42809898262c3b9ae,c0e5064e47970a839bc4a2ce2a9cf3563
pd2883fb37f6143e42809898262c3b9ae,c22a9d9f466ec36b69d5c79ec5b5c088e
pd2883fb37f6143e42809898262c3b9ae,c8f89d6b5a2580a8376ed5e4f879a457f
pd2883fb37f6143e42809898262c3b9ae,c93b01555cf03ec13cfc6471f94ad44ce
pdefad9ccff3d43f468cc1c5c4f9f6a56,c451cb572c05c2132b31c99f4d105c6c0
pdefad9ccff3d43f468cc1c5c4f9f6a56,ced92207883ed5a9d9f04168c82ba34e2
pdefad9ccff3d43f468cc1c5c4f9f6a56,c67ed1b563f9543eae3deaa78d9f182e5
pdefad9ccff3d43f468cc1c5c4f9f6a56,cc28b120ccf6998b14a88b4b7ad9745d2
pdefad9ccff3d43f468cc1c5c4f9f6a56,c87a222577e9c7b7a0739d92337f4fe46
pdefad9ccff3d43f468cc1c5c4f9f6a56,ce1872673c1a0bfc2d06131dfa0eef456
p54f797c1f9a8c0138412236dfb505d1d,c77631ca4f0e08419b70726a447333ab6
p54f797c1f9a8c0138412236dfb505d1d,c497031794414a552435f90151ac3b54b
p54f797c1f9a8c0138412236dfb505d1d,cfe4dbcab9b910577e5035e97ac068dae
p7696f7bea43db54e4f72f17a3f74a9aa,c06c2cea18679d64399783748fa367bdd
p10152e03e9dc496aabfa0294777e3343,c77631ca4f0e08419b70726a447333ab6
p10152e03e9dc496aabfa0294777e3343,ce0f9771ae9c968d8de36deb908204d09
p2c14b905095a51519534a0c2685c47e3,c3a7343802ec769bcec698dc6258f626e
p2c14b905095a51519534a0c2685c47e3,caceef83d76177864b357718ccb8913f0
p2c14b905095a51519534a0c2685c47e3,c6837b5ae63856417820a7779f0069532
p2c14b905095a51519534a0c2685c47e3,c2ccee2b00233c3f3e3337a28ebc0df24
p2c14b905095a51519534a0c2685c47e3,c17711a0547885183a93caef68d50db70
pa3b1b1337798d4fb1e6cbeb53d779d0e,cc172d0b7b7d4c61a931d50369d37b11f
p31b5661dffa27130fc669b8127f341eb,c1c196df9ba3a98de13b10d87c11e3632
p31b5661dffa27130fc669b8127f341eb,c2614f614291a58ccb27627816af72c21
p31b5661dffa27130fc669b8127f341eb,c8434c1c1e4c5ee3223be2e551eff45b8
p31b5661dffa27130fc669b8127f341eb,cff8027feca10ee45fd604b903f19fc62
p31b5661dffa27130fc669b8127f341eb,c2bc54b28401f1408f26ab53b2eafe526
p31b5661dffa27130fc669b8127f341eb,c7bf2084fde7f81e2912434fdfffb4148
pd6ba58b3b6958f916d3bbe56a2c717ec,cbc2a8fc73205c6f69831eda5a26a95fb
pd6ba58b3b6958f916d3bbe56a2c717ec,cd2c8746ae6acc28e5ec78ee6bad6cfe5
pd6ba58b3b6958f916d3bbe56a2c717ec,c5fed3411faf832174ef1f040028b2c21
pd6ba58b3b6958f916d3bbe56a2c717ec,c827452688eed02a12178e96f924ac529
p1b056e4ff194b9ffd938403ce4fb42e5,c5fed3411faf832174ef1f040028b2c21
p1b056e4ff194b9ffd938403ce4fb42e5,cf2a56a895e371662be3728059124bece
p1b056e4ff194b9ffd938403ce4fb42e5,c730cf1b7c7c4d1cb89147f62bfc9844c
p1ef835f760e14da2e092be674dba604a,ca4704fd35f0308287f2937ba3eccf5fe
p1ef835f760e14da2e092be674dba604a,c3f0bc1b9dd5d41af7f4455a291aa4e9b
p1ef835f760e14da2e092be674dba604a,c5e59525cb7d1d1cd93be0b9f36e9d09a
p90dae3ecdb5eb0f2a5a9107a351d23f4,c77631ca4f0e08419b70726a447333ab6
p90dae3ecdb5eb0f2a5a9107a351d23f4,c4d3d769b812b6faa6b76e1a8abaece2d
p90dae3ecdb5eb0f2a5a9107a351d23f4,cde8504b73ea228d0ea9bbce69752092e
p204569d6473012f655f28dff09d2b0b4,c0db377921f4ce762c62526131097968f
pb037c945e39a1d61c2522e4ac56cca86,cac70412e939d72a9234cdebb1af5867b
p950ab036c3d0108e1f60afaeb8bcdd8b,c77631ca4f0e08419b70726a447333ab6
p43d89947ac0439995061d78c60425d38,ce353dbe42c8654f33588d4da0b517469
p43d89947ac0439995061d78c60425d38,caada29daee1d64ed0fe907043855cb7e
p5ddfe106e21e53e41de3e056c547378d,c03c2e7e41ffc181a4e84080b4710e81e
p5ddfe106e21e53e41de3e056c547378d,cc8205c7636e728d448c2774e6a4a944b
p5ddfe106e21e53e41de3e056c547378d,cc6e190b284633c48e39e55049da3cce8
p852cb620e3cb88e21a3eb3e9c9ef2d95,c77631ca4f0e08419b70726a447333ab6
p852cb620e3cb88e21a3eb3e9c9ef2d95,c27226c864bac7454a8504f8edb15d95b
p759e4c0f2d95e72e8d5333d95a1fd8a0,c921c783bfdcee9ae35e5cc86eeab0cef
p759e4c0f2d95e72e8d5333d95a1fd8a0,c3223702c7094fd9dd7619b7db7bd664c
p759e4c0f2d95e72e8d5333d95a1fd8a0,c8f89d6b5a2580a8376ed5e4f879a457f
p759e4c0f2d95e72e8d5333d95a1fd8a0,c9cc2d7206020a834cb6aef8739cdd74b
p759e4c0f2d95e72e8d5333d95a1fd8a0,cbeed4ad23697134f8d504e9aedcc2316
p6cded1d072eadc05c9abf9145c24c34f,c69c4676e363ae47afd2530898064816c
p6cded1d072eadc05c9abf9145c24c34f,c3e7bdeaf3f2deef1299bcfc75fd574c1
p6cded1d072eadc05c9abf9145c24c34f,c459f40020966de7bf49ef4b58a214a0d
p7c59074994876f47d996086fc97ed870,c557c6481538b93bfe0a10a1cbc11aa07
p56bd1b3e5d6efacddf81815dc78a5a33,c77631ca4f0e08419b70726a447333ab6
p56bd1b3e5d6efacddf81815dc78a5a33,c5e701243c006f198571efaec9b9d2e95
pcfca99981ceb0602041812e7866ec93b,ca2bac22b478919aa92e0bb66b7942f27
pcfca99981ceb0602041812e7866ec93b,cfb8d38694f8959e4286303c0d561eb06
pcfca99981ceb0602041812e7866ec93b,c393d57bb85151e72f5cec517a1b527b0
pcfca99981ceb0602041812e7866ec93b,c561879d15ea12eeeff46e945c9d33410
pcfca99981ceb0602041812e7866ec93b,ccc526db2abfc9e8569d8161a53575227
p7142ef2da127dee73ae43bfe2105f22a,c5e701243c006f198571efaec9b9d2e95
p7142ef2da127dee73ae43bfe2105f22a,c65870527de99c3ed4d1afc9f0bb0b8a0
p7142ef2da127dee73ae43bfe2105f22a,c551c5c03a1a91f2cf90e0d9a9b6dd378
p212fe09e2f8b1d339c2ad1751b53ea20,c77631ca4f0e08419b70726a447333ab6
p57722e6013bb1df4c07fa7a3154bac1b,c77631ca4f0e08419b70726a447333ab6
p5cba36693d4470e9d013f821adc758cc,ca4704fd35f0308287f2937ba3eccf5fe
p9aa247f342b0f30d42962af3d36deca8,caa52110dbfce51cc1ec8a163264151e2
pb72647a92099936523f3f645e3cf44ec,c62cd275989e78ee56a81f0265a87562e
pb72647a92099936523f3f645e3cf44ec,caca23b12df178db6e72a4644b86be156
pb72647a92099936523f3f645e3cf44ec,c63086e47c388325498d995c7cad47caf
p7d4443ebcb2c4868810940b181e52b99,c7e4ce1356f821a69c661efc5d4d55ff1
p8dd6de1656c894fbab4111b7db7e9095,c5da536608a5709d7d337ab0b13818583
p5954e72f0b2674c060ff116b3e0eedbc,c0936629b543893a1159b6a208ef81cdd
p5954e72f0b2674c060ff116b3e0eedbc,ced72c2fcafd9ce4e6264068ff8277440
p5954e72f0b2674c060ff116b3e0eedbc,c2d386cea6fd0705a20d50ac3a7ed0137
pe78e1e6f1e60468facdbd40fa2dbb555,ca09e238a40a9d45f1ec6203bf2c2e7d5
pe78e1e6f1e60468facdbd40fa2dbb555,c04ef847b5e35b165c190ced9d91f65da
pe78e1e6f1e60468facdbd40fa2dbb555,c2d386cea6fd0705a20d50ac3a7ed0137
pe78e1e6f1e60468facdbd40fa2dbb555,cde3096aa4a1b65f24c84f5a3f2b8a3e8
p057afb9e0ee903e59778752f5ae192ee,c593ac2498ecdae1c17f5519b2b703c9c
p2b6c06df25eb318a52a9379d3ff60db0,c43e79bd61fa47e2cbc202a93f921c406
pc187bf29cfc99346e61b54bb68d472b1,ca4704fd35f0308287f2937ba3eccf5fe
pd971d30909310a4e9b22ec3926d5b02c,c77631ca4f0e08419b70726a447333ab6
pd971d30909310a4e9b22ec3926d5b02c,c4802a5ac6005a6ab9c68a2fb29e30a3e
pd971d30909310a4e9b22ec3926d5b02c,cca8a196f97a48b2bb489f3e849a68418
p675bb144fa94c07825afa023ad00670c,c77631ca4f0e08419b70726a447333ab6
p675bb144fa94c07825afa023ad00670c,cfd1dd0c603be8170f9eae0be9f2f6afb
p675bb144fa94c07825afa023ad00670c,c92f80bd57592af65188ca27786514cca
p8286e4ec08c5bca97eea3d96c19ca62a,cdad7b48b50633a803b3fbdbb7e997458
p0ad18279a20db562b5bb3a48641e9ac8,c3aeb25a0fb59a137b25f3eb822a639ac
p0ad18279a20db562b5bb3a48641e9ac8,c32eadea6c023fd3d7ca088f7a4d94a26
p0ad18279a20db562b5bb3a48641e9ac8,cb56bcb209d585631c93cd1564d5dbf02
p0ad18279a20db562b5bb3a48641e9ac8,c18aa2c31c23122f24f29553cd4814424
p0ad18279a20db562b5bb3a48641e9ac8,c33a89e3569de2cb173a35029eae17c6f
p0ad18279a20db562b5bb3a48641e9ac8,c40b8c7d11468f3d240c8f37b5946d0ab
p0ad18279a20db562b5bb3a48641e9ac8,c0d61f8370cad1d412f80b84d143e1257
p0ad18279a20db562b5bb3a48641e9ac8,c1a382809b7c03f686e12dd15677c5497
p554aa7a2d653aaddcf2dc87e216265f5,ca4704fd35f0308287f2937ba3eccf5fe
p554aa7a2d653aaddcf2dc87e216265f5,c750f9249825b7dbdbc14ea8cc32af62e
p554aa7a2d653aaddcf2dc87e216265f5,c3f84183918bbcce913eecb6fd74a27d0
p9a56469c254f4703bda691644d393cbd,c08781b29d5ac13d64089d3da1902d0cd
p28d85b6e05f861ddb207f397bab7aafd,c827b1b3da582cd562ee87a9bfa227d5b
p28d85b6e05f861ddb207f397bab7aafd,c25d72fc2c168b79ae5327878e134e6cc
p7d1102a5d8745033ae0eefc019d871d0,ccbaf68477f67c7a9c076408c871a5b2c
p7d1102a5d8745033ae0eefc019d871d0,c0862a8dda333cb12709541b3fe31d3cb
p7d1102a5d8745033ae0eefc019d871d0,ce1c6d04754724238c4e8df744035fba9
p7d1102a5d8745033ae0eefc019d871d0,c2d5563ed288ac5396add9b78fbca810b
p7d1102a5d8745033ae0eefc019d871d0,cc2815afb8849e8d56f0093c8f1a6b2c0
p6d2d00cb82b35a0fb1752562bf42b0ae,cfe984a72ee7576e55002bc77460beb99
p6d2d00cb82b35a0fb1752562bf42b0ae,c347e853aa3875ff2103eb6bcb5940f37
p6d2d00cb82b35a0fb1752562bf42b0ae,c93d1ba74926cab0c0ce27908d9da0197
p6d2d00cb82b35a0fb1752562bf42b0ae,cc18617af6afb1021e885bbdd837050dc
pab7e5fcd50000ae5ab8dbeb9bcede29b,cc6dbc4d50c37ea65a73dfe5b6f700eed
pab7e5fcd50000ae5ab8dbeb9bcede29b,cb7e9c6f7a17a63ddd8eeb999ec10ca96
pab7e5fcd50000ae5ab8dbeb9bcede29b,cc18b31886dac4900213ab5f37147ffea
pab7e5fcd50000ae5ab8dbeb9bcede29b,c783defb7d418f2d9768898644c771435
pab7e5fcd50000ae5ab8dbeb9bcede29b,cd23c5976e63fa74abd91d2395d0355a1
pab7e5fcd50000ae5ab8dbeb9bcede29b,c978ce160e5c17a4b9a6e6d7e21813c85
pab7e5fcd50000ae5ab8dbeb9bcede29b,c458b0c70ef9e7ef69e5d02f661d3c8f8
pab7e5fcd50000ae5ab8dbeb9bcede29b,ca9a723294ea2f2fb3209a6e3ef140b52
pab7e5fcd50000ae5ab8dbeb9bcede29b,ccd93e67b26fde24f7d0a626bebc2d650
pab7e5fcd50000ae5ab8dbeb9bcede29b,c6b542fb2b5dab1be029c97ea0046e65e
pe48800aa31d22c91bbbdfd87fc54dd4c,c91d178420848564b22295adb66ae8a1b
pe48800aa31d22c91bbbdfd87fc54dd4c,c3a7c20c927d3ebc6f23504a00d34e10e
pe48800aa31d22c91bbbdfd87fc54dd4c,c452745d995fd0257c6fed8ec95d2293d
pe48800aa31d22c91bbbdfd87fc54dd4c,c3f078e2078e846653d53f53553a76587
p4804ee47b0c2b632d1e8f36a691dc9be,cc7bc3fddddb62d5b656adc30cea77a55
p4804ee47b0c2b632d1e8f36a691dc9be,c643562a9ae7099c8aabfdc93478db117
p4804ee47b0c2b632d1e8f36a691dc9be,c7bfa30721c5e726ff17e3f972237a82c
p3ac4eaf327196b016ecc2237ec89367e,c9285794d9f861b95d832d4c5f4982ca2
pdeb26a91734cc4c48d8d765b58f4d4b5,ca6122a65eaa676f700ae68d393054a37
pdeb26a91734cc4c48d8d765b58f4d4b5,cf7f20cf0671906e9c4f2011283904e99
pdeb26a91734cc4c48d8d765b58f4d4b5,c27dba0411df4ca55ad69e5c7149411a6
p684fa9c6afa276a0b01fd8ab3ccc53db,cd0363921c897ec48ae2a05228c825d0d
pbc79406a81f49ff47f5ebe1af43599b9,c77631ca4f0e08419b70726a447333ab6
p24e6303fb246e85f5bd90203f1121b59,c98402eecfbcefc336954458a01752131
p24e6303fb246e85f5bd90203f1121b59,c21234a0e100d74037a4da2e53f3200d7
p24e6303fb246e85f5bd90203f1121b59,c28c02808d035abd3371299d909f5e0ad
pfdcb364ee8becba656d9cf5fe487fa3e,c8c97626c3bda0721059f5eddbd2d255d
pc2a4a18c9e023b0cd6b8380f56d64d95,c75d46ea53c6cb7155cb18d0a5a31eec6
pc2a4a18c9e023b0cd6b8380f56d64d95,cb136ef5f6a01d816991fe3cf7a6ac763
pc2a4a18c9e023b0cd6b8380f56d64d95,cfde6509fa8fc51d8004d86058c733cc9
pc2a4a18c9e023b0cd6b8380f56d64d95,c0b21b2dbe0f776ec288fd9b76a45857a
pc2a4a18c9e023b0cd6b8380f56d64d95,c8425ca93548d1ec0f42fee64fc8013f2
pf7db200d96ce8697da2f9bbfc931f306,cb72ac10807b29c77f5b7e4b80ea40414
pf7db200d96ce8697da2f9bbfc931f306,c793f9f5df08c7405270b13fda0383033
pf7db200d96ce8697da2f9bbfc931f306,c826ab1b34100dcbc3358fc66f43b2333
pf7db200d96ce8697da2f9bbfc931f306,c0ca253e9009e6fbf5ce4c7fbe002fa3f
p79cd66a3c0fda204059493ffbe493063,ca4704fd35f0308287f2937ba3eccf5fe
p6ca34748ec53d4d8b1f84d666becdd1e,ce3e437dd2d4cd785b83e88628221ca88
p6ca34748ec53d4d8b1f84d666becdd1e,c0ca253e9009e6fbf5ce4c7fbe002fa3f
p84e2b5f2c692e4d6233a8ffe664a7b4b,c4c19f64796c75d8420dca071520d2f36
p84e2b5f2c692e4d6233a8ffe664a7b4b,c501720d106c31673e2ea2be6767f5e24
p84e2b5f2c692e4d6233a8ffe664a7b4b,cff8b7e334af763763675af4192a2445c
p84e2b5f2c692e4d6233a8ffe664a7b4b,c6ffaa36aadd75cc39f2ef8d1e1e21405
p84e2b5f2c692e4d6233a8ffe664a7b4b,c0aafd08f18a5520056c66f259c3c5b7b
p84e2b5f2c692e4d6233a8ffe664a7b4b,c07a088d810f26352a4cb3067c2123050
p84e2b5f2c692e4d6233a8ffe664a7b4b,c9fb600eb7565dadb7686c008e68a24a5
p84e2b5f2c692e4d6233a8ffe664a7b4b,c4520b6e4e4674efe64e6d62e62af683c
p84e2b5f2c692e4d6233a8ffe664a7b4b,c46bf7e5b695bd976370e977ba4f156a9
p84d77141446598716b9738cfbae245b5,ca4704fd35f0308287f2937ba3eccf5fe
pbd839a923f9e128829cd22db9a2bd75a,c8d3e32b08d2579b16064cf3b91318ee1
pbd839a923f9e128829cd22db9a2bd75a,c22a9d9f466ec36b69d5c79ec5b5c088e
pbd839a923f9e128829cd22db9a2bd75a,c4e9d4a715177568b3f41fca91886086e
pbd839a923f9e128829cd22db9a2bd75a,c81b26e804abe6543d0fe1561cdfecd83
pbd839a923f9e128829cd22db9a2bd75a,c4abe93166c4781551d1976355fd67509
pbd839a923f9e128829cd22db9a2bd75a,c501720d106c31673e2ea2be6767f5e24
pbd839a923f9e128829cd22db9a2bd75a,c374d9be154bb014b03facfd853862ff5
pbd839a923f9e128829cd22db9a2bd75a,cfde33906ad2f1b6642d018cffbd699fe
pbd839a923f9e128829cd22db9a2bd75a,c8f6e289a16ebdd6869fbb536cf30c7f9
p216135e2c2b3d659ab99c06a23a36e4d,cad1ec60c9e1f10f6a9f5d9f2c5254bc6
p216135e2c2b3d659ab99c06a23a36e4d,c4b1b4dc8cf38b3c64b1d657da8f5ac8c
p216135e2c2b3d659ab99c06a23a36e4d,c86f5978d9b80124f509bdb71786e929e
p67d15c80bd007913eccbea20830296e7,cf4e2448a257b0b8adebaf4784dd86d47
p67d15c80bd007913eccbea20830296e7,c1bda80f2be4d3658e0baa43fbe7ae8c1
p67d15c80bd007913eccbea20830296e7,cdb077f7f0ec383ac93a108a1827f2d3a
p67d15c80bd007913eccbea20830296e7,c5657e8466d3252f27a69dfb92fc2ba86
p67d15c80bd007913eccbea20830296e7,cabc7f45e08eb77e7e65ed1004961dce0
p67d15c80bd007913eccbea20830296e7,cbc3633740cc21af5cd1506aa1ae38000
p67d15c80bd007913eccbea20830296e7,c65558688d827182957446a07654ab3d7
p67d15c80bd007913eccbea20830296e7,cf9f517a3d8f8c8be0b5f70a3f06e3489
paf87e6e09be4aaef919e9a09476af054,c77631ca4f0e08419b70726a447333ab6
p62017fd7c8210505174c4be62fc859ae,cf41378dc2401a066a07547accdc467d0
pa1bc099a521c6d5c6665d17db9ef5484,c1603f79f250bd05d84dcb190bee408bc
pa1bc099a521c6d5c6665d17db9ef5484,c5d7506a1756f945e62819929d18ed5a9
pa1bc099a521c6d5c6665d17db9ef5484,c4434ee33365b935442d1c20e5c2a8d24
pa1bc099a521c6d5c6665d17db9ef5484,c47cb06083e87503762f6746725117a3c
pa1bc099a521c6d5c6665d17db9ef5484,c14421216ffc3c0e9aa46adba96a11085
pa1bc099a521c6d5c6665d17db9ef5484,c55b558c7ef820e6e00e5993b9e55d93b
p5bbac01887d3b130d70f739dd6e9b881,ca4704fd35f0308287f2937ba3eccf5fe
p813178fe8d817ce03fc80f1de123e5e1,c77631ca4f0e08419b70726a447333ab6
p9e69092871547fb49417fcef188d01fb,c8af0f5c3edad8d8e158ff27b9f03afac
p9e69092871547fb49417fcef188d01fb,c0c60b3967cd3d75d624a2c1bca757cde
p9e69092871547fb49417fcef188d01fb,ce338b1d0b78ba3be0e9a08223f45116d
p9e69092871547fb49417fcef188d01fb,c4e88ad73603d94c76fb19bbda411b2f2
p9e69092871547fb49417fcef188d01fb,caaddc3454ccbefbb2d8d8461f8f7f481
pb356d4df082427034f25f913ca19249f,cad1ec60c9e1f10f6a9f5d9f2c5254bc6
pb356d4df082427034f25f913ca19249f,c4b1b4dc8cf38b3c64b1d657da8f5ac8c
pb356d4df082427034f25f913ca19249f,cbbe51039d025b265f9790490781cb201
pf3af7b0faf941733d8a81373908729bf,ca4704fd35f0308287f2937ba3eccf5fe
p7ee3c2aac8c59b504dc4e00f0e30358d,c575e0dc3e4b24d90d2a216d4dc5d0f09
p7ee3c2aac8c59b504dc4e00f0e30358d,c4b1b4dc8cf38b3c64b1d657da8f5ac8c
p7ee3c2aac8c59b504dc4e00f0e30358d,c269e78d1f721be5126be1f09bb4b091b
pd2669526235966d2ea6899c48a699e6f,c77631ca4f0e08419b70726a447333ab6
pcfc5ce31198717d0d9ec18e516e10d23,c0dfcf23e6610dd9ef6092e4cfedd7c07
p90fdddf7bee83636259267d4f7d38f9e,c1c501f65a338df42b5f259b7d0903373
p90fdddf7bee83636259267d4f7d38f9e,c96f39b3b7bb9efe0df92d7bfb8bc480e
p90fdddf7bee83636259267d4f7d38f9e,c1bcba9b4d521aa830f88baa1702993b6
p90fdddf7bee83636259267d4f7d38f9e,cef5714e0519bfaa645cdff7d28843b70
p55288b163bce7e5fa2227dcedbb77445,c82d9ed2cb89069c6ba60b27c812979fc
p55288b163bce7e5fa2227dcedbb77445,cebbb54867e4de9b24378757d4fe5f8af
p55288b163bce7e5fa2227dcedbb77445,cb04ab3fefe35077f4227a3a42d18af46
p5e3d2c4ac9e3766bcf6d39ee74c030a1,c674fd8de3d33407eaf231f511c727226
pe35527641e75737c203f24a5c8278d04,c0dfcf23e6610dd9ef6092e4cfedd7c07
p26eb17a565ec0295abeff545eb20f491,c77631ca4f0e08419b70726a447333ab6
p90fdddf7bee83636259267d4f7d38f9e,c77631ca4f0e08419b70726a447333ab6
p118e80c8db3c5d76caeb2599f6bedf92,cad1ec60c9e1f10f6a9f5d9f2c5254bc6
p118e80c8db3c5d76caeb2599f6bedf92,c4b1b4dc8cf38b3c64b1d657da8f5ac8c
p118e80c8db3c5d76caeb2599f6bedf92,c688937ccaf2a2b0c45a1c9bbba09698d
p0a10b44ce9243ac445f37bd0a80ca7c3,c91f722c144ae8ff074f811c2a257a198
p01c1389683603844cfda5757229eaf00,c9bfb93aa9c186a1ee365e92efd7ccb7b
pbbf9167c5dbf61c79bc0aa09a2153df5,ca4704fd35f0308287f2937ba3eccf5fe
pbbf9167c5dbf61c79bc0aa09a2153df5,cc8205c7636e728d448c2774e6a4a944b
p69162c19f64e1e33dd79b71abed8a7ae,ca4704fd35f0308287f2937ba3eccf5fe
pe50790b7df386f8a63e104c0f6d7ee1b,c77631ca4f0e08419b70726a447333ab6
pe50790b7df386f8a63e104c0f6d7ee1b,c1cc6e91785bf1a950ca3424ff3ccbcb0
pe50790b7df386f8a63e104c0f6d7ee1b,c3d4202a72d7700a5f2647ac47c6dc7c6
p4215b62fc9fc38ecbf6cbabd43407cd2,c77631ca4f0e08419b70726a447333ab6
p607fd5813aca0b54ad8dc70bd1e546ab,ca4704fd35f0308287f2937ba3eccf5fe
pa7ac919a4c44e38b1ae0b98a63e4b11c,cdae52b80711ee1029c7006f95018d300
p728e6db130164930871b2efdedfc6c18,c3a08e2e340ab29fd9263af48193cbf8e
paf2d251451ffbcdb8bfcc010db78e2c3,c49e16eecdebb0bec7ef720f2cba4eae3
paf2d251451ffbcdb8bfcc010db78e2c3,cd0a0f8a61b6a95a8f9400d41ba6c4ace
p50a8c3686bfe98a8f23133cf6f4ddbcf,cd2bfae86c0cb781dabb261419a73ae10
p50a8c3686bfe98a8f23133cf6f4ddbcf,cae2474e9fb4656bd8a0bc0ec938a494b
pf12990f9e8425b08cb102fa8ab2c7185,c7d8b7aa7b7dd28bc7009d16048a645b4
pf12990f9e8425b08cb102fa8ab2c7185,c68e227436d51eba02d5bc3f607484aac
pf12990f9e8425b08cb102fa8ab2c7185,c594e12d6791a3c1504d705cd654469be
pf12990f9e8425b08cb102fa8ab2c7185,c1df8e6c2c5f6e706a3dc38e322e381af
pf12990f9e8425b08cb102fa8ab2c7185,c8190960140713c5ef9a32bf48b34415d
pf12990f9e8425b08cb102fa8ab2c7185,cf7569224fc64761bd202debdd772f95e
p90fe93b090fa8fa428d10ab12ba49d9f,ce1faba7ac7607fae397536ecbb04ab7f
p90fe93b090fa8fa428d10ab12ba49d9f,c2aa313d868505310838ca99dd2a4ebda
p90fe93b090fa8fa428d10ab12ba49d9f,c9caf98bfac2f17bade92e370c7fee1f3
p682abbbf6b16d24e8872b6dcf1ee7358,c8ce062ebcf1baca3f3a55634f891c344
p682abbbf6b16d24e8872b6dcf1ee7358,cefc45251c8440e538856b93f42352acc
p682abbbf6b16d24e8872b6dcf1ee7358,c8bc9c4b7bc2b60c64724fa9c37e95ebe
p682abbbf6b16d24e8872b6dcf1ee7358,c7a6cba7da5b1163cf3a91e0cd16ab8f9
p601ba8209812efa5c47999a4b01d0838,cfe70027628f838f0128e6a2dd5cd393c
pe0e5dd6bc0d08bd0cb079ce5d2377be5,c02f9d1ade7791f9ca18e61808d079f36
pe0e5dd6bc0d08bd0cb079ce5d2377be5,c15c5f435fae892652b719279cb924179
pe0e5dd6bc0d08bd0cb079ce5d2377be5,c8bdd2aac2178dc934308f3331dc0567f
pe0e5dd6bc0d08bd0cb079ce5d2377be5,c0ede0c406945401a5b2a959dbe24f914
pe0e5dd6bc0d08bd0cb079ce5d2377be5,c3980de8a2da94d49ce756e3acfa2672a
pe0e5dd6bc0d08bd0cb079ce5d2377be5,cb99c6368772946fa7d87c58417c9a693
pad3c338356a4edd63ea9c8a8d29d23c5,ca8c2f8aa5faf0c849cbea219b38d51f0
pc49bc75f69f103c2a1b31845017f7243,c77631ca4f0e08419b70726a447333ab6
p2928e6e5b5fc59259f5222a8e97caf9c,ca4704fd35f0308287f2937ba3eccf5fe
p2928e6e5b5fc59259f5222a8e97caf9c,ce8d9fefc6d56954248e5bebf8c55a5ae
p2928e6e5b5fc59259f5222a8e97caf9c,c0349a55a6a70f89e604c28892ce24d82
pc2acd6b5a9c073efb847b7537004d5e9,cf41378dc2401a066a07547accdc467d0
p500f433850a30cf741a410753faf6b00,c8713caa870753792d3f1968b1ebb949b
p500f433850a30cf741a410753faf6b00,ce1ae344962c27889bceda0e458b4792e
p0c21662f189fe876fec3e2462a7caa08,c2e768a9e3370f4f3dc13869f71c7c456
p0c21662f189fe876fec3e2462a7caa08,c1129c0e4d43f2d121652a7302712cff6
p0c21662f189fe876fec3e2462a7caa08,cb1c94ca2fbc3e78fc30069c8d0f01680
p57d670a6e8f6889e539daf22b5220a15,cad1ec60c9e1f10f6a9f5d9f2c5254bc6
p57d670a6e8f6889e539daf22b5220a15,c4b1b4dc8cf38b3c64b1d657da8f5ac8c
p57d670a6e8f6889e539daf22b5220a15,ceca60ae8611369fe28a02e2ab8c5d12e
p76aeabbc3287c40f018d353ef55d6be9,c6dcd38a179fce5a150ae588919fb9ad8
p76aeabbc3287c40f018d353ef55d6be9,c7d713b4c92966b454cc1efdb39ce6d6e
p76aeabbc3287c40f018d353ef55d6be9,ce405b38e70f05230d33cd77d70527016
p76aeabbc3287c40f018d353ef55d6be9,ca5b7ac8ce6459206ce7fb0c6d1ef872c
p76aeabbc3287c40f018d353ef55d6be9,c7565f2c349eb0fddbda9ad32fcdf9377
p76aeabbc3287c40f018d353ef55d6be9,ca1c137fafe26e0414a3d120cd0a1d191
pd73abe04c17f6eaf128fb731516dbc5a,caada29daee1d64ed0fe907043855cb7e
p9c377cfe0fbc5b333176581c8eb192e7,c509820290d57f333403f490dde7316f4
p9c377cfe0fbc5b333176581c8eb192e7,ccd69b4957f06cd818d7bf3d61980e291
p4a23f0972eb59d68089a9c528d72e275,cad1ec60c9e1f10f6a9f5d9f2c5254bc6
p4a23f0972eb59d68089a9c528d72e275,c4b1b4dc8cf38b3c64b1d657da8f5ac8c
p4a23f0972eb59d68089a9c528d72e275,c3fcf026bbfffb63fb24b8de9d0446949
p0d90b7c40e2b39022cdd20a721c54fc0,ca4704fd35f0308287f2937ba3eccf5fe
p0d90b7c40e2b39022cdd20a721c54fc0,cc98cbfb539a3891d9db35c17c7c184b3
p0d90b7c40e2b39022cdd20a721c54fc0,c3c899707471103f6a68b05b245559486
pb6c70bfb2a719010313c6472c1c4e152,c77631ca4f0e08419b70726a447333ab6
p731193bc992f1d024715c357e803a49b,cd7a84a9fb236df685f29540da550488c
p39227f91e1f464dff1860666cfe9d2ca,cf7589e3ec2b901562077afcedc51613e
p39227f91e1f464dff1860666cfe9d2ca,c897fdfe9de00aa1c1f271ac04de0353c
p39227f91e1f464dff1860666cfe9d2ca,c2cbd1c17042a625ec16723086a56803a
p39227f91e1f464dff1860666cfe9d2ca,c849919978f45426c77c15eb64725e89e
p39227f91e1f464dff1860666cfe9d2ca,cbed4c9529831f80c5c47b11497f3cc52
p56f3413240bf6137ac6f4df080f38168,c1bfbcce75c3c9a52a464d4cb0984488a
p5e7380c94f601c7f7eee32668df77bd7,c77631ca4f0e08419b70726a447333ab6
p5e7380c94f601c7f7eee32668df77bd7,c6132295fcf5570fb8b0a944ef322a598
pc8792235eb3f0c50a5a3562741175430,cdad7b48b50633a803b3fbdbb7e997458
p7208edfa50c3cee893a41cd936242e3b,c089691cab1488b0feaa57d0fd151210c
p8e56a69bf0bd9d72191f822a096ada4d,ce593276964d46c43e5b707325fb12b6b
pd5cbf80aa5e3b6b4d2d83dca74c79c23,c009f316baaf1caf01157b08684d451a9
p800d3829f79cce60639f002bcdcb0d14,cad1ec60c9e1f10f6a9f5d9f2c5254bc6
p800d3829f79cce60639f002bcdcb0d14,c4b1b4dc8cf38b3c64b1d657da8f5ac8c
p584043455895b24a1307150cc6f69bf6,c49b9284d2cf6a3f2300eac3e7802d351
pfecacca91e21d1d0a57c52c31c0467a8,ca4ecfc70574394990cf17bd83df499f7
pc6cc6b559f0062d527cbca88f02f9460,ccb9e3624404af6e2ec52e3a39d5358a7
pc6cc6b559f0062d527cbca88f02f9460,cd52387880e1ea22817a72d3759213819
pb645b4481f1907be55262f3e30c5b578,ca4704fd35f0308287f2937ba3eccf5fe
p5cc2d0bbfb1584b79107a83ccd8fbc74,ca4704fd35f0308287f2937ba3eccf5fe
p5cc2d0bbfb1584b79107a83ccd8fbc74,cd52387880e1ea22817a72d3759213819
p94d306af6a5b44ef8d83423a02bb1f3d,c1bf70a91b0b28b92dc52e03d45abf61a
p94d306af6a5b44ef8d83423a02bb1f3d,c3b215559211baf021e45883e50958e5c
p94d306af6a5b44ef8d83423a02bb1f3d,c5f51eb9396f286226cf2385d0e1947ee
pb5b9c300df2c8a01531eeccdd090bc4b,ce498749f3c42246d50b15c81c101d988
pfa31dcf676f7a393043ee1a99dcb706e,c77631ca4f0e08419b70726a447333ab6
pff4fbbbb48a2e82e71c3c5097584f85d,c60e46aeaed758964902dd7ae99858f03
pff4fbbbb48a2e82e71c3c5097584f85d,cf5a7924e621e84c9280a9a27e1bcb7f6
pff4fbbbb48a2e82e71c3c5097584f85d,ce7c770a61dbdf81ca922ae0260e327c1
p3d4eba94d07fd0bffc71e93061fcea23,c66c153dffffacb388f200aadb1dba1fd
pbd6c9c6c8e0c1a7fdac039197c2acafa,c77631ca4f0e08419b70726a447333ab6
pc0f27981d66509cb68a40b7aed746448,c0d2dcc3c831051be4fe135908e019836
pc0f27981d66509cb68a40b7aed746448,c7de96c4fb4924257d8319be94e366763
pc0f27981d66509cb68a40b7aed746448,ceec89088ee408b80387155272b113256
p79afac08556da3417d25d606ad288637,cad1ec60c9e1f10f6a9f5d9f2c5254bc6
p79afac08556da3417d25d606ad288637,c4b1b4dc8cf38b3c64b1d657da8f5ac8c
p79afac08556da3417d25d606ad288637,c1d17cb9923b99f823da9f5a16dc460e5
p133c901540520817d0f2f690de0671cd,c7fb55ed0b7a30342ba6da306428cae04
p1d526759f823e3e46915b4f92f38d221,c1dd1c5fb7f25cd41b291d43a89e3aefd
p4a8745ec851c016bb016d789785a9b9a,c699a4e5edebb84b4e2184ab4f0ceb4b5
p1edc2cb910d37a656842446d7a40dc71,c60e46aeaed758964902dd7ae99858f03
p8856bf90e2d1cc87b1abb7072995b089,ca4704fd35f0308287f2937ba3eccf5fe
p8856bf90e2d1cc87b1abb7072995b089,c2e8861c120412887fb2bda48fc86ea44
p8856bf90e2d1cc87b1abb7072995b089,c03e3f568f70964d6f56c5e3679ed1eb0
pf18e5474d2a8d10eb7ff6739ba1a1509,cad1ec60c9e1f10f6a9f5d9f2c5254bc6
pf18e5474d2a8d10eb7ff6739ba1a1509,c4b1b4dc8cf38b3c64b1d657da8f5ac8c
pf18e5474d2a8d10eb7ff6739ba1a1509,c7e823b37564da492ca1629b4732289a8
pe7db23bc2475335e2aeb1b4ef90cc7cd,c0126b68bc671a61cb1b65855fd7a89b2
pe7db23bc2475335e2aeb1b4ef90cc7cd,ccd5651b536225a93950134900b5c5a3b
pe7db23bc2475335e2aeb1b4ef90cc7cd,c7b2d8c92f4de074b6566c5434810e387
pe7db23bc2475335e2aeb1b4ef90cc7cd,c776f8d34d049ee56b54680c285312d02
pe15b4a09e73ed62075f1e6ecd6bf772f,ce72433137397f1e3e265553e1e9bbcc3
pd90d2cd4284ed25aeea202ccdb049935,c77631ca4f0e08419b70726a447333ab6
pee05b745428d4803171aaa3dd3c31efd,ccb9e3624404af6e2ec52e3a39d5358a7
p3650ebeac36fd6609f312082451b9208,c9ab545a5ce943f50e5d2f1223ddaf254
p3650ebeac36fd6609f312082451b9208,cc22cf8376b1893dcfcef0649fe1a7d87
p3650ebeac36fd6609f312082451b9208,c2bf8e985d63ece95d849a7485afd4691
pda5b1ad5de10e88d3f52a764cc723e0a,c77631ca4f0e08419b70726a447333ab6
pda5b1ad5de10e88d3f52a764cc723e0a,c30162ed78b6c10f731411f2fc440c24f
pd873cd7f3b738e9cd50de9c83f733557,c058ff66b43285804bf3e85f300e05cee
pc6b9cb77c1bd4423b67c0cbfcb9e44e1,ce593276964d46c43e5b707325fb12b6b
p0abc32a503c4433f2c96c755c6a2ecd1,c77631ca4f0e08419b70726a447333ab6
p0abc32a503c4433f2c96c755c6a2ecd1,c6a6638b0427d843eee6c541d843008ee
pba7dd5fe4309b5aae823df8f5c066ee1,c77631ca4f0e08419b70726a447333ab6
pba7dd5fe4309b5aae823df8f5c066ee1,c6a6638b0427d843eee6c541d843008ee
pda257a6cc045e7aa824119898c2b6aa0,c77631ca4f0e08419b70726a447333ab6
p2479f82b72f667816364aa9a80530804,c77631ca4f0e08419b70726a447333ab6
p00b81fa54324b67a9aa2f9f5667ded32,cdd5f6a25ad0c5c0896f9780d016c0f11
pa7d55b6dd3af12881e14b60efa24cd77,cd4ca1474562c479412aa1c1966093394
pa7d55b6dd3af12881e14b60efa24cd77,cabb8584ff2e59bf1f77849d740ae91de
pa7d55b6dd3af12881e14b60efa24cd77,cdb2d443b4d147b6e7518e250f3ec3745
pa7d55b6dd3af12881e14b60efa24cd77,cc78cc91a147e777f2fe76c0ea9711de1
pa7d55b6dd3af12881e14b60efa24cd77,cc7a7cb3341b1ca6583370045ffa43868
p3e6522727bc859a64c336bd7e0683401,ccd3f1ea6f2e2011c3608d478fa6195fe
p3e6522727bc859a64c336bd7e0683401,cc99f21f85a1e1c85ae057a76c51641ba
p3e6522727bc859a64c336bd7e0683401,c31a79c830aa47392957eedc36b99047a
p3e6522727bc859a64c336bd7e0683401,cdcdc1ac079a91d513a5a759b0fb9c1dc
p3e6522727bc859a64c336bd7e0683401,c84cfc9cc16e7cfa585595da4b775bdab
p3e6522727bc859a64c336bd7e0683401,c283c5913724884f2ea6c047ebfd1d3cb
p3e6522727bc859a64c336bd7e0683401,cc770d6389fd628be4eab54c85bdf9556
pab74eff3fc378cc6d69d531c6a05df96,ca4704fd35f0308287f2937ba3eccf5fe
pab74eff3fc378cc6d69d531c6a05df96,cc8205c7636e728d448c2774e6a4a944b
pab74eff3fc378cc6d69d531c6a05df96,cf5a7924e621e84c9280a9a27e1bcb7f6
pef947c42d0458de92f29b12cf65c0846,c21ec2f700a6e2e67e1ce7f8d297d9b04
pef947c42d0458de92f29b12cf65c0846,cbe45215ec55ccf46453aa3b62797fe16
pef947c42d0458de92f29b12cf65c0846,c3fd9febfdeaff0d3ab68e7a66878aaa5
p0f25d4440b1dc112fcdb55408ecb67cd,c5f79af7def04db58d2dfe4e5b49d6ce2
p0f25d4440b1dc112fcdb55408ecb67cd,c125321f921cab2160d442d9e81d025bb
p0f25d4440b1dc112fcdb55408ecb67cd,c012d211b4ec576a35106dc4b9bff44e8
p0f25d4440b1dc112fcdb55408ecb67cd,caabadcf006405a774607e6b0bf567558
p0f25d4440b1dc112fcdb55408ecb67cd,c08b72efa9eb49c94cb0dcfa16dbdc14c
p0f25d4440b1dc112fcdb55408ecb67cd,c1d623b89683f9ce4e074de1676d12416
p0f25d4440b1dc112fcdb55408ecb67cd,cb9996152d862799b83e60c4d07447951
pc330bbb9489b778af9877d0270a12b7a,c181900dad960beccb34f53c4e0ff4647
p17609fba3a9848444ae5f5e5b265f536,c77631ca4f0e08419b70726a447333ab6
p17609fba3a9848444ae5f5e5b265f536,c8c16cbebef45d87fd2b36ce69f46c526
p17609fba3a9848444ae5f5e5b265f536,c497031794414a552435f90151ac3b54b
pe922e8c808fafd2cb05166ecba07f89e,c5ae7fb3197b6fd8c723c7766a5680e2e
pe6526c34d621aff1ef1199d15a7614a0,c2cc6e82a6b7a40aa14aa0f8ba2a18cc5
pe6526c34d621aff1ef1199d15a7614a0,c9979f7709630ce0efacc642c364353cd
pe6526c34d621aff1ef1199d15a7614a0,c715763b2a1a8d7ff74f20db3cb125aa4
pe6526c34d621aff1ef1199d15a7614a0,c9cd0f4ec6227015cd223fdfaa8d7eb1d
pbfb76aa1b1154da1a0e89eff38e71138,c77631ca4f0e08419b70726a447333ab6
p08ae435042634f769ac1167490231fdc,c98402eecfbcefc336954458a01752131
p5f0e3b4b60579570f30a3f63edfc0312,c6016a2b341113bf496b719905398ecd2
p98fa2df46516bd647ee38548ed8d684a,ca4704fd35f0308287f2937ba3eccf5fe
pa3d3ddbf55d623099f7fb13e7439aff1,ca1636c2eb59276c90393af90ecce56db
p526b4490d31c3246e36a88bfd188fb1c,c18ae2ee2c0d5c30689d0e9d51525d0e6
p526b4490d31c3246e36a88bfd188fb1c,c3b727d9037a1ef0028d2b3a4d2ec06f1
p526b4490d31c3246e36a88bfd188fb1c,cdafc2968a190be033357f276dab24565
p526b4490d31c3246e36a88bfd188fb1c,c731df5b55a1832dc55f74648b9415872
p526b4490d31c3246e36a88bfd188fb1c,cb6fb840d8a04c06085e80551f2433e61
p9d520ccd75d2788626fb10219aae0516,c4984667940802dedc139aa7a430a6553
p9d520ccd75d2788626fb10219aae0516,c46ff06ae696616afdf3a695efd3db84c
p9d520ccd75d2788626fb10219aae0516,c2ff4148554480a37f85efd299df04850
p72b43e6463c480584b52cb3c12e8c70d,c77631ca4f0e08419b70726a447333ab6
p565ff161b29dd7fe7dc43d65b6af60da,c77631ca4f0e08419b70726a447333ab6
p2def0018d45404ca79d596c1cbdb4b4d,c77631ca4f0e08419b70726a447333ab6
p2def0018d45404ca79d596c1cbdb4b4d,c3349300356cb3141ea939dcbdf749789
p2def0018d45404ca79d596c1cbdb4b4d,c99442e94b8aedfaff00e0752719ee7b9
peae4f256681f112d3c069c083e86cbbb,ccae6404c4aecf46684930fe2a86676a6
peae4f256681f112d3c069c083e86cbbb,c9158d3ca2d4c4aa1c2988af869f3820f
p0707ecbf472d7556528fef0f0d499411,c4e97aeeaa8b15ca1180fcd1f3ac478d1
p9df88f881f492fc5b726ed8a37f5bd57,ca4704fd35f0308287f2937ba3eccf5fe
p5997b1c4cbf2044719a85cde8934ab63,cddfdc2a2b4c277158589a9f95fa2fbd8
p5997b1c4cbf2044719a85cde8934ab63,c23908f3cff1f8490b1c76e4e4e83d986
p5a134e26e07164fe2da1ad7e4dead843,c48aaa438506a02a71351333116f27d28
pd0eda644d768f5473596ca480f775ce9,ccb9e3624404af6e2ec52e3a39d5358a7
pd0eda644d768f5473596ca480f775ce9,ce307db07b3975fef922a80d07455ee5e
pd0eda644d768f5473596ca480f775ce9,c1b1cc7f086b3f074da452bc3129981eb
p5e0eb769cab1bc26ac9842ccb0fbd0a9,ca4704fd35f0308287f2937ba3eccf5fe
p5e0eb769cab1bc26ac9842ccb0fbd0a9,cf4f9cca57b4fe5ba516da6563f6abdc0
p567ff3c6c60665f4b7ee688cc9b2539c,cd9ceca6b3a280ab6926157d124ea15d7
p0e2550897d2fd9ea7bdeff6011397000,ca4704fd35f0308287f2937ba3eccf5fe
p9d00d9be59cc41aa06774ed1b16613d0,ccae6404c4aecf46684930fe2a86676a6
p2fdf063df4790ab5c61b688582dd148c,c8135b139958f275bcecedb571b86d300
p2fdf063df4790ab5c61b688582dd148c,cb95d9d4bd3307287944564802e35065e
p2fdf063df4790ab5c61b688582dd148c,cb76906e5e15ddef861a8266ecb6f64f0
pff592826c171743e00e7e76a8b54afa6,ce50e0c16ba862cc07ee1d98870dbcb0d
p16a2c16d6fab4e27a3a5fe79dbb2f371,ce6fbc12314332e84b0b74b496b81a0d8
p16a2c16d6fab4e27a3a5fe79dbb2f371,c840f484d0276a426a46627cac8992d1d
p16a2c16d6fab4e27a3a5fe79dbb2f371,cc1bfd84e7215afa3204b8e1cdb21a2bd
p3afc010a002d6fa2accaa71d4798cf50,c43b83efc03cbe0cd45705aadc7349880
p3afc010a002d6fa2accaa71d4798cf50,cf53df0293e169f562bc1d9a20e1d2589
p3afc010a002d6fa2accaa71d4798cf50,ca9519e588ac67681d006ef28722a04ad
p3de816008810e2f79600cc5ca353dfb5,c03c2e7e41ffc181a4e84080b4710e81e
p1348370d6121a8bbb74f023bc0cf704e,c38c50b731f70abc42c8baa3e7399b413
p1348370d6121a8bbb74f023bc0cf704e,cc51c8bbd9e8c8bc49042ccd5d3e9864d
p1348370d6121a8bbb74f023bc0cf704e,c67ee2dc95293fc23c2184fc339c91661
p15d8f317fe09857679d7d54450e4e0f2,c5ae7fb3197b6fd8c723c7766a5680e2e
p0df8e346742445c2e5ee9bf35d308f86,c3c1e884655fad30fe1d0799c35194fb8
p0df8e346742445c2e5ee9bf35d308f86,c094febb01b1fe46224580a5e94b95ce1
p0df8e346742445c2e5ee9bf35d308f86,cc692485c0ea0883ef4e2b382aa47ef73
p0df8e346742445c2e5ee9bf35d308f86,c4470c717882c217d93fefbd4dc5cad91
p0df8e346742445c2e5ee9bf35d308f86,c50f90cd5f7ac1769ef16fd54540f9e7b
p359956b094d80f039f2cace91bfcda1e,c97e7c9a7d06eac006a28bf05467fcc8b
p69c7da57a873021c84a17462736a7ebb,c7dea690b7733879cb3008c0bf4f5cc03
p69c7da57a873021c84a17462736a7ebb,cb04f3782a8cbc2c9ffb3d6d62969b9f2
p69c7da57a873021c84a17462736a7ebb,c0193fc18691dba8f26c19a3f57a1c3e0
p69c7da57a873021c84a17462736a7ebb,c4672d42dac329cfcb11c150d56f3880c
p4dcfb4d61425ba8cae21c76daa0aa522,c77631ca4f0e08419b70726a447333ab6
p4dcfb4d61425ba8cae21c76daa0aa522,c2b2469bb0cec85cce0af813fd1ecf778
p4dcfb4d61425ba8cae21c76daa0aa522,cc2cc7082a89c1ad6631a2f66af5f00c0
p636f671149b12f582ab00f16f214f936,c15269137d10ab36461acfea127f6b5e8
p636f671149b12f582ab00f16f214f936,c0a4ce27247fa71d7fdd1858ef4e1dff9
p636f671149b12f582ab00f16f214f936,c4e94c34f5661d2531b4662a1d5c4a22f
p636f671149b12f582ab00f16f214f936,c9cfa7aefcc61936b70aaec6729329eda
p636f671149b12f582ab00f16f214f936,c07a3dd247ad6bec7fe401aa11619959f
p636f671149b12f582ab00f16f214f936,c3652fb4a59e9409bfc9fdacaf558de53
p4679eab38d9f08209373091df6cc5205,cabd900517e55dce0437dac136a8568d7
p4679eab38d9f08209373091df6cc5205,c4cc6684df7b4a92b1dec6fce3264fac8
p4679eab38d9f08209373091df6cc5205,cc8205c7636e728d448c2774e6a4a944b
pa04b4be5c2b5ab20d83bafff2d32246f,c77631ca4f0e08419b70726a447333ab6
p6acd5002084b7133eb3c178d3a24e798,c181900dad960beccb34f53c4e0ff4647
p6acd5002084b7133eb3c178d3a24e798,c35bf1210e6727959a7a88a00462db959
p6acd5002084b7133eb3c178d3a24e798,c1d17cb9923b99f823da9f5a16dc460e5
p9b68904b19f76d94d34eb14f820d3ee7,ca4704fd35f0308287f2937ba3eccf5fe
p9b68904b19f76d94d34eb14f820d3ee7,cf5a7924e621e84c9280a9a27e1bcb7f6
p9b68904b19f76d94d34eb14f820d3ee7,ce7c770a61dbdf81ca922ae0260e327c1
p972a32cb8a15b1c45bafe42bbe1f4101,cf49498143b94e78415d06029763412b9
p972a32cb8a15b1c45bafe42bbe1f4101,cf2d346b1bb7c1c85ab6f7f21e3666b9f
p972a32cb8a15b1c45bafe42bbe1f4101,c9b11b10074e3d214bada93ed7994aec8
p1fdb6285d02b0dacbc0b3cada13d2549,ca4704fd35f0308287f2937ba3eccf5fe
p77845211d003471411e7e8eb53d1f584,c77631ca4f0e08419b70726a447333ab6
p056ceb503176ebc3d78010178a07068e,ca4704fd35f0308287f2937ba3eccf5fe
p24a1cd2ae2b655d9e4bcaf35072de944,c63c2bff35cff34eb144d3f577f2e4b88
peeb3ecc17fb207400504ae2cbc9414ab,c3e43207685247008d9e1ae53ecf8cab3
p2c2dcfd3975dcc0ccaf306859b321a5c,c8ddf793655a47d1de2721e32313ebf36
p2c2dcfd3975dcc0ccaf306859b321a5c,c8f7ba58961e0fe40cfda61b412537fba
pbc9d1913dd47082fe5a5101325d8da36,c77631ca4f0e08419b70726a447333ab6
p3c4c8171afb3e005e47d2611e9a9dc1d,c0aa0fd433cd4ef638a8581ae03484112
p3c4c8171afb3e005e47d2611e9a9dc1d,c866c1b0032f8d3c0fe5ffdb9aae97c01
p3c4c8171afb3e005e47d2611e9a9dc1d,c7971813474da107714e72f8fd7b40a67
p3c4c8171afb3e005e47d2611e9a9dc1d,cc6ff190fd877dc945754b8b5a707c8ec
p9f05994734740194d5dbd8ce86a14a1e,ced5dea09095f671b801bee34ea28a319
p35133a3fef7d9eb9459a63e856b1c47b,c184daff620aca4ad23fd2bf70d0b76af
p25df8576bce35b5835df5d0c3515011b,ced5dea09095f671b801bee34ea28a319
p17736c6ef15cc41149c4e045f079f0f1,c60e46aeaed758964902dd7ae99858f03
p289340bf4ce6bd70caba753986f6ae23,c6070c50fbf0860ece540ba003386b27b
p289340bf4ce6bd70caba753986f6ae23,c57b456ea676a8bb98bbff71c6f5389b4
p289340bf4ce6bd70caba753986f6ae23,c66a57c0cae3b0ba62d3e9bde452cae3c
p0d9492eaeb20e0a6a61ecb49642c9158,c77631ca4f0e08419b70726a447333ab6
paff270fe867cc9858d84b7512f9af211,c77631ca4f0e08419b70726a447333ab6
pe8698c7053479de4511150a05739526e,c77631ca4f0e08419b70726a447333ab6
p41d3980e3f62cb8c77b4e9bab636ef75,c77631ca4f0e08419b70726a447333ab6
p56bd88704b760155e654809df64bcff3,cad1ec60c9e1f10f6a9f5d9f2c5254bc6
p56bd88704b760155e654809df64bcff3,c4b1b4dc8cf38b3c64b1d657da8f5ac8c
p56bd88704b760155e654809df64bcff3,cfa3e5edac607a88d8fd7ecb9d6d67424
p3a726a129a5d239d87d24ea70d9c4cb8,c77631ca4f0e08419b70726a447333ab6
p3a726a129a5d239d87d24ea70d9c4cb8,cbd23b25ce21705546ba3bbcecea78800
pbf1b61ee3dfb0966e3b1d084a79cf25a,c77631ca4f0e08419b70726a447333ab6
p0555d7c4aec6c4de70fc9638fbed1773,cfd6fc21f5bee545fa1c0286df1ef9090
p0555d7c4aec6c4de70fc9638fbed1773,c3a587683a763ea32eebd00e07b3f9de6
p0555d7c4aec6c4de70fc9638fbed1773,cc4c696d78d97d24ce69ebe19fd7f8483
p263d38a33edf688a138f503832905daa,ca4704fd35f0308287f2937ba3eccf5fe
p263d38a33edf688a138f503832905daa,c8f510dc4fa921821d40a6a8c732cff56
p263d38a33edf688a138f503832905daa,ceec89088ee408b80387155272b113256
pd36eedd7cbcda21b5e11b8bd0e1b57fb,ca854057827c42526efc64123bf69fe7d
p701887a6872cc7b3383b57a201db034c,c77631ca4f0e08419b70726a447333ab6
pb85d8b40eb5bc5ba8c208159d7ab1013,c07e01d7a96d9fd76cf08aa5916f7c788
pf61bd48248b654a919793154fddf27c8,c72c8379208d1303ed40268dab171bd1f
p087fae13c73afa819166290d169ba582,c77631ca4f0e08419b70726a447333ab6
p706c5e3a355d0c55ee7b18c67dd8453f,c77631ca4f0e08419b70726a447333ab6
p3e80f26aab8c1a7e7fc565297813f6f5,c77631ca4f0e08419b70726a447333ab6
p2d795389f86a294315721f737c5def01,c77631ca4f0e08419b70726a447333ab6
pce4a35dbc3dd3514002337d63bb25ad1,c4410ec34d9e6c1a68100ca0ce033fb17
pce4a35dbc3dd3514002337d63bb25ad1,cda2a1b654dd8965375b17b81a0874e1d
p1225e66554e9dc2babd65e2cba20ce8f,c3f05d6f38862a5b18b2eb4e867a61fb1
p6d98fec36a9b9ccde3c6536abf7ce2bc,c1afa74da05ca145d3418aad9af510109
pb509020a4fbe53205c2d59694f5fb15f,c9741035f3a2d9de60631da11efce0d11
pb509020a4fbe53205c2d59694f5fb15f,c6545ba414dab512291fa8db465d4b6ec
pb509020a4fbe53205c2d59694f5fb15f,c40cccc41184cdaa1c2c5edce902b65d1
p1c2d20c36a63ccb03399e3a31b8a9350,c64f5c8c4f9f0ce4ddf9b43b5428172c5
p1c2d20c36a63ccb03399e3a31b8a9350,cbea4c2c8eb82d05891ddd71584881b56
p1c2d20c36a63ccb03399e3a31b8a9350,c700172587c791cceb2ca5c6744e211db
pb11619e25ede00452c1c0d23c7f135f3,cad1ec60c9e1f10f6a9f5d9f2c5254bc6
p57211fb387d5e5d3197bee11ee68658f,c3b0c943f0d9a1081a23fd96b39b27323
p57211fb387d5e5d3197bee11ee68658f,ce127539d9edeb952013190052a34494e
p57211fb387d5e5d3197bee11ee68658f,c4e35c5ecb6ace14d04c02e222db3a93a
pb3d4e7f33e3971c43408850160203c27,c9bfb93aa9c186a1ee365e92efd7ccb7b
pb3d4e7f33e3971c43408850160203c27,ca9c4b6c9fbd990849d1f128dfc4ed3e7
pb3d4e7f33e3971c43408850160203c27,cdff200b0bb8d3c69fbd54cb43664cd7e
p85e3e21d9289d6822fc04d887a466495,c9e083ec666c9f3db044bb7c381640227
pe43c6a5a281608a1cd68f4c4e9e200e0,c77631ca4f0e08419b70726a447333ab6
p2a285a9f5084aefe5edad8f012ad6516,c77631ca4f0e08419b70726a447333ab6
p12924543c39c7a022e6ca550d9e7f478,ca4704fd35f0308287f2937ba3eccf5fe
pe95c796ebcf7ce1fcdaeab7509593463,c7cf10c96f2a64ede75f71770c45a0f99
pe95c796ebcf7ce1fcdaeab7509593463,c5dc513ae12d6d457fba4b249ba1b3aef
pe95c796ebcf7ce1fcdaeab7509593463,caeaa89b00bd94754f9c143d0195d5f19
pe95c796ebcf7ce1fcdaeab7509593463,ce17014898e3bbd86dff9945f22ce0b06
p40ca9dfa6bfff0ac1b829b3c81ccd560,c174a1acdcca84aa6c9210c5ffe6c1f3a
pf92051cb5a2f327c68408552a6d3e855,c6472ce41c26babff27b4c28028093d77
pf92051cb5a2f327c68408552a6d3e855,c71ff362d5d9a3f353281c1900a7a9661
pf92051cb5a2f327c68408552a6d3e855,cc908cd66df3ee02b4ec4d539e46a2452
pf92051cb5a2f327c68408552a6d3e855,c8238c723c4b92ba1295c7a46a03da099
pf92051cb5a2f327c68408552a6d3e855,c1724529909565537523a32e123e88e3a
pf92051cb5a2f327c68408552a6d3e855,cb19245958140d2f7ebc3abe806e8f46a
p1a467cfa78062e31c79e9499f8fcb480,c1ed3c898712dedd58c37580d8bfed466
p1a467cfa78062e31c79e9499f8fcb480,c52b8ffce119fe77b28034f2fdd35eb5f
p1a467cfa78062e31c79e9499f8fcb480,cc908cd66df3ee02b4ec4d539e46a2452
pa0d2b6fe9ab0a7e386c4c21f70331226,ccae8d14edd025e72c59dbab6f378c95a
pa0d2b6fe9ab0a7e386c4c21f70331226,c4822c96fc1eebe031cde975d10a29e12
pa0d2b6fe9ab0a7e386c4c21f70331226,c834cd37be9672ebc2e6d3443ea8679a0
pa573d92b77d430af7e424879baf78e94,ccaea8340e2d186a540518d08602aa065
pa573d92b77d430af7e424879baf78e94,c8b18d9845744f050df7223e98dda8694
pa573d92b77d430af7e424879baf78e94,cd6af9c1eaff2a89ebd3f8d0c542be12b
p84582ce1d616d091fd80ad2c41cbb0d2,c77631ca4f0e08419b70726a447333ab6
p84582ce1d616d091fd80ad2c41cbb0d2,c8b18d9845744f050df7223e98dda8694
p84582ce1d616d091fd80ad2c41cbb0d2,cb72a19a47c3aa6017104cde8789b36ef
pd36a6e9bc80ada8611f4c1fcc0c504d4,c58e4d1d0d300cddbb2aba74ccceb3934
pd36a6e9bc80ada8611f4c1fcc0c504d4,cb8204a3486c8c171a6cf735fa2c521b6
pd36a6e9bc80ada8611f4c1fcc0c504d4,c1d1630790f0c688cddf5d9d24357fc23
pd36a6e9bc80ada8611f4c1fcc0c504d4,c1e6ac6583f4bcc089feb8dfe17a4d3a5
pd36a6e9bc80ada8611f4c1fcc0c504d4,cdcf70b7f7f5e17a067ea101af98c84c9
pd36a6e9bc80ada8611f4c1fcc0c504d4,c11d8198a37a230e6917b50e5c38f26ef
pd36a6e9bc80ada8611f4c1fcc0c504d4,c8911103f9015978f73877e3051550b17
p86d219bb001397ead4076936aa7bf040,ca4704fd35f0308287f2937ba3eccf5fe
p86d219bb001397ead4076936aa7bf040,cab58c3d23f25832de807772cb54f5627
p2ecacfb8bbf19e1e791ceea4720905aa,ca4704fd35f0308287f2937ba3eccf5fe
p03b10d61c85a7b52000c00aaf46cebfd,cdae52b80711ee1029c7006f95018d300
pd818708bea6f79987718eba292adfdf7,c08781b29d5ac13d64089d3da1902d0cd
p6d1c0289e3ac7af9bfcc50020ba747ca,c1bfbcce75c3c9a52a464d4cb0984488a
p2c8a290ddcc8d6a748c6f1195c91cb35,c77631ca4f0e08419b70726a447333ab6
p6b3a036ef576c38d83b7b2243fd0ad1e,cfa3ee2b49fbda2efcd804faf689d3059
p6b3a036ef576c38d83b7b2243fd0ad1e,c2fb9d2117d6859403f0c0006311570e6
p6b3a036ef576c38d83b7b2243fd0ad1e,cdea0a476bf5226975bf9ae2076aa5c4a
p53cb40b38389b87ee3a851d48998d965,cf027f27d0d548351e4d362e9b90678a9
p53cb40b38389b87ee3a851d48998d965,c03937134cedab9078be39a77ee3a48a0
p53cb40b38389b87ee3a851d48998d965,c8ddf793655a47d1de2721e32313ebf36
p7db971bc73e506c81e9032da9866ca27,ca4704fd35f0308287f2937ba3eccf5fe
p8eccbc99645d723307cf8238dbe3e2fc,c77631ca4f0e08419b70726a447333ab6
pbe00c9d4779c597146d35ecd6cfbf8a2,c06c2cea18679d64399783748fa367bdd
p47ab3b0e55159856939e32b09cef91e6,ca4704fd35f0308287f2937ba3eccf5fe
p077209fb4d2fbdff283af2779197923c,c505a83f220c02df2f85c3810cd9ceb38
p2ee32c667455fd8570354116acc84d15,cfe9bf79396cb093675bcd87ba6ffe56d
p2ee32c667455fd8570354116acc84d15,c8a58455571dd6169cb5df557b345c9e6
p2ee32c667455fd8570354116acc84d15,cacfa9c25dd5cdadf7af533d5721cada8
pa11822b822c3941393dad027a5da75ae,c64eb5e196cb9f1581938c7052be2366b
pa11822b822c3941393dad027a5da75ae,c277fae70c6a39eb457b792e784b69745
pa11822b822c3941393dad027a5da75ae,c38ef8a368c87966a796f08f93fe3b16c
p3c2a0fb678da98ea041fe0dbf32d98db,c3f078e2078e846653d53f53553a76587
p3c2a0fb678da98ea041fe0dbf32d98db,c0a52275d68e9a6e72a20fc6ebe01367e
p3c2a0fb678da98ea041fe0dbf32d98db,c4a9bf5ca62314d7df07ffec36b68e190
pca1ecbd206e8aea142b0295ef1cead78,c72f56de959019f7f9dfdef1f685f9176
pca1ecbd206e8aea142b0295ef1cead78,ccad94511d02a972b373dc55ca9c9883b
pca1ecbd206e8aea142b0295ef1cead78,cecea0b69efebb10aef2f4dee4e510d99
pca1ecbd206e8aea142b0295ef1cead78,cff26c08b0f0726e321eba3190adac4fd
pca1ecbd206e8aea142b0295ef1cead78,c9d0c7c40a4c944899835b67129dc3625
pca1ecbd206e8aea142b0295ef1cead78,cb8f578242d034b4d0f518db236dc15bd
pca1ecbd206e8aea142b0295ef1cead78,c38b07d21df3ad36c2f267c2b164600ee
pca1ecbd206e8aea142b0295ef1cead78,c3893cbb4049e1baef9dc505e9ee5bb84
p780e74b49062316051d35a35080e5eae,c77631ca4f0e08419b70726a447333ab6
p780e74b49062316051d35a35080e5eae,cda1691c28eb331e45a71c17a7473e0ca
p780e74b49062316051d35a35080e5eae,c8ef3d2e0580844dfde670b7fc9614ede
p75953a219c5ddcce8157ee71f5f9d37b,c77631ca4f0e08419b70726a447333ab6
p75953a219c5ddcce8157ee71f5f9d37b,cda1691c28eb331e45a71c17a7473e0ca
p75953a219c5ddcce8157ee71f5f9d37b,c8ef3d2e0580844dfde670b7fc9614ede
pea95ca33f95e6c0759fdf2ae6451eaa1,c08781b29d5ac13d64089d3da1902d0cd
pb596671999296ae29829bb872a55c019,ca4704fd35f0308287f2937ba3eccf5fe
p130d096d5de0d9ff8cb4f82152357be4,c3d9eb0881b7175d0c1ddc711b42e1ef7
p448364048e9372b15b5305a3cc0e4635,c41f50950c0be3fc32b1309250ac7ad78
p448364048e9372b15b5305a3cc0e4635,c9414f9301cdb492b4dcd83f8c711d8bb
p448364048e9372b15b5305a3cc0e4635,c50c60ac437e4d4ef19c77bdca5bbcf3b
pe353dbe42c8654f33588d4da0b517469,c87d17f4624a514e81dc7c8e016a7405c
p8af9cd73b7bad361df885d02104be31d,c77631ca4f0e08419b70726a447333ab6
p2d4bc82bc0310a554cc6d8a1dc44a7f3,c63f69c7f958795918b41fbcd71a8c811
p2d4bc82bc0310a554cc6d8a1dc44a7f3,c8f0d8ed81f58c40d4fb885e887bd67ef
p2d4bc82bc0310a554cc6d8a1dc44a7f3,c656955e80e5a4a5bf8c04c7648fe09de
p2d4bc82bc0310a554cc6d8a1dc44a7f3,c5392ea2645dc69e0b0e3bfd45210c3a8
p8b73878d5e3602c1e7c0ed041a50cb72,ca4704fd35f0308287f2937ba3eccf5fe
pefea5940f55ca1c076e04e86339f486b,c77631ca4f0e08419b70726a447333ab6
pefea5940f55ca1c076e04e86339f486b,c47c954121886a5e5aaca7eece461b56f
pefea5940f55ca1c076e04e86339f486b,c8af0f5c3edad8d8e158ff27b9f03afac
p3ba0d32e79ced7d9bb147f3a6d9a0f39,c47c954121886a5e5aaca7eece461b56f
p3ba0d32e79ced7d9bb147f3a6d9a0f39,c8af0f5c3edad8d8e158ff27b9f03afac
p3ba0d32e79ced7d9bb147f3a6d9a0f39,c1dacaab7b39000a21eb7f24eeb44fb7f
pc017d5b61c5d0ec1c1b9f6abff92aecf,cccf85f757b21544dda24e08ea3b14efc
pc017d5b61c5d0ec1c1b9f6abff92aecf,c07d59058c0d9c9e31b8445556f1abf0b
pc017d5b61c5d0ec1c1b9f6abff92aecf,ca8fa973ceb2418457cda91029b6a5c21
pc017d5b61c5d0ec1c1b9f6abff92aecf,cb0fcf82300adc4deb3e08889639b45ea
pc017d5b61c5d0ec1c1b9f6abff92aecf,c1c501f65a338df42b5f259b7d0903373
pb8f9164b93751f48dbf723f197ccd8a6,c1316bfcbe0933e9f817c2d28cbf0db93
pb8f9164b93751f48dbf723f197ccd8a6,c1ddf333c6654f7f89c739dddfb4cc429
pb8f9164b93751f48dbf723f197ccd8a6,ce19c0855187b9483009570e59e8b2079
pb8f9164b93751f48dbf723f197ccd8a6,c96d8ac035792e45b2139a7279e4df2b3
pb8f9164b93751f48dbf723f197ccd8a6,c98645315dd4836ab401e587b712d63ba
p037fc061e78dbde6854cc90a804ba5c3,c5dcb7b22bebcf3d6990c1440fb027bf8
p037fc061e78dbde6854cc90a804ba5c3,c817379e1a2f737dc60b35ad4c8ab9663
p037fc061e78dbde6854cc90a804ba5c3,cd24391e1290c805f4cffb7a1bfacc0f1
p037fc061e78dbde6854cc90a804ba5c3,c8df4d2757440e3594da1c66cbdccf42d
p0dc445c5460ecec0b7ac1d0dce18fb08,c1bf5d98412bd4d9dd84137f3e39412f2
p495f11a52d0894ee486f44b426c79cb2,c77631ca4f0e08419b70726a447333ab6
pe87515dcdce70c47509bed9d0d02bfaa,c6800f069b7d771638ca94ee4fb6e2860
pc3dc7e3c83031acda1c69736209c089d,c4724546aef13d097f2d4995c6da1af29
pc3dc7e3c83031acda1c69736209c089d,ce60cf30faf302e44e384165101fc69fe
pc3dc7e3c83031acda1c69736209c089d,c1da2374b50f497e208c8dab11e6b2c98
p0f0e5ed731457507851a9bc6d0dec35d,c77631ca4f0e08419b70726a447333ab6
p0f0e5ed731457507851a9bc6d0dec35d,c497031794414a552435f90151ac3b54b
p0f0e5ed731457507851a9bc6d0dec35d,c5a35edab0f2bf86dfa3901baa8c235dc
p760b8b3dc5e1764a74355b5705d70a13,c719d067b229178f03bcfa1da4ac4dede
p0d026797c5d1b5c185a0bd2410922a9d,c719d067b229178f03bcfa1da4ac4dede
pb11ff18f4ad71a045413fb88cd85ec09,c77631ca4f0e08419b70726a447333ab6
p162561b28267e47f3a35d2b567f1ae47,c27d5f5661d9498b36e75f40b80fb717c
p162561b28267e47f3a35d2b567f1ae47,c679310a95d28d9a928a0eb6960d3ea27
p162561b28267e47f3a35d2b567f1ae47,c097ae7106a858f13e1165fb3337c34fd
p162561b28267e47f3a35d2b567f1ae47,cc2488330f7e55da7bee6883bab6becfa
pd1a21b1ed565ac679d85ac0f776d51f3,c25d72fc2c168b79ae5327878e134e6cc
peb7c28e606ac604d6085fc9a44fd4f22,cab7a485ebe75b6dd7243ad719f23c7de
p8851c859cca8736fac56b78c763bd021,c06c2cea18679d64399783748fa367bdd
p7f666025311a1642e2c0b064221a57eb,c4a8c79ddddd6109289084e80aa41cdf2
p7f666025311a1642e2c0b064221a57eb,c5573c74299e0af37fd558445022c4b15
p7f666025311a1642e2c0b064221a57eb,c70d0c3282a43f3bc6303aa4fd659ed4c
pbc485577c5edfa70ca27e149096630fb,c0dfcf23e6610dd9ef6092e4cfedd7c07
pbc485577c5edfa70ca27e149096630fb,cc2f493254b06a46832e043f236296ad3
pbc485577c5edfa70ca27e149096630fb,c2b7074e8ec6efcee895356f6b68c07c3
p5f2f78ba40164e61685cd13d3c9e9dd2,c684e1388a91900480c702ac5b8f6b4d8
p5f2f78ba40164e61685cd13d3c9e9dd2,c2ccd67324f304ff3004872dddea9efa5
p5f2f78ba40164e61685cd13d3c9e9dd2,cf30162c724767cbe2f1df3c1805fa7a6
p5f2f78ba40164e61685cd13d3c9e9dd2,c1ff6a759d7130d4ba70b86427db7eeb5
p930f06d4d2b883e7688594813c2d0899,cad6e7652b1bdfb38783486c2c3d5e806
p930f06d4d2b883e7688594813c2d0899,c7af17d92a087795e9d952fe34a6938ad
p930f06d4d2b883e7688594813c2d0899,cbc83e5040eb0fecf47cfacaa19297b4b
p64030e3cfa9eb2ee00892685aec7db5a,c39629fd04651ccd980a12031e92a4bbf
p64030e3cfa9eb2ee00892685aec7db5a,cf7a79d843979506c3115592869a24c7b
p64030e3cfa9eb2ee00892685aec7db5a,cd43e4f06a56ce0918ace437dc42ec644
p1fa3018b702fe01fc695827e419fc79a,c60e46aeaed758964902dd7ae99858f03
pf517e97a45cca28f3568c1c92dea9848,c63f69c7f958795918b41fbcd71a8c811
pd38c000bb1ef14f55ae2912ab51a6a77,c23571ec4e4e9cfe2c73e864577334cb6
p0a5ff8d9c6806ed54d7d2ab26d6638a6,c08781b29d5ac13d64089d3da1902d0cd
pe61481383c869c48b83610ed24fd78ea,cd41142bc02387f74ecbd1b7ac93ad012
p55de52e82b5142a970c6a71e99d51725,c5ae7fb3197b6fd8c723c7766a5680e2e
p741b03e8601045f190fb9646550d008d,cd41142bc02387f74ecbd1b7ac93ad012
p142f08c14410609d8e03f795693608c6,cb30436827c2552cd1ee923f9f418b6db
pa937af9a87257aacf486441edce9c93a,c77631ca4f0e08419b70726a447333ab6
pbf38e55cdb9270aa6a64356dec3b1a01,c4daec7a09fb01f7b04a05d66aa77a5b1
pbf38e55cdb9270aa6a64356dec3b1a01,ce445d2a2bca5c18d252e5853e18cb4bb
pbf38e55cdb9270aa6a64356dec3b1a01,c3f5a69faf0367be56dfb23b17ae736a6
pe9c596d6334e4762fd9b7dcd2f770ab6,c6aec1991f208e2948db5e4eee6e1ccff
p4ab4ab740f3cac92c5584948f378dd5a,c482be0da5798aaaecbf7416714e6607f
p249f6040cbedfe190c031ca6db34392c,c34e633286f328ad3f46b23198305d9a6
pf6232c5832ca52b197521837252d673b,c77631ca4f0e08419b70726a447333ab6
p838664c848491fdf3157fe7f16219172,c17ee5091e2882281768588bd8d31f1c5
p838664c848491fdf3157fe7f16219172,c1ac7af4ca6cf6bc5928d4a4cd5f9906d
p838664c848491fdf3157fe7f16219172,cf0536f1feb6bb83794e57f295bc46d5b
p838664c848491fdf3157fe7f16219172,cfa3a3b83563c04ff418feebf10a76b07
p72d4084ecba7d616b975a652bf1649dd,c06c2cea18679d64399783748fa367bdd
p72d4084ecba7d616b975a652bf1649dd,c68b2a124d6d55cb7f0c1b975d6f0358a
p72d4084ecba7d616b975a652bf1649dd,c66a57c0cae3b0ba62d3e9bde452cae3c
pe088e77ad89f7442d55114674f45dd01,ca1c4eb450799cb3f30c400d0201414e7
p6df288f4bfac56056b51d7ab34c41fd4,cfa40492c98522d40fec1549ac202e6b4
p6df288f4bfac56056b51d7ab34c41fd4,cbf05fbc5c7ef42b537a76cea71ba1b1e
p6df288f4bfac56056b51d7ab34c41fd4,c14e089a2fa94f989ba9fbcc85fab6ef1
p6df288f4bfac56056b51d7ab34c41fd4,c1115b855bb2a508bc2ca0609cc2d0f65
p6df288f4bfac56056b51d7ab34c41fd4,cf6db6e62bd4eb32c1c211436b01cf418
p6df288f4bfac56056b51d7ab34c41fd4,cbaff1569b35a20197b79dc6a220fa718
p6df288f4bfac56056b51d7ab34c41fd4,c2f3546bc78d7c25c47cf4c24ca91e839
p6df288f4bfac56056b51d7ab34c41fd4,c46072a4bf5b6b069cfa94afe7f31466b
p17f85b42ea03eed2ba276865f3d70a5f,c77631ca4f0e08419b70726a447333ab6
p1ea8a5ba43390f8603085fdacdf9f46f,c0fa26a6fb9f472cefd76bcb92da7d900
p1dec1079c25bd8d5c81f9bb7dd993c58,c77631ca4f0e08419b70726a447333ab6
pd5bd330cf443f280c8ba035b476cc6b5,c6174aa05a743b38bde99ee381a15af49
pa1d57ef8bcf25a79d7ae7716d82a49c7,c92407e45ae4237459d858111c834af0d
pfb12c5d78efb728994c44c66599d8785,cdae52b80711ee1029c7006f95018d300
p7fd7de20d7deea5c84cc2f888cb4aef7,c12a100cc4f2abcdb9b7f8fe0260c2e85
p7fd7de20d7deea5c84cc2f888cb4aef7,c4422885624f2acbbf91b5b2ea6d8c8a7
p7fd7de20d7deea5c84cc2f888cb4aef7,c8a22f9513513c8d33d21d055c01174eb
p7fd7de20d7deea5c84cc2f888cb4aef7,c6a2135d5464cee106e38c62a4796af07
pb94fe2fe333c6211f54fe35f0e7f2f72,c7af17d92a087795e9d952fe34a6938ad
p664178fad4df09f622e95b479564ea1e,cbe7938e9a87618a98a7b6b47e12aa44b
p316b723ce2523cadf6009194482655a0,c5ae7fb3197b6fd8c723c7766a5680e2e
pf0b0b591da4329f0ce4923cf8191b7fb,c77631ca4f0e08419b70726a447333ab6
pe20000a5291f4128cbf617fa34d5dabc,ce353dbe42c8654f33588d4da0b517469
pe20000a5291f4128cbf617fa34d5dabc,c6bff18384c86302924dc53ce5595a5ee
pe20000a5291f4128cbf617fa34d5dabc,cad2ee48af836d71513e02e3b82b34e48
p1b1be56c3c15e3e022186c653d17a147,ca4704fd35f0308287f2937ba3eccf5fe
p1b1be56c3c15e3e022186c653d17a147,cc8205c7636e728d448c2774e6a4a944b
p82062cb443c93da25879046e460a2bc9,c47cb06083e87503762f6746725117a3c
pf52b36cd33540d1139e3bb4deb5d5dbd,c77631ca4f0e08419b70726a447333ab6
pf52b36cd33540d1139e3bb4deb5d5dbd,c3b261136e3c33f35e0a58611b1f344cb
pf52b36cd33540d1139e3bb4deb5d5dbd,cc81722c15756b5cf88ee71c25461da25
pa5bde65067ff9eb16fab181b5c0aebf4,c60e46aeaed758964902dd7ae99858f03
p62dadae12340f5e1fd15d1b15d19f36b,c526d688f37a86d3c3f27d0c5016eb71d
p62dadae12340f5e1fd15d1b15d19f36b,c181900dad960beccb34f53c4e0ff4647
p62dadae12340f5e1fd15d1b15d19f36b,c35bf1210e6727959a7a88a00462db959
p0115785e1e7cbd2b2753a508bc4f4cbc,cfb5c73c55e51fbf6c7414e2ce27d2be8
p0115785e1e7cbd2b2753a508bc4f4cbc,c35907f30c65713ac842ded6d5c0f543b
p0115785e1e7cbd2b2753a508bc4f4cbc,c36f51bf2ef5047875efb8f34f2f57767
p0115785e1e7cbd2b2753a508bc4f4cbc,c41ef49078c1c8dc34ee426ee656bb677
p0115785e1e7cbd2b2753a508bc4f4cbc,c890c36e3efb1975fb41bbf4d9fcd5d1e
p0115785e1e7cbd2b2753a508bc4f4cbc,c8e4e7738c52cc95331f7d8c728329b2b
p0115785e1e7cbd2b2753a508bc4f4cbc,cbf447bac7956fbdd4b5119d0319ddc89
p2ed375dfbb2feb2471df74d3a9ca7191,cd7ae479ff5c8d498350c95ae1c565c1c
pca8102b6585c00c0a9759648ac2fa0e5,c526d688f37a86d3c3f27d0c5016eb71d
pca8102b6585c00c0a9759648ac2fa0e5,c181900dad960beccb34f53c4e0ff4647
pca8102b6585c00c0a9759648ac2fa0e5,c35bf1210e6727959a7a88a00462db959
p4f861d7aa5d251708e64dca397f09101,cf027f27d0d548351e4d362e9b90678a9
pd43e28dcd9adbe7bbaead43ac94dbab3,c77631ca4f0e08419b70726a447333ab6
pc24f9224cda9ec2e0b4e2a095269236e,ca4704fd35f0308287f2937ba3eccf5fe
p97b24e70cb79d4cb19766aa7edda3b35,c39e61d57e9209611edd4f884e9e47c11
p97b24e70cb79d4cb19766aa7edda3b35,cf30b7f25f10afc8546d3b1cef55f1f05
pfd269d1922da07cb7b08b53cd13cc1b1,c54b732228878ec3e097a36ae8dc181de
pfd269d1922da07cb7b08b53cd13cc1b1,c238c950eda9ee28cd6f591690c2ddff7
pfd269d1922da07cb7b08b53cd13cc1b1,c4022a3dd243f4703f6dbb0ef707ced86
pfd269d1922da07cb7b08b53cd13cc1b1,c52f45bb353e527887c5bda8d2e6c643a
pfd269d1922da07cb7b08b53cd13cc1b1,c497b552208953fb1ac10bc5b0e758a05
p7179f47027a3fa90ea284b0f086a6dd6,cd7a84a9fb236df685f29540da550488c
p40b112a224581a9de5a1feda6a13dd1f,c9eb2206572395fd9054d5af1a58aa8c2
p74e53162f0f44d89191dfb482b3b7ee9,cabeb70a29c50c4a14906ecbc7ccecd5c
pc8b8adad067b859617d77922d5286d32,cdeb10517653c255364175796ace3553f
pba3db14cb86b72fe192bdb31fc41fb91,c77631ca4f0e08419b70726a447333ab6
pd86b4629161b0778380f5795d8c50891,cbf23abfe9877eb82f5075f71d62521f4
pd86b4629161b0778380f5795d8c50891,cef6903c31ade2d7dae888e292bd01dc5
pd86b4629161b0778380f5795d8c50891,c129c06e33e77e76d34c8f1e3b9ee7fa2
pd86b4629161b0778380f5795d8c50891,ccbfd699f7340be18861285fe75944ae2
pd86b4629161b0778380f5795d8c50891,c3b9a584b356d1598f30aee24e65a77c6
p6e125c40a5676306b3115ae50f6565d1,caa015f12f13825d65f5567adceb48e23
p119eceaf0ab30302d861b8ab437afb69,c409ac3d4c1bc0daea43e1243a0f8d72a
p4263d657cc5d03322b3c89bb4d5147d3,c7acdf85c69cc3c5305456a293524386e
p4263d657cc5d03322b3c89bb4d5147d3,c25d72fc2c168b79ae5327878e134e6cc
p5dc3f171140b4c8f81cb297a9de03887,ca4704fd35f0308287f2937ba3eccf5fe
p5dc3f171140b4c8f81cb297a9de03887,c68bf367e228f45ba83cb8831a5ee6447
p5dc3f171140b4c8f81cb297a9de03887,cf37841a7e1bfab948e2a23801abb74f4
p50e9e7229240987da67f5d7b9d4a94ae,cfab2ca63bc2bb8234344f48fdc09fb73
p50e9e7229240987da67f5d7b9d4a94ae,cdd361a7f6f7f53f3a8cc0b0714851a9c
p50e9e7229240987da67f5d7b9d4a94ae,cf182d894dd2d3643d24d162224f98954
p6d2fe8a3b09134de0dc714919b02eb78,c3b8b51872ff9b3b1ccaca1cfd05dc5a8
p0ebb220dbe83d21713f04f0315213002,ce31725a448ba1895e7127bc521cf1b7c
p0ebb220dbe83d21713f04f0315213002,c76985b5f17d4d403056c401b42b574c7
p0ebb220dbe83d21713f04f0315213002,c55e0f95c408704e23aba73552a80a0e0
p0ebb220dbe83d21713f04f0315213002,cea38af9d8f5daa196756b3aee44a4b90
p0ebb220dbe83d21713f04f0315213002,c9139ec6f0890e320c49fb778a7a2e3b5
p0ebb220dbe83d21713f04f0315213002,c8b433670258f79578f9a4e5ea388b007
p792c738ce085a380b9e395a151df2b47,c04c81988284bc694da6823f06a1efe3c
p792c738ce085a380b9e395a151df2b47,c4f60fc8321ae62f18d0ceb5bb83e3134
p792c738ce085a380b9e395a151df2b47,cbd5d60fa9c1c9affa5e74009a2ff1cdf
p792c738ce085a380b9e395a151df2b47,c29ea801293c80c9ee84a3f791c38bbed
p792c738ce085a380b9e395a151df2b47,cb0c2cdd24b0c99e04042a7fed8048fb4
p792c738ce085a380b9e395a151df2b47,c9988268d9a381c2b26c69404c808029a
p792c738ce085a380b9e395a151df2b47,c3fcdb73d36d54f2cc22d0f68e6b6e182
p792c738ce085a380b9e395a151df2b47,c07414f4e15ca943e6cde032dec85d92f
p792c738ce085a380b9e395a151df2b47,c0ccb15982d80545f3e2c70bcecaa6268
p792c738ce085a380b9e395a151df2b47,c00eb4e2b7a34102f79a6b2cfec658fa3
pd2bcf8ce33958ca4bd0970b8c0e2e89f,ca4704fd35f0308287f2937ba3eccf5fe
pd2bcf8ce33958ca4bd0970b8c0e2e89f,c82a5a033308a9c1f7c15a0fa069b326d
pd2bcf8ce33958ca4bd0970b8c0e2e89f,c3e43207685247008d9e1ae53ecf8cab3
p483809364408e0bad2daab243c282385,cba552a4dbbeb2b0b831131f962beadbe
p483809364408e0bad2daab243c282385,c7d83cd4f668659b67a018711ff1e389f
p483809364408e0bad2daab243c282385,c38cddfe562b9373d575716a93d7a437d
p483809364408e0bad2daab243c282385,cc7b397c9e0ba75d93d4e5624b313edc2
p483809364408e0bad2daab243c282385,cbcb749f2b759716baa0d620e25a71233
p483809364408e0bad2daab243c282385,cdef1f459c7f12f8493d1eabd3475a03b
p483809364408e0bad2daab243c282385,cc0e1b190e48c30399f33e18a76020c83
p483809364408e0bad2daab243c282385,c44635f1e5556173d8d519de0fd91e9b5
p483809364408e0bad2daab243c282385,cbd119bd97f6fd76dd2ee5d4f45ece5ce
p483809364408e0bad2daab243c282385,ce7e22d60472a02f38a5c6e78e2f49597
p483809364408e0bad2daab243c282385,ccf582b370b3e4ac6fa75abf776f81299
p483809364408e0bad2daab243c282385,c25972e9e56d442215eef637107cecc04
p483809364408e0bad2daab243c282385,cb98cc3127286687ab9fdb852bb27464f
p5dcbfef36898bfaa37c5312b22e2a226,cd4408643ccbd7e83d0c54f42e405d618
p5dcbfef36898bfaa37c5312b22e2a226,cf9b5dde8ad312d6f38f7e9f8fef69ceb
p5dcbfef36898bfaa37c5312b22e2a226,c81f643ba95561df6c5b86cfcb8672c6e
p310517751efceb596283dbcc162353b2,c8e439b045313b69faecb269e0aecdba4
p310517751efceb596283dbcc162353b2,cb56d60f702c5872d425163459092ac76
peee80c0c5b565a44cc41c20886ffc319,ce31725a448ba1895e7127bc521cf1b7c
peee80c0c5b565a44cc41c20886ffc319,c76985b5f17d4d403056c401b42b574c7
peee80c0c5b565a44cc41c20886ffc319,c98e3909efb203f8857f07050d1636099
peee80c0c5b565a44cc41c20886ffc319,c55e0f95c408704e23aba73552a80a0e0
peee80c0c5b565a44cc41c20886ffc319,cea38af9d8f5daa196756b3aee44a4b90
peee80c0c5b565a44cc41c20886ffc319,c8b433670258f79578f9a4e5ea388b007
p52c8a003cbaae7a75b84dd52f0340af1,c02099cf71d3740983ff4a06ae2bb1e8f
p52c8a003cbaae7a75b84dd52f0340af1,c754cf3061c4096be0f3ac491d1a84556
p52c8a003cbaae7a75b84dd52f0340af1,c1048e6c879a540c5f273b90c8f563e5e
pb89051a07960258bffa28be7b6a2c26b,c05d38cdaf997a2ce5616956a27bc3532
pb89051a07960258bffa28be7b6a2c26b,ca0d9c281caf1eec6fab8c47a19a0bd56
pb89051a07960258bffa28be7b6a2c26b,cd9e0c4a811fd860b65b26ac9d698d2f4
pb89051a07960258bffa28be7b6a2c26b,ce9509cc0fe8da32e7edfa95751efbf00
pb89051a07960258bffa28be7b6a2c26b,c73a6a553fd8c616be53e8c1094f06e8f
pb89051a07960258bffa28be7b6a2c26b,c3d755e69c0e91bd66a202560b31519f7
pb89051a07960258bffa28be7b6a2c26b,c048f9147461279a94a8b2da858faabdc
p1c06f2113b50e34832859151c35d1f4c,cd840538de0ba0c58268e54a9a49f29ab
p1c06f2113b50e34832859151c35d1f4c,c9f81a90c36dd3c60ff06f3c800ae4c1b
pf9ee1bd3573ef81d74c977a3b55be1fc,c77631ca4f0e08419b70726a447333ab6
pafbc8de9b58be26d81a4a959de3b126f,c77631ca4f0e08419b70726a447333ab6
p8fa02427acdfdedede3d7c8ed8eeec1e,cf027f27d0d548351e4d362e9b90678a9
p8fa02427acdfdedede3d7c8ed8eeec1e,c4d9ba0c70be930cc598307b366390e84
p8fa02427acdfdedede3d7c8ed8eeec1e,cad1ec60c9e1f10f6a9f5d9f2c5254bc6
p3d9ade84d1ded39385bd53f5cc44e9c8,cdeeb7e0be411606b140609d057d46ef7
p3d9ade84d1ded39385bd53f5cc44e9c8,c2c271d464e37e9050198520140c51f13
p3d9ade84d1ded39385bd53f5cc44e9c8,c100f3a7162afe77d15e47c854f76d16e
p3d9ade84d1ded39385bd53f5cc44e9c8,ca5440d27c27e81bbf506815064e72140
p3d9ade84d1ded39385bd53f5cc44e9c8,c294387ed996ae8b600218ced96e27ef9
p6fb232f60da94389490c3514bec4b7fb,ccb778f6a85bda3a947f42f9be101de7f
p6fb232f60da94389490c3514bec4b7fb,cf495858b04a4f7541ea00dbf76b21a44
p6fb232f60da94389490c3514bec4b7fb,c61637ca5a9433f510ca3bfd3df0fc1af
p6fb232f60da94389490c3514bec4b7fb,c237e109f7f352def1e0bcf79d7f3166b
p0d1c2f3157fde4d8aa38998a1030cd92,ca4704fd35f0308287f2937ba3eccf5fe
p6797ce656d25a38fcd5c2197c0ed6775,ca4704fd35f0308287f2937ba3eccf5fe
pd8d8b7338e4775fb67ebd606451dbcbb,c77631ca4f0e08419b70726a447333ab6
p7fbdfe5e1b4d9254b6c3fded4645407c,ceec89088ee408b80387155272b113256
p3ba15a8e436f6f334dfac65b2fcbbb10,c86182ff7d41e86dd1b8dcad016f9745c
p3ba15a8e436f6f334dfac65b2fcbbb10,cc80289f897c8bcab06741d24f124789d
p3ba15a8e436f6f334dfac65b2fcbbb10,ccf91513c6fc63cebe4b63a6647238d6d
p3ba15a8e436f6f334dfac65b2fcbbb10,c139f94487df3a8e1aaad8c882afc4d86
p3ba15a8e436f6f334dfac65b2fcbbb10,c820b8f74ad843d1574106ec4cadfc07e
p3ba15a8e436f6f334dfac65b2fcbbb10,cfaeaec9eda6bc4c8cb6e1a9156a858be
p43d053373a5dfde6b1d471924b8dfb41,ce498749f3c42246d50b15c81c101d988
p5ba56bc11eb1280aaa876b0cae4dff0f,c8c16cbebef45d87fd2b36ce69f46c526
pe7e182ca4290457bfe717e5432c87745,c3c7eff05bd006aea6789b2c4be628e16
pc77750dee95a6ef34580a91461571252,c77631ca4f0e08419b70726a447333ab6
p4ad3bfc7b525ec864ec00de02c4fa0ff,c77631ca4f0e08419b70726a447333ab6
p5b29268e2791b02ee3e24693758fa937,c98402eecfbcefc336954458a01752131
p219a38820b880604b41cb119d53a9955,ca4704fd35f0308287f2937ba3eccf5fe
p219a38820b880604b41cb119d53a9955,c47c954121886a5e5aaca7eece461b56f
p27eba4eb1a5381974199686bacc08f03,c827faff1bdcfe446237c4d6289abce66
pac016df8214b89b8dd27a1e9447e5d48,cdba67f782cad6c19eebd142260eaa45e
p469ae8456731a9b7772d8fbf1c5d66fd,c0407c27180c9b019e644e8ad4c6a9324
pea2e45ef5ddedb39e7b7c899d3f93f88,c71dd8f124b12f77064dcbe7a0ade4603
p5b5281c5d75629e01a72373058d31ffb,ca4704fd35f0308287f2937ba3eccf5fe
p7fd83f4abbc7e9ca0b33fbf2423bb5b1,cb0dc88654cd6203e0f231a91abd0957a
p7fd83f4abbc7e9ca0b33fbf2423bb5b1,cd9cdb0f6e0d556347c10a8695545a4b5
p7fd83f4abbc7e9ca0b33fbf2423bb5b1,c9406e3c325bfc9873426e5eda4ba6e18
p9da2a806b78c6e7349d58fa46e35f5c5,cbcd80cbd55bc0c6746243521652957e5
p9da2a806b78c6e7349d58fa46e35f5c5,cd511f8439ecde36647437fbba67a4394
p9da2a806b78c6e7349d58fa46e35f5c5,cf027f27d0d548351e4d362e9b90678a9
p63b9fd8d450939f6beaa25e12c7a70e0,cd7a84a9fb236df685f29540da550488c
p63b9fd8d450939f6beaa25e12c7a70e0,c599dcce2998a6b40b1e38e8c6006cb0a
pa58e35912386df1a918e4ff03b95ddc8,c7bfcadb5535fe8aad5032762b7bfe159
pa58e35912386df1a918e4ff03b95ddc8,c0b8f72a708c45bec67d179aa70f80b12
pa58e35912386df1a918e4ff03b95ddc8,c14173606d14e8b9401137f5260df7b8e
pa15888115b2b7cf9ca5298baf03bbae3,c76f2137fb040f36d9b09138ac661d197
pa15888115b2b7cf9ca5298baf03bbae3,c478ee064a0bd0de1e233c2a0ff8392bb
pa15888115b2b7cf9ca5298baf03bbae3,ccf99b004882416051d1dc8dbb153f3a4
pa15888115b2b7cf9ca5298baf03bbae3,c8b0b895ee9317666251c1d0aa6920371
pe7bd7e0483179c506a6f806b33a0bdb1,c849b8b7e7f97df0d7b6e618812ab5c01
p8c275a38daa20e67ebb515249f040f77,ca4704fd35f0308287f2937ba3eccf5fe
p8c275a38daa20e67ebb515249f040f77,caace978a48dc5135f2285f25db31588d
p8c275a38daa20e67ebb515249f040f77,c6f6738ae46ebf7d1ec0db110caa7e82f
p37480fa8f63de1105635772edd24b133,c6a7cf7b219e39486a697e672c6705649
pb6f80bbfad7f51be04f7d276934bdf1a,c58589b952d118b97c4a28cb05c8b07c9
pa319d35abae9d06734a299ab4311f09e,c7507fff756c88a08e7017d88c8cca0e3
p5485535b0f09c6fb11189ef759c7ab09,ca4704fd35f0308287f2937ba3eccf5fe
p5485535b0f09c6fb11189ef759c7ab09,cd8dbcb7f98b38c5c9f9a0ad33e94ec2a
p25e7dba2195d72448c9dce9dfb9cf148,cf53df0293e169f562bc1d9a20e1d2589
p25e7dba2195d72448c9dce9dfb9cf148,c3e43207685247008d9e1ae53ecf8cab3
p66abcba8809907640e20f139b770f6ab,ca4704fd35f0308287f2937ba3eccf5fe
p082d9c16aa53ae767ab8acf66088a648,cc6e190b284633c48e39e55049da3cce8
pa842c85a37332a9a778f2b37420840e2,ca4704fd35f0308287f2937ba3eccf5fe
pa842c85a37332a9a778f2b37420840e2,c311ba248903382fd1eee8670472d3f39
pa842c85a37332a9a778f2b37420840e2,cbfd98a1c139575bdddbc2788476a5f4e
pacd618d995a8fbed5083345bb1c885de,ca4704fd35f0308287f2937ba3eccf5fe
p04d9cceac53dd38116972c6781a5ce6e,ca4704fd35f0308287f2937ba3eccf5fe
p247875b1ed2a442def2aa00ce5e19b83,ca4704fd35f0308287f2937ba3eccf5fe
p247875b1ed2a442def2aa00ce5e19b83,c6a382f5bfa3db109c81ec4adbf70ff26
p247875b1ed2a442def2aa00ce5e19b83,cac51deb7d2c3f9663a6df72c7c9b2b51
p86fc356820dee8d7aa71600334f098c3,c6a7cf7b219e39486a697e672c6705649
pa8aa209142b9b8a270fe2c303fd5cb33,cfc07bd5d8d8da59664ddd993ac505fd8
pa8aa209142b9b8a270fe2c303fd5cb33,c19c41821711efe2b7a1bf0c06fa52e37
pa8aa209142b9b8a270fe2c303fd5cb33,c43dd3553595ca1c1d35a104af0e9bb2b
pa8aa209142b9b8a270fe2c303fd5cb33,cda4eda226fe9dfa4648bc6e00fb7e049
pca89997900154ec5730ce461f8b318b1,c0945359809dad1fbf3dea1c95a0da951
p83c8a6b6c71225d45693596d600f22dd,ca4704fd35f0308287f2937ba3eccf5fe
p83c8a6b6c71225d45693596d600f22dd,c78463a384a5aa4fad5fa73e2f506ecfc
p74d47bc5f3980c7013caf590b2e1ef80,ccf5f3091e30dee6597885d8c0e0c357f
p4b15b73d153ad5a0660e42893dc869f6,ca4704fd35f0308287f2937ba3eccf5fe
pecb21c0f6558414b3d642e79f883515b,ca4704fd35f0308287f2937ba3eccf5fe
pecb21c0f6558414b3d642e79f883515b,cdb6a8ad72071656ae9b918ba17d364ce
p0ba13a483d1319b4517831f119498b1e,c27226c864bac7454a8504f8edb15d95b
p0ba13a483d1319b4517831f119498b1e,cea15ec34010ea265607a85ab3411f23f
p0ba13a483d1319b4517831f119498b1e,cbf160e3c8b10d8e9490be88e8f8c8c3c
p74c4360248bd49195f1464a8da537560,cc7405a1122097c4f200d1fbbd63d7a12
p74c4360248bd49195f1464a8da537560,ca60d8e3fd890558fb50b0bab994259a8
p5af8690d51153aadd09cb15cfc12c7c6,c13d1e675170a975de68c9eb4f381daf4
pf19fdeef2720a457fd4b2632c4c07d82,c2fb9d2117d6859403f0c0006311570e6
pf19fdeef2720a457fd4b2632c4c07d82,c6e4e50e38fdf94b800891c532bf2f5e7
pf19fdeef2720a457fd4b2632c4c07d82,cf24143226c79ef2fa5b3c3c9714ec30f
pf19fdeef2720a457fd4b2632c4c07d82,c2e948be4202c8cea8f3f6885c4c65af5
pf19fdeef2720a457fd4b2632c4c07d82,c881e6af3600429a20e0cef557f112330
p2f2891719186c758e0bbc18dfa3e3fe7,c5ae7fb3197b6fd8c723c7766a5680e2e
p2f2891719186c758e0bbc18dfa3e3fe7,c7fb55ed0b7a30342ba6da306428cae04
p7ae64fe519afedcd20cb17cfe975725b,caada29daee1d64ed0fe907043855cb7e
pc40290e314e1f6cbfcb237dd900d5f6e,ca4704fd35f0308287f2937ba3eccf5fe
pc40290e314e1f6cbfcb237dd900d5f6e,cf5a7924e621e84c9280a9a27e1bcb7f6
pc40290e314e1f6cbfcb237dd900d5f6e,ce7c770a61dbdf81ca922ae0260e327c1
pad8dfdb10b17e37c5780842ee254ed09,ca4704fd35f0308287f2937ba3eccf5fe
pad8dfdb10b17e37c5780842ee254ed09,cc6e190b284633c48e39e55049da3cce8
p0c8252f2228afc7d0067a32f46bea80b,caada29daee1d64ed0fe907043855cb7e
p9b6e9dfff1f7bfc636737c139464cd31,c1e984dbe12c8a779526c498701b8bc73
p9b6e9dfff1f7bfc636737c139464cd31,cf5a7924e621e84c9280a9a27e1bcb7f6
p9b6e9dfff1f7bfc636737c139464cd31,ce7c770a61dbdf81ca922ae0260e327c1
pf4ed12116981d26139eaae4cdd83face,c98ded198ba3a0a30e7cc64e4a6a93f45
pb0b7efc8852e92d70d126988b0a83f14,cd52387880e1ea22817a72d3759213819
p3a47b8e350bb87c5763fad7f10abbcf5,c77631ca4f0e08419b70726a447333ab6
p3a47b8e350bb87c5763fad7f10abbcf5,c36d4e7e1bfd840adcaede22706f227f9
p2c67c704dfc1cec47c03af16c618e73c,cc05f6c233521207f6fe311afef550c3c
p5b128c84272f1cd0c8bc795c11b8117d,cf4342eb0fe4c4e6dd4582ef1609a7d9e
p46a61cac99bed83b5981a03f3131ac04,c719d067b229178f03bcfa1da4ac4dede
p5a02dc25fc7d646a6188ca3598ecfb04,c7e4ce1356f821a69c661efc5d4d55ff1
pd803526945f1df3f24d1da7ac7a3bc09,c77631ca4f0e08419b70726a447333ab6
pf3bf0e9a0df250ce51991258a3a3d34f,c112a8fc8c98b9205ba9645b34fdd585b
pf3bf0e9a0df250ce51991258a3a3d34f,c741d639e02fc9b2ceb617195aa5bf807
pf3bf0e9a0df250ce51991258a3a3d34f,cd24391e1290c805f4cffb7a1bfacc0f1
pf3bf0e9a0df250ce51991258a3a3d34f,cca9518d4f61268b7ba55ca6a45a94314
pc21c55b46994e6c42bbc55472e8fa323,c8c16cbebef45d87fd2b36ce69f46c526
p784dfcf5a3672ed97f28f46520cca380,ce9ac3bc2a0628bfda97fae487c1299e3
p784dfcf5a3672ed97f28f46520cca380,c9de6f31bff1bdcca867398862eaa6cb5
p784dfcf5a3672ed97f28f46520cca380,c2c637271ff5f7c804b822a227e5f0a03
p784dfcf5a3672ed97f28f46520cca380,cea1c3f4bbaa11d70dbfc11172b0bfac4
p784dfcf5a3672ed97f28f46520cca380,c42a71b0821f506d59d912b2366b83a3d
pfafcada60a7ada2d5d8d19e4acddcceb,cc43e0fd449c758dab8f891d8e19eb1a9
pe03d73bdd2f33c02fead8fc0b1f561be,c77631ca4f0e08419b70726a447333ab6
pe03d73bdd2f33c02fead8fc0b1f561be,cf2b0c941386d021c0b41e97811517411
pe03d73bdd2f33c02fead8fc0b1f561be,ce684d8eeee72ed2583865b78e8d3f57a
p41dae0c06e69dda9b8ec47429fd19b21,ca4704fd35f0308287f2937ba3eccf5fe
p41eb74d102512cb6d0cbe9a0a1245cc7,c77631ca4f0e08419b70726a447333ab6
p52fad568f4700ec500b1fb6b7d23cf05,c772997cbe58510d375972e962e3a73b9
p1cf8c4a390a15d85dba1f54499e48b39,cfb2fef94c00a0db48c6130676ae4cccb
p1cf8c4a390a15d85dba1f54499e48b39,c14cd1b3c0308ddcb40be06b4c8d44b9b
p1cf8c4a390a15d85dba1f54499e48b39,c2c6cb0c82ce8ec43ec9467cd456c0854
p1cf8c4a390a15d85dba1f54499e48b39,cc249a07bfb704ff8b8dff1fd7238afa7
p1cf8c4a390a15d85dba1f54499e48b39,cabc1acdc335769ab4d6788e120ceab14
p1cf8c4a390a15d85dba1f54499e48b39,c9e083ec666c9f3db044bb7c381640227
p1cf8c4a390a15d85dba1f54499e48b39,c768db0c0fba3c72a9886b833efe822ce
pd50dd7c6a45065a8e7e51017f7b86284,c385457b7901f3825b2daeb04bd439371
pd50dd7c6a45065a8e7e51017f7b86284,c827ebdf1a7bb5a5085da7c8e516180b7
pd50dd7c6a45065a8e7e51017f7b86284,c4a5865ff3a4d42f88a7c9e8c4f185cb2
pe353dbe42c8654f33588d4da0b517469,c9e727fdd3aec8274f46685441900280d
pef2390466b9461bc724d371aa30dc5a4,cad1ec60c9e1f10f6a9f5d9f2c5254bc6
pef2390466b9461bc724d371aa30dc5a4,c4b1b4dc8cf38b3c64b1d657da8f5ac8c
p1078f79af9fd893fa39a4041162a9a87,c679fe1db8dc7308e44404587d0348c5e
p1078f79af9fd893fa39a4041162a9a87,caf043b3e36cc35fcf2585d5807c84f8d
p1078f79af9fd893fa39a4041162a9a87,c27fc02b9d66824e1d0bcf42d2498d66d
p1078f79af9fd893fa39a4041162a9a87,c3a07d25f287c23c8d1b3d92c51e88c42
p1078f79af9fd893fa39a4041162a9a87,c6385ac3e72c5d55a0646cf09737c0f78
p1078f79af9fd893fa39a4041162a9a87,c1687c69f08b3e621f7d122eeeda0e163
p1078f79af9fd893fa39a4041162a9a87,c32707275e50c0b0e8dcc15b91df14252
p3d7f098ad0db2808f341e501f4b5d7a7,c77631ca4f0e08419b70726a447333ab6
pabf8aee7c5a05958f8a7c6cad3833543,c77631ca4f0e08419b70726a447333ab6
pef5997d213275220f4f777a2f7120bb0,c77631ca4f0e08419b70726a447333ab6
pef5997d213275220f4f777a2f7120bb0,c1d17cb9923b99f823da9f5a16dc460e5
pef5997d213275220f4f777a2f7120bb0,c13ad5ac690e735fa48cf982532174e79
pef5171558f55550fed46b33c2bf1ce4e,c77631ca4f0e08419b70726a447333ab6
pef5171558f55550fed46b33c2bf1ce4e,c0035c3a4fba659233a189e32e1849421
pef5171558f55550fed46b33c2bf1ce4e,ce684d8eeee72ed2583865b78e8d3f57a
pe0b4a55b518ac911212b273274701474,c77631ca4f0e08419b70726a447333ab6
p8d7a970a4bb2771ce11039ffc50d7116,ce24fb50834dea64ead60f369b915b115
p8d7a970a4bb2771ce11039ffc50d7116,ce31389247e6fba036ed851f7f76ebb95
p8d7a970a4bb2771ce11039ffc50d7116,c188572eb6116fb52c0d764907c3cf706
p873d71e2c6b0fc6724e0b69ee5edf86e,ca4704fd35f0308287f2937ba3eccf5fe
pf4fed2394f893e24fbc459e55a15b76b,c1b6fa9d2e0d8dde3cf63338c4f1f15af
pf4fed2394f893e24fbc459e55a15b76b,c99442e94b8aedfaff00e0752719ee7b9
pf4fed2394f893e24fbc459e55a15b76b,ce6f43c40ab1c07cd29e4e83e4ef6bf85
p2e680bcaad9408e138661b50a58d15c9,ceec89088ee408b80387155272b113256
p2e680bcaad9408e138661b50a58d15c9,c571094bb27864b600d8e6b561a137a55
p2e680bcaad9408e138661b50a58d15c9,cc2ba7e785c49050f48da9aacc45c2b85
p0d0aec771cc8161ca36cccc591b40bac,c39e61d57e9209611edd4f884e9e47c11
p0d0aec771cc8161ca36cccc591b40bac,cdefe967ad0373b2274fc298f19125ca7
p0d0aec771cc8161ca36cccc591b40bac,cb1897515d548a960afe49ecf66a29021
peec93ddb4b91dbef7c3b035dd3b41216,c69f61539de3ecb8f598a0ad9c44dfdf0
peec93ddb4b91dbef7c3b035dd3b41216,cadf49721995729f290413492eb9fcf17
peec93ddb4b91dbef7c3b035dd3b41216,c6d0b41ebe45d2b9c0879ee4b8029e977
peec93ddb4b91dbef7c3b035dd3b41216,c79d894520f4f94c267986a819e110bec
peec93ddb4b91dbef7c3b035dd3b41216,cad3c2140e71bbf498d69f027ede1ae53
p6f77903997ed71a7772c0e4c736b81cc,c719d067b229178f03bcfa1da4ac4dede
p088585d73ca0a14f8c5aba1cbbce84c8,ca4704fd35f0308287f2937ba3eccf5fe
p61f87d5dea7eac32273438d88ecf67ad,ca4704fd35f0308287f2937ba3eccf5fe
p77ca4003ce6ce493d12fe9bc6371db81,ce7a731a6342f126055b89b80d800a180
p77ca4003ce6ce493d12fe9bc6371db81,cce898d62ed9ca7653a01fe0c781e97e9
p77ca4003ce6ce493d12fe9bc6371db81,ceec89088ee408b80387155272b113256
pf1fb811076efc34389f8b17218351927,c2e54a377e035864c5547eae0e9fd6d69
pf1fb811076efc34389f8b17218351927,cbf3e7940cbc74b4f3bc0cefcd6e6db29
pbd5711dc8a79b5e204763790feac74e3,c7abd34bfc43fa99318fc251241bfd533
p86af477fb4fd6fbf4cad5eb8a86141c0,cefe3fbcf2e1bfee0958b8159700898fe
p86af477fb4fd6fbf4cad5eb8a86141c0,cd0f7423e6e494bbabdbd1039696d474a
p86af477fb4fd6fbf4cad5eb8a86141c0,c0677d9e36a08bf93c28637ec268439d9
p30200851262fb469356786ac19deddde,c31c3f8d8e54f0cb53af18294578bb402
pb2e5e8963483789d0d3447817c184894,c9664362669c41a4d08ca107308abce7e
pb2e5e8963483789d0d3447817c184894,c677fe7c173832549a8e815c68e44f005
pb2e5e8963483789d0d3447817c184894,c5c1981a33ea26a564e43c2f57063c34d
pb2e5e8963483789d0d3447817c184894,cb4ebf5348aa4dc6e94fa8554feaf54b9
p8064ea9122a099f087e005899a7f8f59,ca4704fd35f0308287f2937ba3eccf5fe
p9dc39786f5014b9aa385ed766f8c1cbd,ce1faba7ac7607fae397536ecbb04ab7f
p9dc39786f5014b9aa385ed766f8c1cbd,cf5a7924e621e84c9280a9a27e1bcb7f6
p9dc39786f5014b9aa385ed766f8c1cbd,ce7c770a61dbdf81ca922ae0260e327c1
p05593f9ad6167f30958475828a75bc3f,c7df03dec0845db7d2b8df32c4d3532cb
pf7c63826d9dfacc260f9182e88201c4f,c7af17d92a087795e9d952fe34a6938ad
pee690a68145ada3cf685a1392004c25e,c352d3d3073e63298985a372a66c9a17b
pee690a68145ada3cf685a1392004c25e,c49ed0edcf9f33d5a7715dafd7ee4f110
pee690a68145ada3cf685a1392004c25e,cd168d06d2a59a22cf14b3c25bc5e138b
pee690a68145ada3cf685a1392004c25e,c4f18c580a342691f7765322523db9725
pee690a68145ada3cf685a1392004c25e,cb6f2340425975045fd7fa5785300d128
pee690a68145ada3cf685a1392004c25e,c278691dee9f7469c9fa4cede2e6a6db8
pee690a68145ada3cf685a1392004c25e,c7de59f9502124cb37ab1572ac2086a62
p62d87bc8bc9aedf0c37f978ff3500a46,cd18239c0adfecd4d9ff434c472d0f2d1
p4ea7117772f29b3895443a316f2f2d9e,c4f1f6016fc9f3f2353c0cc7c67b292bd
p4ea7117772f29b3895443a316f2f2d9e,c8b18d9845744f050df7223e98dda8694
p4ea7117772f29b3895443a316f2f2d9e,c8af0f5c3edad8d8e158ff27b9f03afac
pe19b2aab3c7f0eaf5adeee7b9c536b31,ca82be0f551b8708bc08eb33cd9ded0cf
p078026d46e70d1ceb4e4570495dce2bc,cad1c9cd3e7b07e2c364c985f73188054
p790e29d24b4f01dfd3bb546742bb5892,c77631ca4f0e08419b70726a447333ab6
p628efba0d3c6d63e33b8f5d5bc374721,c77631ca4f0e08419b70726a447333ab6
p628efba0d3c6d63e33b8f5d5bc374721,c5cf73e808193af68b60d465bf312e789
pec4f4caac129b22dfad363abb3f4b479,c3a69b34ce86dacb205936a8094f6c743
pe353dbe42c8654f33588d4da0b517469,c976eb90218b820708560f82a78330906
pe353dbe42c8654f33588d4da0b517469,c30263f19b11c5e40f1968bde2b1f3a7d
pe353dbe42c8654f33588d4da0b517469,c48fda680184a95a3f20e845765ac7d34
pe353dbe42c8654f33588d4da0b517469,cfd9160bbd656f75ab74e8935e4330d9e
pe353dbe42c8654f33588d4da0b517469,cef5714e0519bfaa645cdff7d28843b70
pe353dbe42c8654f33588d4da0b517469,cd4cb82d6bcc79fabb8ed8987bfa6f81f
pdf0ae5083ddeb0f215e94a314ee58b3c,c0daa797f165f322a7b565284e630a112
pdf0ae5083ddeb0f215e94a314ee58b3c,cc1bb19b27818343c1926119b958741b5
pdf0ae5083ddeb0f215e94a314ee58b3c,c181900dad960beccb34f53c4e0ff4647
p243454b3336339203dee00d15a0ba5e3,c77631ca4f0e08419b70726a447333ab6
p13ee26a8902fe2f47f8642412ebe6291,c77631ca4f0e08419b70726a447333ab6
p48983c0d72a9fcc9cad583d43ea104c2,c7f80fcc452c2f1ed2bb51b39d0864df1
pf393de4617f50d65c6abd1f1e232bb6a,c929f47df8202b445a47ebd49d74555b0
pfc74dc584da8f51254ef2b7fc993d4ef,c035b9ae578574cdf728d8760483d8041
pfc74dc584da8f51254ef2b7fc993d4ef,c4b088aaa68446b6ec08cdc385d03516d
pfc74dc584da8f51254ef2b7fc993d4ef,c9b6545e4cea9b4ad4979d41bb9170e2b
p4e6b6ce9ebdb6e57e122f54a56a40b1b,c3b8b51872ff9b3b1ccaca1cfd05dc5a8
pa5349f59e5b740f9f4ab7e78df15c9ed,ca4704fd35f0308287f2937ba3eccf5fe
pad6df4817832a5b425832d66c8b0bed2,c5ae7fb3197b6fd8c723c7766a5680e2e
pacf3e71a3c0e57d3803eb65d556331ac,ca35fe3d318170ac24df492117a49017d
pacf3e71a3c0e57d3803eb65d556331ac,c97c648ff3b7b2a9994ab1953471c44cd
pacf3e71a3c0e57d3803eb65d556331ac,c8aa7aa4b7523b2d52d2126c9622301c8
pacf3e71a3c0e57d3803eb65d556331ac,c4ec453aea8de21482cfc6033d4e43d1c
pa43fa17e417eada33dd95c1441c5cf15,cae463354ebc0558fb54e219af68e9285
p8386d254e63366e8775785f2ece66fee,c666df2f48cd16f38212c093999248769
p8386d254e63366e8775785f2ece66fee,ca4704fd35f0308287f2937ba3eccf5fe
p8386d254e63366e8775785f2ece66fee,c647acfc77eba36776fb2c61bce27d3db
p17d1013bb750d8375be2cfd00d9187df,c77631ca4f0e08419b70726a447333ab6
p17d1013bb750d8375be2cfd00d9187df,cc8205c7636e728d448c2774e6a4a944b
pc929f612e3d1cc73b1a72235d9f17e5b,c2840fec0f5af9432dd0084c3c4968f93
pc929f612e3d1cc73b1a72235d9f17e5b,c35ba1271dff4019593d3034c929e1bbc
pc929f612e3d1cc73b1a72235d9f17e5b,ca1595abbb4c3a326636dd178757cd6c1
p5d3bd73bc0df0862e645b05ed5be52da,ca4704fd35f0308287f2937ba3eccf5fe
p5d3bd73bc0df0862e645b05ed5be52da,c8337107bdc8203958177f55a772628e4
p5d3bd73bc0df0862e645b05ed5be52da,ca6156ea9d66fef24e87e841fbabf7cca
p463570cb39329095b26ed67d18df3b2a,ca9d093d11bc6e98b0c8e586ffa545c85
p463570cb39329095b26ed67d18df3b2a,c973969af72d3b5094d5b1598949375e4
p463570cb39329095b26ed67d18df3b2a,c7c3745ec54e369b544124097facefff6
pa44febc1bfad22492f219c6b3e4d5b21,ca4704fd35f0308287f2937ba3eccf5fe
pf482ee73dc4a34d1b89a4bb180fa3796,c47c954121886a5e5aaca7eece461b56f
pf482ee73dc4a34d1b89a4bb180fa3796,c8af0f5c3edad8d8e158ff27b9f03afac
p61786610c5f9e35eca1e4619a5e61e8a,c1e984dbe12c8a779526c498701b8bc73
p979c640328d9d68f57883e4f24bf0b08,ca4704fd35f0308287f2937ba3eccf5fe
p88e7df888bf388a6165b76fae2b15acb,c8321e79c278ec510f63675c040594892
p88e7df888bf388a6165b76fae2b15acb,c749fdba01abafc382d2b7aa92e2ab362
p8268b2113ba4c6611bec1cf94550d8e2,c7337ac12346a3c0bc1100db0190ed4e0
p8268b2113ba4c6611bec1cf94550d8e2,cc64854b8ad94bb2282787671f5823884
p8268b2113ba4c6611bec1cf94550d8e2,c8404326fd7445743e7c494e67a73918f
p8268b2113ba4c6611bec1cf94550d8e2,c15fc3950b7c08c0b533f05a119795393
p8268b2113ba4c6611bec1cf94550d8e2,c19f5b5f8d4c69554cd6e413a8c75c400
p8268b2113ba4c6611bec1cf94550d8e2,cc931a246221c1a2c667d6eea5057b7b4
p8268b2113ba4c6611bec1cf94550d8e2,c3b505cda175723d20f39c89999aecc58
p8268b2113ba4c6611bec1cf94550d8e2,c591c7beb4b6efacaf5b585c0f4d044bf
p8268b2113ba4c6611bec1cf94550d8e2,c83bf1836b7adb9e6813c36e85e5d679c
p8268b2113ba4c6611bec1cf94550d8e2,c89a20772081f83e19bd7bec91c76930e
p8268b2113ba4c6611bec1cf94550d8e2,c42468fff3367236f279ab49efaa4b373
p8268b2113ba4c6611bec1cf94550d8e2,cca888a1cda5fd87b2d8576e56cba7078
p8268b2113ba4c6611bec1cf94550d8e2,c153f4d652e9a21c037987813a6c06114
p8268b2113ba4c6611bec1cf94550d8e2,c15a2314bb7d630f609a155a71a463b02
p75e9609ac2f3564683f32319687bfaea,c1d0b6fa182e92badda18a8304e0d4898
p75e9609ac2f3564683f32319687bfaea,caa88aa63ad8e03ef0d9896f8ec5bbbdb
p75e9609ac2f3564683f32319687bfaea,c896642ac66c150856207cd7e88b73053
p75e9609ac2f3564683f32319687bfaea,cea4e456f6285a309720b5fa97760d1a9
p75e9609ac2f3564683f32319687bfaea,c01a59ca536902086580fc4819d51885b
pd40f3e8bda79faa15739a02082a59022,c392257c4628a5b47dfef533b8a6877d8
p7883e19131e64f39e7f4dc72ef4f7b94,c08781b29d5ac13d64089d3da1902d0cd
p7883e19131e64f39e7f4dc72ef4f7b94,c93b35952d0f7a6db338dc3cbc4e43df7
p49f172c261815e3a80af39d164623dd0,c25d72fc2c168b79ae5327878e134e6cc
p49f172c261815e3a80af39d164623dd0,cc21f94bde3dcc2354b4d64b92d82b5c9
p49f172c261815e3a80af39d164623dd0,c2a5a93caf31cbc3e2b9073d7e7c7dd70
p3e5372b926c2415d4d34b1b22057c5f0,cbf9d32d3cc41bf01e0f0bc85d609dade
p3e5372b926c2415d4d34b1b22057c5f0,cc7c43169d10d56a585753d4d09ba1c57
p3e5372b926c2415d4d34b1b22057c5f0,cffc9fa97a70ec8b71434d626c28beb47
p3e5372b926c2415d4d34b1b22057c5f0,cb49a3835e0687eaaa4ce1549db02f3fc
p3e5372b926c2415d4d34b1b22057c5f0,c4f95f374922d78911391f6461a8d09ec
pe220a34ce628deeac7619d92955ab365,cad1ec60c9e1f10f6a9f5d9f2c5254bc6
pe220a34ce628deeac7619d92955ab365,c4b1b4dc8cf38b3c64b1d657da8f5ac8c
p6940d82b4be41974cb0f04010d18a0f9,c5772f5928c9d3f31259d15041bfe260f
p6940d82b4be41974cb0f04010d18a0f9,c25d72fc2c168b79ae5327878e134e6cc
p79109fe2be6bf68a6dd805be00edf523,cad1ec60c9e1f10f6a9f5d9f2c5254bc6
p79109fe2be6bf68a6dd805be00edf523,c4b1b4dc8cf38b3c64b1d657da8f5ac8c
p0f691a0e63d01b7ad2bc757812bd8056,caab3e987d991f9ee2900b36c558976ae
p0f691a0e63d01b7ad2bc757812bd8056,cbd121fd3ad809145d1d952047724d5cc
p0f691a0e63d01b7ad2bc757812bd8056,c0aa7882985f1d530a3db95cb2d8455e1
p0f691a0e63d01b7ad2bc757812bd8056,c754ff513a30f8d989e2c6771ec2ed372
p0f691a0e63d01b7ad2bc757812bd8056,cb41686011921c3074615375952344e24
p19e6284e1de6f2ea78b05dd144c7bb65,ced6d15b92bd6240f3ae0e0e24a8018e2
p19e6284e1de6f2ea78b05dd144c7bb65,c04ef847b5e35b165c190ced9d91f65da
p19e6284e1de6f2ea78b05dd144c7bb65,ca08248e2cb40a60980ed03befc65a4b2
p19e6284e1de6f2ea78b05dd144c7bb65,c3a55a45f914091ce5cbcb6468372daac
p3ee135b5a92a2f7b7227fa0a3e639df5,cc1937b687795ce80be0ecf20e1811441
pf0a30a682fcd1ab1eee88cb4491dc292,c7f827addd8c6fc72616e58fe54deabe1
pf0a30a682fcd1ab1eee88cb4491dc292,cc1f458d128be89ecb3b6bb24894c5091
pf0a30a682fcd1ab1eee88cb4491dc292,c14cb15de6a83a097211451842edf00a7
pf0a30a682fcd1ab1eee88cb4491dc292,cf59aa9e1e920c95453dbe3cf2723141a
pf0a30a682fcd1ab1eee88cb4491dc292,c853064ee51c3b069145f9b5077bfd666
p6c138566e61a68dc4e008885857c256e,cc91c7b93c28cd18741b71f727ee81ee3
p6c138566e61a68dc4e008885857c256e,c21dba34d74f8b1cb8d42e34579c40946
p6c138566e61a68dc4e008885857c256e,c6d69689d0056a27bce65398abc70297a
p2fe98dfdec397faef31307e1f1a83bf4,c98a2bc79c11d0cbb19f99b2b8c70e6e3
p3eb31428dcd6d2ab358376c6be9ee187,cab0268fb8036a892dc341945cb7ae3be
p3eb31428dcd6d2ab358376c6be9ee187,c1afa74da05ca145d3418aad9af510109
p9823ff9132b81fb876e808ae6f9b8d7d,c77631ca4f0e08419b70726a447333ab6
p6a63edf103f609fe64fd52a8fd461f83,c1c501f65a338df42b5f259b7d0903373
p6a63edf103f609fe64fd52a8fd461f83,c2c271d464e37e9050198520140c51f13
p6a63edf103f609fe64fd52a8fd461f83,cec5f1891686a823626ebdc03b2e383e5
p6a63edf103f609fe64fd52a8fd461f83,cfd8de7497d583bb475bd609c9a090bbb
p6a63edf103f609fe64fd52a8fd461f83,cff8d78c9961feaf6e85f08a69d015fa4
p6a63edf103f609fe64fd52a8fd461f83,c773617d9381c8e97dbf389c722e6d611
p6a63edf103f609fe64fd52a8fd461f83,c8a4d6dec35ad6f01d54531c509cf7d37
p6a63edf103f609fe64fd52a8fd461f83,c496842a8f16b369df5ba6adef65820d5
p69f570f184db63de4b2c7b2bb3328e42,c35f35fe579c03a9a6a217efff2494bb4
p69f570f184db63de4b2c7b2bb3328e42,c1f851d666792e09d379f7f8540bc1979
pc5f9c9ddc6317739400257b71935201f,c695c6ae413c00446733d926ccadefd8b
p5df3d29154a26c2b3de0627bde035043,c77631ca4f0e08419b70726a447333ab6
p1791300c534dd18408bc6a398677dd8a,c60e46aeaed758964902dd7ae99858f03
p1791300c534dd18408bc6a398677dd8a,c3426cf4e0ad8dc61c85e9b3889759f57
p1791300c534dd18408bc6a398677dd8a,cdbc205f6dd6973a3ef44c30b5002ae19
p302f5ca72d98caa667167a8db988d7ac,cc98c19727b6a8b8fcf6b4bf5ded39488
p302f5ca72d98caa667167a8db988d7ac,c764fd5d670efad5df78ba037a30163b1
p302f5ca72d98caa667167a8db988d7ac,c4d03353afa32134be7efa2cf8f033596
p302f5ca72d98caa667167a8db988d7ac,ce4227b19551cae408584134e730e0a23
p302f5ca72d98caa667167a8db988d7ac,c71d6f8677fb4f8a10740c0ad4d6bbfe8
p10de1c5a732236b1eadad4d6c64699ac,c77631ca4f0e08419b70726a447333ab6
p4e384f3c046d4221938dd560a5d3babf,c9139ec6f0890e320c49fb778a7a2e3b5
p4e384f3c046d4221938dd560a5d3babf,cc8205c7636e728d448c2774e6a4a944b
p4e384f3c046d4221938dd560a5d3babf,c07c4a06beb2a3f641984efaa290577e8
p4e384f3c046d4221938dd560a5d3babf,c76aabf8a4fadd6c106bf57a896a57df9
